ID,Prix,Quantite,Remise,CA_Brut,CA_Net,TVA
101,124.9,8,25.0,999.2,749.4,149.88
102,89.29,18,10.0,1607.22,1446.5,289.3
103,146.41,15,5.0,2196.15,2086.34,417.27
104,421.82,18,25.0,7592.76,5694.57,1138.91
105,392.92,20,15.0,7858.4,6679.64,1335.93
106,290.62,12,20.0,3487.44,2789.95,557.99
107,484.58,15,5.0,7268.7,6905.26,1381.05
108,333.76,11,15.0,3671.36,3120.66,624.13
109,231.94,17,5.0,3942.98,3745.83,749.17
110,325.47,8,20.0,2603.76,2083.01,416.6
111,327.44,7,25.0,2292.08,1719.06,343.81
112,195.36,5,25.0,976.8,732.6,146.52
113,255.59,4,10.0,1022.36,920.12,184.02
114,328.97,6,5.0,1973.82,1875.13,375.03
115,454.44,3,20.0,1363.32,1090.66,218.13
116,286.63,2,25.0,573.26,429.94,85.99
117,207.26,11,10.0,2279.86,2051.87,410.37
118,466.61,19,25.0,8865.59,6649.19,1329.84
119,94.05,7,20.0,658.35,526.68,105.34
120,103.96,7,15.0,727.72,618.56,123.71
121,444.35,7,20.0,3110.45,2488.36,497.67
122,53.31,12,10.0,639.72,575.75,115.15
123,291.23,6,20.0,1747.38,1397.9,279.58
124,269.8,14,20.0,3777.2,3021.76,604.35
125,184.12,7,0.0,1288.84,1288.84,257.77
126,26.67,6,0.0,160.02,160.02,32.0
127,247.65,8,0.0,1981.2,1981.2,396.24
128,267.05,6,20.0,1602.3,1281.84,256.37
129,7.49,1,15.0,7.49,6.37,1.27
130,292.83,2,5.0,585.66,556.38,111.28
131,203.75,9,15.0,1833.75,1558.69,311.74
132,377.35,9,0.0,3396.15,3396.15,679.23
133,420.79,6,10.0,2524.74,2272.27,454.45
134,380.47,7,0.0,2663.29,2663.29,532.66
135,362.8,9,5.0,3265.2,3101.94,620.39
136,264.22,19,10.0,5020.18,4518.16,903.63
137,482.22,8,0.0,3857.76,3857.76,771.55
138,40.93,19,5.0,777.67,738.79,147.76
139,217.87,4,0.0,871.48,871.48,174.3
140,272.16,2,15.0,544.32,462.67,92.53
141,380.02,10,5.0,3800.2,3610.19,722.04
142,46.18,18,10.0,831.24,748.12,149.62
143,403.71,13,20.0,5248.23,4198.58,839.72
144,420.66,19,25.0,7992.54,5994.41,1198.88
145,128.98,20,5.0,2579.6,2450.62,490.12
146,336.44,4,15.0,1345.76,1143.9,228.78
147,282.53,17,10.0,4803.01,4322.71,864.54
148,344.83,14,15.0,4827.62,4103.48,820.7
149,151.75,12,20.0,1821.0,1456.8,291.36
150,309.18,13,15.0,4019.34,3416.44,683.29
151,47.37,10,20.0,473.7,378.96,75.79
152,417.99,3,10.0,1253.97,1128.57,225.71
153,466.89,2,0.0,933.78,933.78,186.76
154,404.7,8,10.0,3237.6,2913.84,582.77
155,39.53,6,25.0,237.18,177.88,35.58
156,211.22,18,10.0,3801.96,3421.76,684.35
157,67.09,9,0.0,603.81,603.81,120.76
158,43.47,1,5.0,43.47,41.3,8.26
159,189.97,20,15.0,3799.4,3229.49,645.9
160,414.33,19,15.0,7872.27,6691.43,1338.29
161,320.47,6,5.0,1922.82,1826.68,365.34
162,251.49,17,5.0,4275.33,4061.56,812.31
163,180.08,19,25.0,3421.52,2566.14,513.23
164,144.96,13,5.0,1884.48,1790.26,358.05
165,453.59,18,25.0,8164.62,6123.47,1224.69
166,100.57,18,5.0,1810.26,1719.75,343.95
167,66.43,2,25.0,132.86,99.65,19.93
168,429.58,10,0.0,4295.8,4295.8,859.16
169,251.81,10,10.0,2518.1,2266.29,453.26
170,186.34,6,5.0,1118.04,1062.14,212.43
171,382.75,7,15.0,2679.25,2277.36,455.47
172,419.59,2,5.0,839.18,797.22,159.44
173,147.27,9,20.0,1325.43,1060.34,212.07
174,245.71,1,10.0,245.71,221.14,44.23
175,284.83,12,25.0,3417.96,2563.47,512.69
176,381.95,11,0.0,4201.45,4201.45,840.29
177,160.33,4,10.0,641.32,577.19,115.44
178,171.95,18,25.0,3095.1,2321.32,464.26
179,328.71,8,20.0,2629.68,2103.74,420.75
180,204.1,7,25.0,1428.7,1071.53,214.31
181,62.94,11,10.0,692.34,623.11,124.62
182,320.59,14,25.0,4488.26,3366.19,673.24
183,90.43,3,0.0,271.29,271.29,54.26
184,379.92,13,0.0,4938.96,4938.96,987.79
185,169.68,9,10.0,1527.12,1374.41,274.88
186,67.46,4,15.0,269.84,229.36,45.87
187,364.8,19,0.0,6931.2,6931.2,1386.24
188,468.45,14,15.0,6558.3,5574.56,1114.91
189,24.55,12,10.0,294.6,265.14,53.03
190,58.26,17,0.0,990.42,990.42,198.08
191,343.15,12,25.0,4117.8,3088.35,617.67
192,64.08,20,25.0,1281.6,961.2,192.24
193,280.97,1,20.0,280.97,224.78,44.96
194,283.83,8,5.0,2270.64,2157.11,431.42
195,324.06,12,20.0,3888.72,3110.98,622.2
196,324.17,7,10.0,2269.19,2042.27,408.45
197,241.96,17,15.0,4113.32,3496.32,699.26
198,487.89,10,25.0,4878.9,3659.17,731.84
199,489.98,14,20.0,6859.72,5487.78,1097.56
200,38.17,13,15.0,496.21,421.78,84.36
201,390.76,3,5.0,1172.28,1113.67,222.73
202,103.28,16,10.0,1652.48,1487.23,297.45
203,211.34,5,5.0,1056.7,1003.87,200.77
204,346.24,14,10.0,4847.36,4362.62,872.52
205,386.08,16,15.0,6177.28,5250.69,1050.14
206,381.63,3,10.0,1144.89,1030.4,206.08
207,107.66,6,10.0,645.96,581.36,116.27
208,474.92,6,5.0,2849.52,2707.04,541.41
209,449.91,9,25.0,4049.19,3036.89,607.38
210,234.34,11,20.0,2577.74,2062.19,412.44
211,33.46,2,20.0,66.92,53.54,10.71
212,218.42,2,15.0,436.84,371.31,74.26
213,382.73,19,10.0,7271.87,6544.68,1308.94
214,498.35,16,0.0,7973.6,7973.6,1594.72
215,297.35,20,20.0,5947.0,4757.6,951.52
216,384.54,1,10.0,384.54,346.09,69.22
217,187.92,1,15.0,187.92,159.73,31.95
218,119.37,16,10.0,1909.92,1718.93,343.79
219,102.9,5,25.0,514.5,385.88,77.18
220,382.8,18,5.0,6890.4,6545.88,1309.18
221,250.58,11,25.0,2756.38,2067.28,413.46
222,79.01,20,10.0,1580.2,1422.18,284.44
223,5.57,4,20.0,22.28,17.82,3.56
224,46.82,3,15.0,140.46,119.39,23.88
225,480.75,12,20.0,5769.0,4615.2,923.04
226,219.9,4,20.0,879.6,703.68,140.74
227,329.63,16,0.0,5274.08,5274.08,1054.82
228,362.47,5,10.0,1812.35,1631.12,326.22
229,238.54,16,5.0,3816.64,3625.81,725.16
230,181.41,9,25.0,1632.69,1224.52,244.9
231,256.18,19,15.0,4867.42,4137.31,827.46
232,298.3,19,10.0,5667.7,5100.93,1020.19
233,64.58,11,15.0,710.38,603.82,120.76
234,253.5,1,5.0,253.5,240.82,48.16
235,380.21,2,25.0,760.42,570.31,114.06
236,446.72,8,15.0,3573.76,3037.7,607.54
237,229.89,14,25.0,3218.46,2413.85,482.77
238,491.97,17,25.0,8363.49,6272.62,1254.52
239,319.98,3,15.0,959.94,815.95,163.19
240,188.76,15,10.0,2831.4,2548.26,509.65
241,404.75,15,0.0,6071.25,6071.25,1214.25
242,458.37,3,10.0,1375.11,1237.6,247.52
243,416.22,19,10.0,7908.18,7117.36,1423.47
244,298.94,10,5.0,2989.4,2839.93,567.99
245,109.39,4,25.0,437.56,328.17,65.63
246,151.9,5,25.0,759.5,569.62,113.93
247,383.42,15,5.0,5751.3,5463.73,1092.75
248,461.04,18,25.0,8298.72,6224.04,1244.81
249,358.68,3,10.0,1076.04,968.44,193.69
250,277.9,9,10.0,2501.1,2250.99,450.2
251,166.27,6,15.0,997.62,847.98,169.6
252,180.06,4,10.0,720.24,648.22,129.64
253,251.02,18,10.0,4518.36,4066.52,813.3
254,492.08,7,15.0,3444.56,2927.88,585.58
255,21.17,17,0.0,359.89,359.89,71.98
256,241.95,10,5.0,2419.5,2298.53,459.71
257,34.07,9,20.0,306.63,245.3,49.06
258,387.5,17,25.0,6587.5,4940.62,988.12
259,496.9,6,10.0,2981.4,2683.26,536.65
260,35.82,11,10.0,394.02,354.62,70.92
261,201.25,15,25.0,3018.75,2264.06,452.81
262,77.38,17,25.0,1315.46,986.6,197.32
263,434.15,9,10.0,3907.35,3516.61,703.32
264,88.27,7,20.0,617.89,494.31,98.86
265,20.78,12,0.0,249.36,249.36,49.87
266,75.86,3,25.0,227.58,170.69,34.14
267,449.27,1,10.0,449.27,404.34,80.87
268,414.26,9,5.0,3728.34,3541.92,708.38
269,157.2,9,15.0,1414.8,1202.58,240.52
270,311.09,19,5.0,5910.71,5615.17,1123.03
271,475.79,20,20.0,9515.8,7612.64,1522.53
272,8.89,7,20.0,62.23,49.78,9.96
273,228.92,18,15.0,4120.56,3502.48,700.5
274,20.33,10,15.0,203.3,172.8,34.56
275,95.91,15,5.0,1438.65,1366.72,273.34
276,152.99,20,15.0,3059.8,2600.83,520.17
277,268.63,15,25.0,4029.45,3022.09,604.42
278,17.0,14,10.0,238.0,214.2,42.84
279,125.03,17,15.0,2125.51,1806.68,361.34
280,374.99,19,25.0,7124.81,5343.61,1068.72
281,229.67,16,20.0,3674.72,2939.78,587.96
282,351.65,7,20.0,2461.55,1969.24,393.85
283,366.72,3,20.0,1100.16,880.13,176.03
284,355.32,12,15.0,4263.84,3624.26,724.85
285,237.79,8,10.0,1902.32,1712.09,342.42
286,453.67,20,20.0,9073.4,7258.72,1451.74
287,174.14,11,15.0,1915.54,1628.21,325.64
288,436.06,18,20.0,7849.08,6279.26,1255.85
289,401.25,18,5.0,7222.5,6861.38,1372.28
290,116.6,19,0.0,2215.4,2215.4,443.08
291,167.5,5,20.0,837.5,670.0,134.0
292,467.55,3,25.0,1402.65,1051.99,210.4
293,313.68,5,10.0,1568.4,1411.56,282.31
294,88.31,18,10.0,1589.58,1430.62,286.12
295,29.68,6,20.0,178.08,142.46,28.49
296,128.38,2,10.0,256.76,231.08,46.22
297,423.37,11,5.0,4657.07,4424.22,884.84
298,144.25,17,15.0,2452.25,2084.41,416.88
299,270.47,9,25.0,2434.23,1825.67,365.13
300,160.2,8,20.0,1281.6,1025.28,205.06
301,68.12,18,15.0,1226.16,1042.24,208.45
302,330.88,7,25.0,2316.16,1737.12,347.42
303,21.3,1,20.0,21.3,17.04,3.41
304,130.42,4,5.0,521.68,495.6,99.12
305,196.11,14,15.0,2745.54,2333.71,466.74
306,387.19,5,25.0,1935.95,1451.96,290.39
307,204.68,8,15.0,1637.44,1391.82,278.36
308,254.56,19,0.0,4836.64,4836.64,967.33
309,411.75,20,5.0,8235.0,7823.25,1564.65
310,484.72,4,5.0,1938.88,1841.94,368.39
311,368.53,3,0.0,1105.59,1105.59,221.12
312,380.95,11,25.0,4190.45,3142.84,628.57
313,288.34,7,10.0,2018.38,1816.54,363.31
314,120.43,17,5.0,2047.31,1944.94,388.99
315,483.41,11,20.0,5317.51,4254.01,850.8
316,41.38,6,25.0,248.28,186.21,37.24
317,249.95,4,25.0,999.8,749.85,149.97
318,362.61,6,10.0,2175.66,1958.09,391.62
319,402.72,3,5.0,1208.16,1147.75,229.55
320,423.74,1,5.0,423.74,402.55,80.51
321,271.48,9,10.0,2443.32,2198.99,439.8
322,469.82,19,5.0,8926.58,8480.25,1696.05
323,131.25,14,10.0,1837.5,1653.75,330.75
324,336.27,13,15.0,4371.51,3715.78,743.16
325,449.58,6,25.0,2697.48,2023.11,404.62
326,404.06,19,15.0,7677.14,6525.57,1305.11
327,371.04,13,15.0,4823.52,4099.99,820.0
328,389.34,8,10.0,3114.72,2803.25,560.65
329,147.12,1,20.0,147.12,117.7,23.54
330,278.94,14,10.0,3905.16,3514.64,702.93
331,59.53,19,10.0,1131.07,1017.96,203.59
332,441.66,8,10.0,3533.28,3179.95,635.99
333,193.84,16,0.0,3101.44,3101.44,620.29
334,5.95,13,25.0,77.35,58.01,11.6
335,57.67,20,15.0,1153.4,980.39,196.08
336,465.42,6,15.0,2792.52,2373.64,474.73
337,312.45,12,20.0,3749.4,2999.52,599.9
338,488.56,19,15.0,9282.64,7890.24,1578.05
339,429.01,1,15.0,429.01,364.66,72.93
340,347.19,1,25.0,347.19,260.39,52.08
341,246.94,13,0.0,3210.22,3210.22,642.04
342,284.84,4,15.0,1139.36,968.46,193.69
343,289.09,14,25.0,4047.26,3035.44,607.09
344,77.81,18,10.0,1400.58,1260.52,252.1
345,181.33,2,10.0,362.66,326.39,65.28
346,443.13,7,10.0,3101.91,2791.72,558.34
347,35.57,4,25.0,142.28,106.71,21.34
348,418.24,10,5.0,4182.4,3973.28,794.66
349,225.42,5,25.0,1127.1,845.32,169.06
350,389.82,15,25.0,5847.3,4385.48,877.1
351,423.23,9,20.0,3809.07,3047.26,609.45
352,247.19,15,0.0,3707.85,3707.85,741.57
353,185.02,11,10.0,2035.22,1831.7,366.34
354,330.66,15,25.0,4959.9,3719.93,743.99
355,293.35,16,15.0,4693.6,3989.56,797.91
356,101.03,12,15.0,1212.36,1030.51,206.1
357,113.1,5,5.0,565.5,537.23,107.45
358,475.15,7,25.0,3326.05,2494.54,498.91
359,114.11,3,5.0,342.33,325.21,65.04
360,247.8,8,25.0,1982.4,1486.8,297.36
361,361.37,13,15.0,4697.81,3993.14,798.63
362,106.78,17,20.0,1815.26,1452.21,290.44
363,146.58,11,5.0,1612.38,1531.76,306.35
364,224.87,11,25.0,2473.57,1855.18,371.04
365,265.07,19,20.0,5036.33,4029.06,805.81
366,198.89,14,5.0,2784.46,2645.24,529.05
367,373.23,14,20.0,5225.22,4180.18,836.04
368,378.09,6,20.0,2268.54,1814.83,362.97
369,462.28,16,25.0,7396.48,5547.36,1109.47
370,446.29,6,15.0,2677.74,2276.08,455.22
371,79.79,11,15.0,877.69,746.04,149.21
372,495.52,18,20.0,8919.36,7135.49,1427.1
373,265.92,12,15.0,3191.04,2712.38,542.48
374,265.69,2,25.0,531.38,398.53,79.71
375,367.67,15,10.0,5515.05,4963.55,992.71
376,7.84,19,5.0,148.96,141.51,28.3
377,163.06,5,15.0,815.3,693.0,138.6
378,447.54,16,0.0,7160.64,7160.64,1432.13
379,388.26,3,20.0,1164.78,931.82,186.36
380,75.91,10,25.0,759.1,569.32,113.86
381,81.04,1,10.0,81.04,72.94,14.59
382,48.89,17,15.0,831.13,706.46,141.29
383,359.85,15,25.0,5397.75,4048.31,809.66
384,259.15,19,5.0,4923.85,4677.66,935.53
385,411.91,4,5.0,1647.64,1565.26,313.05
386,456.43,12,10.0,5477.16,4929.44,985.89
387,225.66,19,0.0,4287.54,4287.54,857.51
388,333.19,18,20.0,5997.42,4797.94,959.59
389,484.23,15,10.0,7263.45,6537.11,1307.42
390,223.84,4,0.0,895.36,895.36,179.07
391,70.19,10,0.0,701.9,701.9,140.38
392,255.77,13,10.0,3325.01,2992.51,598.5
393,129.78,15,0.0,1946.7,1946.7,389.34
394,88.53,3,25.0,265.59,199.19,39.84
395,451.99,17,25.0,7683.83,5762.87,1152.57
396,208.07,16,15.0,3329.12,2829.75,565.95
397,63.82,5,20.0,319.1,255.28,51.06
398,323.85,2,0.0,647.7,647.7,129.54
399,64.98,18,25.0,1169.64,877.23,175.45
400,62.39,6,15.0,374.34,318.19,63.64
401,130.5,9,20.0,1174.5,939.6,187.92
402,324.96,10,10.0,3249.6,2924.64,584.93
403,75.41,9,5.0,678.69,644.76,128.95
404,359.51,12,0.0,4314.12,4314.12,862.82
405,332.43,3,5.0,997.29,947.43,189.49
406,426.49,2,15.0,852.98,725.03,145.01
407,399.86,5,20.0,1999.3,1599.44,319.89
408,284.98,7,0.0,1994.86,1994.86,398.97
409,314.88,11,0.0,3463.68,3463.68,692.74
410,376.5,14,10.0,5271.0,4743.9,948.78
411,476.04,9,0.0,4284.36,4284.36,856.87
412,406.0,18,20.0,7308.0,5846.4,1169.28
413,11.08,18,10.0,199.44,179.5,35.9
414,260.88,10,15.0,2608.8,2217.48,443.5
415,183.35,17,15.0,3116.95,2649.41,529.88
416,96.83,14,0.0,1355.62,1355.62,271.12
417,241.19,2,20.0,482.38,385.9,77.18
418,387.13,13,5.0,5032.69,4781.06,956.21
419,116.94,13,10.0,1520.22,1368.2,273.64
420,187.8,9,5.0,1690.2,1605.69,321.14
421,40.62,17,10.0,690.54,621.49,124.3
422,105.66,13,20.0,1373.58,1098.86,219.77
423,330.68,9,15.0,2976.12,2529.7,505.94
424,201.2,9,15.0,1810.8,1539.18,307.84
425,404.09,9,25.0,3636.81,2727.61,545.52
426,129.49,3,15.0,388.47,330.2,66.04
427,417.84,16,10.0,6685.44,6016.9,1203.38
428,187.52,7,0.0,1312.64,1312.64,262.53
429,111.7,9,20.0,1005.3,804.24,160.85
430,175.19,19,20.0,3328.61,2662.89,532.58
431,92.64,5,0.0,463.2,463.2,92.64
432,346.42,14,20.0,4849.88,3879.9,775.98
433,216.45,13,5.0,2813.85,2673.16,534.63
434,497.29,9,5.0,4475.61,4251.83,850.37
435,493.36,12,0.0,5920.32,5920.32,1184.06
436,446.52,17,25.0,7590.84,5693.13,1138.63
437,376.19,13,10.0,4890.47,4401.42,880.28
438,391.01,12,15.0,4692.12,3988.3,797.66
439,327.26,17,15.0,5563.42,4728.91,945.78
440,67.94,15,25.0,1019.1,764.32,152.86
441,179.2,13,20.0,2329.6,1863.68,372.74
442,444.7,8,25.0,3557.6,2668.2,533.64
443,287.1,9,20.0,2583.9,2067.12,413.42
444,218.74,4,20.0,874.96,699.97,139.99
445,313.23,18,15.0,5638.14,4792.42,958.48
446,360.8,20,25.0,7216.0,5412.0,1082.4
447,195.72,2,10.0,391.44,352.3,70.46
448,201.53,2,0.0,403.06,403.06,80.61
449,355.03,20,0.0,7100.6,7100.6,1420.12
450,37.96,1,20.0,37.96,30.37,6.07
451,130.97,12,25.0,1571.64,1178.73,235.75
452,473.7,18,15.0,8526.6,7247.61,1449.52
453,249.23,17,25.0,4236.91,3177.68,635.54
454,137.01,15,15.0,2055.15,1746.88,349.38
455,372.89,6,25.0,2237.34,1678.01,335.6
456,76.65,11,20.0,843.15,674.52,134.9
457,44.87,4,25.0,179.48,134.61,26.92
458,318.9,5,5.0,1594.5,1514.77,302.95
459,51.03,13,5.0,663.39,630.22,126.04
460,499.8,18,5.0,8996.4,8546.58,1709.32
461,458.7,5,0.0,2293.5,2293.5,458.7
462,125.82,8,10.0,1006.56,905.9,181.18
463,91.13,18,20.0,1640.34,1312.27,262.45
464,169.79,10,20.0,1697.9,1358.32,271.66
465,339.61,4,10.0,1358.44,1222.6,244.52
466,154.67,20,15.0,3093.4,2629.39,525.88
467,150.72,4,10.0,602.88,542.59,108.52
468,80.17,18,20.0,1443.06,1154.45,230.89
469,358.36,20,5.0,7167.2,6808.84,1361.77
470,128.05,4,5.0,512.2,486.59,97.32
471,171.93,10,10.0,1719.3,1547.37,309.47
472,183.31,8,0.0,1466.48,1466.48,293.3
473,299.59,8,10.0,2396.72,2157.05,431.41
474,446.69,20,15.0,8933.8,7593.73,1518.75
475,372.64,8,5.0,2981.12,2832.06,566.41
476,30.26,8,20.0,242.08,193.66,38.73
477,64.46,7,25.0,451.22,338.41,67.68
478,246.65,6,15.0,1479.9,1257.91,251.58
479,113.54,5,5.0,567.7,539.32,107.86
480,68.26,12,5.0,819.12,778.16,155.63
481,294.88,15,20.0,4423.2,3538.56,707.71
482,479.17,4,25.0,1916.68,1437.51,287.5
483,331.63,14,0.0,4642.82,4642.82,928.56
484,180.81,14,0.0,2531.34,2531.34,506.27
485,363.61,11,15.0,3999.71,3399.75,679.95
486,162.64,1,20.0,162.64,130.11,26.02
487,166.8,2,20.0,333.6,266.88,53.38
488,475.77,2,10.0,951.54,856.39,171.28
489,448.25,9,25.0,4034.25,3025.69,605.14
490,113.21,12,0.0,1358.52,1358.52,271.7
491,181.89,2,10.0,363.78,327.4,65.48
492,295.01,2,25.0,590.02,442.51,88.5
493,475.4,14,10.0,6655.6,5990.04,1198.01
494,307.77,11,20.0,3385.47,2708.38,541.68
495,79.09,9,5.0,711.81,676.22,135.24
496,174.92,8,25.0,1399.36,1049.52,209.9
497,398.78,8,25.0,3190.24,2392.68,478.54
498,349.9,11,5.0,3848.9,3656.45,731.29
499,371.42,15,5.0,5571.3,5292.73,1058.55
500,405.02,19,15.0,7695.38,6541.07,1308.21
501,165.35,11,20.0,1818.85,1455.08,291.02
502,302.12,4,10.0,1208.48,1087.63,217.53
503,202.75,4,15.0,811.0,689.35,137.87
504,205.1,1,5.0,205.1,194.84,38.97
505,180.96,5,10.0,904.8,814.32,162.86
506,417.94,20,0.0,8358.8,8358.8,1671.76
507,317.32,18,5.0,5711.76,5426.17,1085.23
508,485.03,13,0.0,6305.39,6305.39,1261.08
509,18.18,14,5.0,254.52,241.79,48.36
510,283.0,3,5.0,849.0,806.55,161.31
511,141.21,7,15.0,988.47,840.2,168.04
512,58.71,9,25.0,528.39,396.29,79.26
513,455.0,19,5.0,8645.0,8212.75,1642.55
514,27.87,18,0.0,501.66,501.66,100.33
515,169.39,20,20.0,3387.8,2710.24,542.05
516,418.54,19,25.0,7952.26,5964.19,1192.84
517,329.05,3,20.0,987.15,789.72,157.94
518,200.38,12,15.0,2404.56,2043.88,408.78
519,445.11,13,0.0,5786.43,5786.43,1157.29
520,471.36,8,5.0,3770.88,3582.34,716.47
521,266.34,5,15.0,1331.7,1131.94,226.39
522,183.68,10,25.0,1836.8,1377.6,275.52
523,24.14,14,10.0,337.96,304.16,60.83
524,275.62,2,15.0,551.24,468.55,93.71
525,349.29,6,5.0,2095.74,1990.95,398.19
526,9.02,7,15.0,63.14,53.67,10.73
527,75.78,12,5.0,909.36,863.89,172.78
528,111.57,7,0.0,780.99,780.99,156.2
529,349.28,20,5.0,6985.6,6636.32,1327.26
530,447.55,9,15.0,4027.95,3423.76,684.75
531,133.3,12,20.0,1599.6,1279.68,255.94
532,35.93,6,20.0,215.58,172.46,34.49
533,423.6,16,5.0,6777.6,6438.72,1287.74
534,377.02,6,25.0,2262.12,1696.59,339.32
535,168.05,1,20.0,168.05,134.44,26.89
536,89.21,18,0.0,1605.78,1605.78,321.16
537,18.19,11,10.0,200.09,180.08,36.02
538,326.2,16,10.0,5219.2,4697.28,939.46
539,155.82,1,20.0,155.82,124.66,24.93
540,463.57,6,25.0,2781.42,2086.07,417.21
541,371.2,19,5.0,7052.8,6700.16,1340.03
542,186.26,14,25.0,2607.64,1955.73,391.15
543,464.96,4,15.0,1859.84,1580.86,316.17
544,433.82,15,25.0,6507.3,4880.48,976.1
545,101.02,5,20.0,505.1,404.08,80.82
546,479.33,20,10.0,9586.6,8627.94,1725.59
547,482.6,6,10.0,2895.6,2606.04,521.21
548,294.57,15,25.0,4418.55,3313.91,662.78
549,93.09,10,15.0,930.9,791.27,158.25
550,175.47,19,20.0,3333.93,2667.14,533.43
551,97.47,7,10.0,682.29,614.06,122.81
552,216.56,5,15.0,1082.8,920.38,184.08
553,338.55,5,15.0,1692.75,1438.84,287.77
554,489.08,6,10.0,2934.48,2641.03,528.21
555,119.52,9,10.0,1075.68,968.11,193.62
556,324.26,6,10.0,1945.56,1751.0,350.2
557,102.86,15,15.0,1542.9,1311.47,262.29
558,196.56,2,0.0,393.12,393.12,78.62
559,342.35,13,10.0,4450.55,4005.5,801.1
560,229.43,11,5.0,2523.73,2397.54,479.51
561,292.73,3,0.0,878.19,878.19,175.64
562,181.09,11,10.0,1991.99,1792.79,358.56
563,223.1,8,5.0,1784.8,1695.56,339.11
564,151.08,17,5.0,2568.36,2439.94,487.99
565,133.19,13,25.0,1731.47,1298.6,259.72
566,39.79,8,10.0,318.32,286.49,57.3
567,478.79,4,15.0,1915.16,1627.89,325.58
568,194.7,18,5.0,3504.6,3329.37,665.87
569,218.04,10,5.0,2180.4,2071.38,414.28
570,202.01,5,20.0,1010.05,808.04,161.61
571,155.8,11,25.0,1713.8,1285.35,257.07
572,174.84,9,10.0,1573.56,1416.2,283.24
573,159.01,1,0.0,159.01,159.01,31.8
574,369.17,3,20.0,1107.51,886.01,177.2
575,413.76,15,10.0,6206.4,5585.76,1117.15
576,176.72,13,5.0,2297.36,2182.49,436.5
577,391.51,2,20.0,783.02,626.42,125.28
578,379.23,20,25.0,7584.6,5688.45,1137.69
579,200.77,6,0.0,1204.62,1204.62,240.92
580,66.41,7,5.0,464.87,441.63,88.33
581,408.14,20,10.0,8162.8,7346.52,1469.3
582,89.49,3,0.0,268.47,268.47,53.69
583,222.64,16,10.0,3562.24,3206.02,641.2
584,205.75,1,5.0,205.75,195.46,39.09
585,254.78,15,0.0,3821.7,3821.7,764.34
586,372.24,20,15.0,7444.8,6328.08,1265.62
587,369.66,4,15.0,1478.64,1256.84,251.37
588,7.99,2,25.0,15.98,11.98,2.4
589,240.47,20,25.0,4809.4,3607.05,721.41
590,75.1,16,20.0,1201.6,961.28,192.26
591,238.9,1,0.0,238.9,238.9,47.78
592,136.93,17,25.0,2327.81,1745.86,349.17
593,96.98,2,5.0,193.96,184.26,36.85
594,321.72,12,20.0,3860.64,3088.51,617.7
595,496.24,8,10.0,3969.92,3572.93,714.59
596,271.38,20,10.0,5427.6,4884.84,976.97
597,328.16,9,5.0,2953.44,2805.77,561.15
598,400.18,6,25.0,2401.08,1800.81,360.16
599,406.7,20,5.0,8134.0,7727.3,1545.46
600,167.78,10,15.0,1677.8,1426.13,285.23
601,260.68,5,5.0,1303.4,1238.23,247.65
602,318.25,6,10.0,1909.5,1718.55,343.71
603,472.35,10,10.0,4723.5,4251.15,850.23
604,459.19,5,5.0,2295.95,2181.15,436.23
605,251.77,5,0.0,1258.85,1258.85,251.77
606,418.64,10,20.0,4186.4,3349.12,669.82
607,303.69,13,0.0,3947.97,3947.97,789.59
608,136.4,19,25.0,2591.6,1943.7,388.74
609,433.47,2,5.0,866.94,823.59,164.72
610,215.83,9,25.0,1942.47,1456.85,291.37
611,145.79,9,20.0,1312.11,1049.69,209.94
612,180.93,14,10.0,2533.02,2279.72,455.94
613,6.79,17,10.0,115.43,103.89,20.78
614,100.15,15,15.0,1502.25,1276.91,255.38
615,344.7,7,15.0,2412.9,2050.97,410.19
616,188.05,6,5.0,1128.3,1071.89,214.38
617,144.19,12,25.0,1730.28,1297.71,259.54
618,395.34,1,15.0,395.34,336.04,67.21
619,370.93,19,25.0,7047.67,5285.75,1057.15
620,207.19,18,20.0,3729.42,2983.54,596.71
621,240.84,1,25.0,240.84,180.63,36.13
622,426.07,12,10.0,5112.84,4601.56,920.31
623,408.09,20,15.0,8161.8,6937.53,1387.51
624,448.46,12,5.0,5381.52,5112.44,1022.49
625,408.52,4,10.0,1634.08,1470.67,294.13
626,265.48,12,5.0,3185.76,3026.47,605.29
627,254.58,19,25.0,4837.02,3627.77,725.55
628,322.77,11,0.0,3550.47,3550.47,710.09
629,353.69,5,10.0,1768.45,1591.61,318.32
630,162.95,20,25.0,3259.0,2444.25,488.85
631,211.19,4,10.0,844.76,760.28,152.06
632,174.07,8,25.0,1392.56,1044.42,208.88
633,122.78,19,20.0,2332.82,1866.26,373.25
634,227.55,12,20.0,2730.6,2184.48,436.9
635,294.71,15,0.0,4420.65,4420.65,884.13
636,419.21,6,5.0,2515.26,2389.5,477.9
637,358.6,13,10.0,4661.8,4195.62,839.12
638,357.47,19,20.0,6791.93,5433.54,1086.71
639,245.68,4,0.0,982.72,982.72,196.54
640,159.88,12,20.0,1918.56,1534.85,306.97
641,398.6,1,25.0,398.6,298.95,59.79
642,246.63,2,5.0,493.26,468.6,93.72
643,395.34,7,10.0,2767.38,2490.64,498.13
644,497.22,16,15.0,7955.52,6762.19,1352.44
645,144.46,2,5.0,288.92,274.47,54.89
646,89.95,2,0.0,179.9,179.9,35.98
647,90.28,9,0.0,812.52,812.52,162.5
648,138.99,6,0.0,833.94,833.94,166.79
649,468.99,20,0.0,9379.8,9379.8,1875.96
650,251.14,14,20.0,3515.96,2812.77,562.55
651,258.15,8,5.0,2065.2,1961.94,392.39
652,273.34,2,5.0,546.68,519.35,103.87
653,25.3,14,20.0,354.2,283.36,56.67
654,266.89,17,5.0,4537.13,4310.27,862.05
655,55.13,1,0.0,55.13,55.13,11.03
656,312.47,9,15.0,2812.23,2390.4,478.08
657,207.75,13,10.0,2700.75,2430.68,486.14
658,205.69,16,15.0,3291.04,2797.38,559.48
659,383.88,13,0.0,4990.44,4990.44,998.09
660,492.48,6,0.0,2954.88,2954.88,590.98
661,131.34,15,20.0,1970.1,1576.08,315.22
662,266.0,4,20.0,1064.0,851.2,170.24
663,82.93,18,15.0,1492.74,1268.83,253.77
664,233.54,15,5.0,3503.1,3327.94,665.59
665,101.89,9,15.0,917.01,779.46,155.89
666,10.9,14,10.0,152.6,137.34,27.47
667,105.96,6,15.0,635.76,540.4,108.08
668,80.38,19,10.0,1527.22,1374.5,274.9
669,105.18,20,25.0,2103.6,1577.7,315.54
670,21.19,17,10.0,360.23,324.21,64.84
671,332.07,17,15.0,5645.19,4798.41,959.68
672,96.8,11,15.0,1064.8,905.08,181.02
673,248.89,6,25.0,1493.34,1120.0,224.0
674,22.66,18,0.0,407.88,407.88,81.58
675,143.43,9,10.0,1290.87,1161.78,232.36
676,59.47,2,15.0,118.94,101.1,20.22
677,491.29,3,10.0,1473.87,1326.48,265.3
678,125.86,5,25.0,629.3,471.97,94.39
679,43.16,15,0.0,647.4,647.4,129.48
680,392.23,10,10.0,3922.3,3530.07,706.01
681,223.88,4,25.0,895.52,671.64,134.33
682,293.83,17,10.0,4995.11,4495.6,899.12
683,288.29,2,25.0,576.58,432.44,86.49
684,115.91,6,0.0,695.46,695.46,139.09
685,206.9,14,0.0,2896.6,2896.6,579.32
686,385.29,20,10.0,7705.8,6935.22,1387.04
687,242.06,2,10.0,484.12,435.71,87.14
688,250.91,7,15.0,1756.37,1492.91,298.58
689,453.56,16,10.0,7256.96,6531.26,1306.25
690,201.81,17,25.0,3430.77,2573.08,514.62
691,480.94,6,5.0,2885.64,2741.36,548.27
692,362.13,2,20.0,724.26,579.41,115.88
693,63.69,8,0.0,509.52,509.52,101.9
694,429.6,20,20.0,8592.0,6873.6,1374.72
695,493.0,3,15.0,1479.0,1257.15,251.43
696,371.39,9,5.0,3342.51,3175.38,635.08
697,6.65,3,15.0,19.95,16.96,3.39
698,184.02,7,5.0,1288.14,1223.73,244.75
699,397.26,17,5.0,6753.42,6415.75,1283.15
700,356.96,9,10.0,3212.64,2891.38,578.28
701,20.42,12,15.0,245.04,208.28,41.66
702,426.35,1,5.0,426.35,405.03,81.01
703,60.82,6,25.0,364.92,273.69,54.74
704,185.9,6,25.0,1115.4,836.55,167.31
705,72.3,7,20.0,506.1,404.88,80.98
706,458.75,3,10.0,1376.25,1238.62,247.73
707,475.12,18,20.0,8552.16,6841.73,1368.35
708,395.76,20,15.0,7915.2,6727.92,1345.58
709,60.81,20,10.0,1216.2,1094.58,218.92
710,298.66,19,25.0,5674.54,4255.91,851.18
711,398.56,15,20.0,5978.4,4782.72,956.54
712,309.19,1,0.0,309.19,309.19,61.84
713,359.63,8,0.0,2877.04,2877.04,575.41
714,295.94,20,10.0,5918.8,5326.92,1065.38
715,324.39,12,15.0,3892.68,3308.78,661.76
716,269.29,5,0.0,1346.45,1346.45,269.29
717,121.05,5,15.0,605.25,514.46,102.89
718,183.81,16,5.0,2940.96,2793.91,558.78
719,434.4,11,20.0,4778.4,3822.72,764.54
720,469.09,5,20.0,2345.45,1876.36,375.27
721,149.28,19,15.0,2836.32,2410.87,482.17
722,85.99,12,25.0,1031.88,773.91,154.78
723,409.85,17,20.0,6967.45,5573.96,1114.79
724,208.46,10,0.0,2084.6,2084.6,416.92
725,201.25,5,25.0,1006.25,754.69,150.94
726,234.6,16,20.0,3753.6,3002.88,600.58
727,373.37,7,15.0,2613.59,2221.55,444.31
728,335.29,2,5.0,670.58,637.05,127.41
729,432.78,17,0.0,7357.26,7357.26,1471.45
730,487.44,3,25.0,1462.32,1096.74,219.35
731,40.8,16,20.0,652.8,522.24,104.45
732,375.99,15,10.0,5639.85,5075.87,1015.17
733,426.99,2,0.0,853.98,853.98,170.8
734,49.24,15,15.0,738.6,627.81,125.56
735,386.5,9,15.0,3478.5,2956.72,591.35
736,162.12,11,25.0,1783.32,1337.49,267.5
737,194.68,11,20.0,2141.48,1713.18,342.64
738,49.91,9,5.0,449.19,426.73,85.35
739,421.62,19,5.0,8010.78,7610.24,1522.05
740,495.58,9,0.0,4460.22,4460.22,892.04
741,217.33,2,15.0,434.66,369.46,73.89
742,251.43,8,25.0,2011.44,1508.58,301.72
743,121.14,19,15.0,2301.66,1956.41,391.28
744,244.99,12,20.0,2939.88,2351.9,470.38
745,316.18,4,20.0,1264.72,1011.78,202.36
746,101.46,6,20.0,608.76,487.01,97.4
747,237.17,2,25.0,474.34,355.75,71.15
748,82.8,14,20.0,1159.2,927.36,185.47
749,90.98,12,25.0,1091.76,818.82,163.76
750,325.9,13,0.0,4236.7,4236.7,847.34
751,386.47,14,20.0,5410.58,4328.46,865.69
752,92.45,3,10.0,277.35,249.62,49.92
753,254.17,14,0.0,3558.38,3558.38,711.68
754,353.87,6,0.0,2123.22,2123.22,424.64
755,48.69,12,0.0,584.28,584.28,116.86
756,31.83,12,25.0,381.96,286.47,57.29
757,208.14,4,15.0,832.56,707.68,141.54
758,380.62,13,5.0,4948.06,4700.66,940.13
759,232.82,2,5.0,465.64,442.36,88.47
760,340.89,6,5.0,2045.34,1943.07,388.61
761,37.48,11,5.0,412.28,391.67,78.33
762,357.14,20,5.0,7142.8,6785.66,1357.13
763,293.54,3,5.0,880.62,836.59,167.32
764,7.13,10,5.0,71.3,67.73,13.55
765,220.76,6,5.0,1324.56,1258.33,251.67
766,154.97,17,15.0,2634.49,2239.32,447.86
767,451.76,9,25.0,4065.84,3049.38,609.88
768,77.84,7,20.0,544.88,435.9,87.18
769,86.74,6,25.0,520.44,390.33,78.07
770,361.33,12,15.0,4335.96,3685.57,737.11
771,490.16,14,25.0,6862.24,5146.68,1029.34
772,493.53,7,0.0,3454.71,3454.71,690.94
773,31.78,18,20.0,572.04,457.63,91.53
774,357.85,18,25.0,6441.3,4830.98,966.2
775,194.99,1,0.0,194.99,194.99,39.0
776,250.17,16,25.0,4002.72,3002.04,600.41
777,370.09,13,25.0,4811.17,3608.38,721.68
778,224.85,7,15.0,1573.95,1337.86,267.57
779,175.48,9,0.0,1579.32,1579.32,315.86
780,254.59,14,10.0,3564.26,3207.83,641.57
781,304.36,15,0.0,4565.4,4565.4,913.08
782,38.14,19,25.0,724.66,543.5,108.7
783,301.89,3,10.0,905.67,815.1,163.02
784,433.14,16,15.0,6930.24,5890.7,1178.14
785,70.48,6,15.0,422.88,359.45,71.89
786,159.43,20,0.0,3188.6,3188.6,637.72
787,172.12,16,0.0,2753.92,2753.92,550.78
788,119.1,6,0.0,714.6,714.6,142.92
789,314.28,13,15.0,4085.64,3472.79,694.56
790,255.71,4,15.0,1022.84,869.41,173.88
791,218.97,15,0.0,3284.55,3284.55,656.91
792,53.64,14,15.0,750.96,638.32,127.66
793,428.38,11,25.0,4712.18,3534.14,706.83
794,455.14,10,5.0,4551.4,4323.83,864.77
795,93.19,7,0.0,652.33,652.33,130.47
796,463.55,8,15.0,3708.4,3152.14,630.43
797,436.79,15,20.0,6551.85,5241.48,1048.3
798,206.5,4,10.0,826.0,743.4,148.68
799,262.59,19,0.0,4989.21,4989.21,997.84
800,359.94,3,0.0,1079.82,1079.82,215.96
801,58.73,6,20.0,352.38,281.9,56.38
802,93.39,5,10.0,466.95,420.25,84.05
803,70.73,17,0.0,1202.41,1202.41,240.48
804,393.34,1,20.0,393.34,314.67,62.93
805,205.83,17,20.0,3499.11,2799.29,559.86
806,245.52,1,25.0,245.52,184.14,36.83
807,338.9,18,0.0,6100.2,6100.2,1220.04
808,108.98,8,5.0,871.84,828.25,165.65
809,453.45,6,10.0,2720.7,2448.63,489.73
810,127.17,20,0.0,2543.4,2543.4,508.68
811,350.33,13,25.0,4554.29,3415.72,683.14
812,172.77,3,20.0,518.31,414.65,82.93
813,200.26,15,25.0,3003.9,2252.92,450.58
814,50.77,6,20.0,304.62,243.7,48.74
815,410.22,9,0.0,3691.98,3691.98,738.4
816,464.91,9,5.0,4184.19,3974.98,795.0
817,66.72,5,0.0,333.6,333.6,66.72
818,19.87,20,10.0,397.4,357.66,71.53
819,70.69,6,20.0,424.14,339.31,67.86
820,8.57,19,15.0,162.83,138.41,27.68
821,404.99,17,25.0,6884.83,5163.62,1032.72
822,161.66,10,5.0,1616.6,1535.77,307.15
823,29.48,14,10.0,412.72,371.45,74.29
824,170.94,4,20.0,683.76,547.01,109.4
825,352.14,2,25.0,704.28,528.21,105.64
826,92.65,3,20.0,277.95,222.36,44.47
827,269.84,9,25.0,2428.56,1821.42,364.28
828,414.8,5,20.0,2074.0,1659.2,331.84
829,238.42,3,5.0,715.26,679.5,135.9
830,262.53,11,25.0,2887.83,2165.87,433.17
831,255.76,12,20.0,3069.12,2455.3,491.06
832,23.13,1,25.0,23.13,17.35,3.47
833,61.1,17,5.0,1038.7,986.76,197.35
834,36.32,10,15.0,363.2,308.72,61.74
835,435.56,16,25.0,6968.96,5226.72,1045.34
836,25.49,15,5.0,382.35,363.23,72.65
837,253.6,19,5.0,4818.4,4577.48,915.5
838,148.9,7,5.0,1042.3,990.18,198.04
839,80.12,14,10.0,1121.68,1009.51,201.9
840,385.69,7,25.0,2699.83,2024.87,404.97
841,179.2,7,5.0,1254.4,1191.68,238.34
842,480.56,1,5.0,480.56,456.53,91.31
843,404.1,15,25.0,6061.5,4546.12,909.23
844,483.64,4,5.0,1934.56,1837.83,367.57
845,44.87,14,0.0,628.18,628.18,125.64
846,342.11,16,5.0,5473.76,5200.07,1040.01
847,409.78,14,0.0,5736.92,5736.92,1147.38
848,455.91,14,10.0,6382.74,5744.47,1148.89
849,208.99,2,10.0,417.98,376.18,75.24
850,100.17,2,25.0,200.34,150.25,30.05
851,388.95,9,10.0,3500.55,3150.49,630.1
852,421.27,17,15.0,7161.59,6087.35,1217.47
853,316.9,14,5.0,4436.6,4214.77,842.95
854,261.36,1,25.0,261.36,196.02,39.2
855,186.0,8,0.0,1488.0,1488.0,297.6
856,235.79,9,5.0,2122.11,2016.0,403.2
857,75.1,7,10.0,525.7,473.13,94.63
858,12.19,1,5.0,12.19,11.58,2.32
859,174.39,4,20.0,697.56,558.05,111.61
860,160.58,14,20.0,2248.12,1798.5,359.7
861,390.07,19,25.0,7411.33,5558.5,1111.7
862,108.14,10,10.0,1081.4,973.26,194.65
863,439.88,10,20.0,4398.8,3519.04,703.81
864,398.18,5,10.0,1990.9,1791.81,358.36
865,306.14,12,15.0,3673.68,3122.63,624.53
866,30.13,3,25.0,90.39,67.79,13.56
867,435.29,2,0.0,870.58,870.58,174.12
868,194.7,6,10.0,1168.2,1051.38,210.28
869,194.06,8,10.0,1552.48,1397.23,279.45
870,133.71,16,0.0,2139.36,2139.36,427.87
871,457.51,10,25.0,4575.1,3431.33,686.27
872,218.01,4,0.0,872.04,872.04,174.41
873,30.07,18,0.0,541.26,541.26,108.25
874,83.12,4,15.0,332.48,282.61,56.52
875,290.65,15,25.0,4359.75,3269.81,653.96
876,352.69,19,20.0,6701.11,5360.89,1072.18
877,471.5,13,15.0,6129.5,5210.07,1042.02
878,209.03,4,10.0,836.12,752.51,150.5
879,24.3,18,20.0,437.4,349.92,69.98
880,197.44,9,20.0,1776.96,1421.57,284.31
881,332.43,9,5.0,2991.87,2842.28,568.46
882,383.29,4,25.0,1533.16,1149.87,229.97
883,411.92,1,20.0,411.92,329.54,65.91
884,223.58,13,25.0,2906.54,2179.9,435.98
885,424.26,13,0.0,5515.38,5515.38,1103.08
886,482.23,7,5.0,3375.61,3206.83,641.37
887,231.86,9,0.0,2086.74,2086.74,417.35
888,426.35,8,0.0,3410.8,3410.8,682.16
889,412.67,9,25.0,3714.03,2785.52,557.1
890,412.56,20,10.0,8251.2,7426.08,1485.22
891,213.95,9,10.0,1925.55,1732.99,346.6
892,359.73,11,20.0,3957.03,3165.62,633.12
893,85.77,15,15.0,1286.55,1093.57,218.71
894,239.23,8,25.0,1913.84,1435.38,287.08
895,413.83,9,20.0,3724.47,2979.58,595.92
896,367.34,17,0.0,6244.78,6244.78,1248.96
897,121.9,9,15.0,1097.1,932.54,186.51
898,255.29,16,0.0,4084.64,4084.64,816.93
899,335.85,8,15.0,2686.8,2283.78,456.76
900,109.43,3,5.0,328.29,311.88,62.38
901,179.69,18,15.0,3234.42,2749.26,549.85
902,355.98,4,25.0,1423.92,1067.94,213.59
903,243.61,6,5.0,1461.66,1388.58,277.72
904,72.51,20,25.0,1450.2,1087.65,217.53
905,328.29,7,25.0,2298.03,1723.52,344.7
906,437.75,19,0.0,8317.25,8317.25,1663.45
907,167.64,10,15.0,1676.4,1424.94,284.99
908,125.24,10,25.0,1252.4,939.3,187.86
909,88.51,13,25.0,1150.63,862.97,172.59
910,276.73,8,15.0,2213.84,1881.76,376.35
911,25.08,18,20.0,451.44,361.15,72.23
912,347.21,4,5.0,1388.84,1319.4,263.88
913,326.88,19,25.0,6210.72,4658.04,931.61
914,447.65,5,15.0,2238.25,1902.51,380.5
915,94.93,7,15.0,664.51,564.83,112.97
916,416.98,13,25.0,5420.74,4065.55,813.11
917,261.89,10,15.0,2618.9,2226.06,445.21
918,82.07,17,10.0,1395.19,1255.67,251.13
919,473.2,12,0.0,5678.4,5678.4,1135.68
920,285.79,1,5.0,285.79,271.5,54.3
921,330.11,14,15.0,4621.54,3928.31,785.66
922,19.57,14,25.0,273.98,205.49,41.1
923,203.05,13,10.0,2639.65,2375.68,475.14
924,449.29,15,5.0,6739.35,6402.38,1280.48
925,233.65,7,20.0,1635.55,1308.44,261.69
926,259.97,4,20.0,1039.88,831.9,166.38
927,67.62,1,0.0,67.62,67.62,13.52
928,264.21,8,15.0,2113.68,1796.63,359.33
929,165.13,3,15.0,495.39,421.08,84.22
930,191.22,13,15.0,2485.86,2112.98,422.6
931,108.32,10,0.0,1083.2,1083.2,216.64
932,255.58,4,5.0,1022.32,971.2,194.24
933,301.57,8,0.0,2412.56,2412.56,482.51
934,174.96,18,15.0,3149.28,2676.89,535.38
935,175.6,10,15.0,1756.0,1492.6,298.52
936,387.31,6,10.0,2323.86,2091.47,418.29
937,370.33,15,0.0,5554.95,5554.95,1110.99
938,492.13,19,5.0,9350.47,8882.95,1776.59
939,64.48,13,25.0,838.24,628.68,125.74
940,134.83,6,15.0,808.98,687.63,137.53
941,27.39,10,0.0,273.9,273.9,54.78
942,42.07,8,5.0,336.56,319.73,63.95
943,344.32,7,25.0,2410.24,1807.68,361.54
944,71.96,8,25.0,575.68,431.76,86.35
945,32.01,6,5.0,192.06,182.46,36.49
946,417.31,16,20.0,6676.96,5341.57,1068.31
947,152.19,19,0.0,2891.61,2891.61,578.32
948,434.36,3,20.0,1303.08,1042.46,208.49
949,229.51,9,0.0,2065.59,2065.59,413.12
950,167.14,8,0.0,1337.12,1337.12,267.42
951,22.68,6,5.0,136.08,129.28,25.86
952,118.24,7,15.0,827.68,703.53,140.71
953,423.29,19,0.0,8042.51,8042.51,1608.5
954,284.34,12,5.0,3412.08,3241.48,648.3
955,321.43,13,25.0,4178.59,3133.94,626.79
956,138.4,2,15.0,276.8,235.28,47.06
957,238.84,16,5.0,3821.44,3630.37,726.07
958,424.68,2,10.0,849.36,764.42,152.88
959,157.29,6,15.0,943.74,802.18,160.44
960,384.39,3,20.0,1153.17,922.54,184.51
961,77.58,14,25.0,1086.12,814.59,162.92
962,66.63,17,15.0,1132.71,962.8,192.56
963,91.16,12,25.0,1093.92,820.44,164.09
964,74.18,15,5.0,1112.7,1057.07,211.41
965,396.72,17,0.0,6744.24,6744.24,1348.85
966,266.33,4,15.0,1065.32,905.52,181.1
967,58.26,1,15.0,58.26,49.52,9.9
968,341.67,2,15.0,683.34,580.84,116.17
969,344.09,9,15.0,3096.81,2632.29,526.46
970,483.41,12,0.0,5800.92,5800.92,1160.18
971,468.21,6,5.0,2809.26,2668.8,533.76
972,183.19,10,20.0,1831.9,1465.52,293.1
973,77.67,3,20.0,233.01,186.41,37.28
974,261.4,14,5.0,3659.6,3476.62,695.32
975,383.53,1,5.0,383.53,364.35,72.87
976,305.14,13,15.0,3966.82,3371.8,674.36
977,339.23,5,20.0,1696.15,1356.92,271.38
978,399.06,3,10.0,1197.18,1077.46,215.49
979,86.78,19,10.0,1648.82,1483.94,296.79
980,449.81,6,25.0,2698.86,2024.14,404.83
981,267.23,9,5.0,2405.07,2284.82,456.96
982,103.53,10,0.0,1035.3,1035.3,207.06
983,267.73,13,20.0,3480.49,2784.39,556.88
984,387.59,15,5.0,5813.85,5523.16,1104.63
985,123.71,17,20.0,2103.07,1682.46,336.49
986,372.2,8,10.0,2977.6,2679.84,535.97
987,104.31,12,0.0,1251.72,1251.72,250.34
988,225.17,4,10.0,900.68,810.61,162.12
989,362.9,4,25.0,1451.6,1088.7,217.74
990,239.68,6,15.0,1438.08,1222.37,244.47
991,138.88,10,5.0,1388.8,1319.36,263.87
992,187.15,1,10.0,187.15,168.44,33.69
993,201.67,20,25.0,4033.4,3025.05,605.01
994,493.87,9,20.0,4444.83,3555.86,711.17
995,426.36,1,25.0,426.36,319.77,63.95
996,200.48,7,10.0,1403.36,1263.02,252.6
997,88.72,5,20.0,443.6,354.88,70.98
998,121.61,19,20.0,2310.59,1848.47,369.69
999,264.07,12,5.0,3168.84,3010.4,602.08
1000,247.39,11,10.0,2721.29,2449.16,489.83
1001,56.67,12,25.0,680.04,510.03,102.01
1002,165.26,18,5.0,2974.68,2825.95,565.19
1003,422.53,14,5.0,5915.42,5619.65,1123.93
1004,5.77,5,25.0,28.85,21.64,4.33
1005,198.07,12,20.0,2376.84,1901.47,380.29
1006,447.34,18,10.0,8052.12,7246.91,1449.38
1007,213.73,9,25.0,1923.57,1442.68,288.54
1008,241.62,15,20.0,3624.3,2899.44,579.89
1009,394.15,14,25.0,5518.1,4138.57,827.72
1010,466.04,14,10.0,6524.56,5872.1,1174.42
1011,446.15,5,5.0,2230.75,2119.21,423.84
1012,90.37,6,15.0,542.22,460.89,92.18
1013,426.61,16,15.0,6825.76,5801.9,1160.38
1014,207.9,4,0.0,831.6,831.6,166.32
1015,298.74,8,20.0,2389.92,1911.94,382.39
1016,434.03,18,15.0,7812.54,6640.66,1328.13
1017,180.52,4,0.0,722.08,722.08,144.42
1018,448.6,8,5.0,3588.8,3409.36,681.87
1019,442.34,19,0.0,8404.46,8404.46,1680.89
1020,34.18,15,20.0,512.7,410.16,82.03
1021,487.6,20,15.0,9752.0,8289.2,1657.84
1022,439.98,15,10.0,6599.7,5939.73,1187.95
1023,115.02,14,20.0,1610.28,1288.22,257.64
1024,444.34,16,5.0,7109.44,6753.97,1350.79
1025,146.75,12,20.0,1761.0,1408.8,281.76
1026,371.96,1,0.0,371.96,371.96,74.39
1027,200.08,7,5.0,1400.56,1330.53,266.11
1028,77.33,13,25.0,1005.29,753.97,150.79
1029,78.91,20,15.0,1578.2,1341.47,268.29
1030,72.84,19,0.0,1383.96,1383.96,276.79
1031,61.13,15,15.0,916.95,779.41,155.88
1032,429.78,5,5.0,2148.9,2041.45,408.29
1033,192.85,12,5.0,2314.2,2198.49,439.7
1034,33.27,10,0.0,332.7,332.7,66.54
1035,342.98,6,0.0,2057.88,2057.88,411.58
1036,358.48,2,0.0,716.96,716.96,143.39
1037,71.8,16,20.0,1148.8,919.04,183.81
1038,439.67,19,10.0,8353.73,7518.36,1503.67
1039,84.93,16,5.0,1358.88,1290.94,258.19
1040,169.78,20,0.0,3395.6,3395.6,679.12
1041,330.61,9,20.0,2975.49,2380.39,476.08
1042,39.51,20,10.0,790.2,711.18,142.24
1043,36.98,20,20.0,739.6,591.68,118.34
1044,203.49,7,25.0,1424.43,1068.32,213.66
1045,343.71,10,15.0,3437.1,2921.53,584.31
1046,266.41,7,25.0,1864.87,1398.65,279.73
1047,391.76,15,25.0,5876.4,4407.3,881.46
1048,318.1,4,20.0,1272.4,1017.92,203.58
1049,398.19,15,0.0,5972.85,5972.85,1194.57
1050,399.75,12,20.0,4797.0,3837.6,767.52
1051,284.36,16,25.0,4549.76,3412.32,682.46
1052,261.24,18,15.0,4702.32,3996.97,799.39
1053,314.66,15,15.0,4719.9,4011.92,802.38
1054,360.02,9,0.0,3240.18,3240.18,648.04
1055,303.28,9,25.0,2729.52,2047.14,409.43
1056,13.4,16,0.0,214.4,214.4,42.88
1057,263.1,8,25.0,2104.8,1578.6,315.72
1058,114.25,9,5.0,1028.25,976.84,195.37
1059,65.52,20,15.0,1310.4,1113.84,222.77
1060,496.16,19,20.0,9427.04,7541.63,1508.33
1061,442.88,14,10.0,6200.32,5580.29,1116.06
1062,178.31,10,15.0,1783.1,1515.63,303.13
1063,48.08,10,15.0,480.8,408.68,81.74
1064,54.09,5,25.0,270.45,202.84,40.57
1065,276.64,8,10.0,2213.12,1991.81,398.36
1066,362.07,6,20.0,2172.42,1737.94,347.59
1067,426.12,7,10.0,2982.84,2684.56,536.91
1068,240.56,11,25.0,2646.16,1984.62,396.92
1069,280.23,6,5.0,1681.38,1597.31,319.46
1070,370.26,17,10.0,6294.42,5664.98,1133.0
1071,437.04,10,15.0,4370.4,3714.84,742.97
1072,26.23,14,0.0,367.22,367.22,73.44
1073,18.95,14,25.0,265.3,198.98,39.8
1074,357.66,2,5.0,715.32,679.55,135.91
1075,238.81,9,20.0,2149.29,1719.43,343.89
1076,167.88,12,0.0,2014.56,2014.56,402.91
1077,221.36,3,25.0,664.08,498.06,99.61
1078,234.41,4,20.0,937.64,750.11,150.02
1079,59.42,1,5.0,59.42,56.45,11.29
1080,449.36,16,15.0,7189.76,6111.3,1222.26
1081,366.32,9,10.0,3296.88,2967.19,593.44
1082,54.93,11,10.0,604.23,543.81,108.76
1083,381.18,10,5.0,3811.8,3621.21,724.24
1084,60.85,18,15.0,1095.3,931.0,186.2
1085,457.8,18,10.0,8240.4,7416.36,1483.27
1086,165.12,13,20.0,2146.56,1717.25,343.45
1087,482.11,2,20.0,964.22,771.38,154.28
1088,107.4,11,10.0,1181.4,1063.26,212.65
1089,228.96,1,15.0,228.96,194.62,38.92
1090,139.85,18,20.0,2517.3,2013.84,402.77
1091,187.3,2,5.0,374.6,355.87,71.17
1092,391.68,4,5.0,1566.72,1488.38,297.68
1093,216.27,18,20.0,3892.86,3114.29,622.86
1094,398.75,17,10.0,6778.75,6100.88,1220.17
1095,7.53,19,5.0,143.07,135.92,27.18
1096,112.82,17,15.0,1917.94,1630.25,326.05
1097,414.71,5,20.0,2073.55,1658.84,331.77
1098,326.95,7,5.0,2288.65,2174.22,434.84
1099,25.31,3,10.0,75.93,68.34,13.67
1100,180.33,18,25.0,3245.94,2434.45,486.89
1101,237.05,11,5.0,2607.55,2477.17,495.43
1102,116.63,10,0.0,1166.3,1166.3,233.26
1103,214.0,16,5.0,3424.0,3252.8,650.56
1104,401.29,13,5.0,5216.77,4955.93,991.19
1105,299.69,2,0.0,599.38,599.38,119.88
1106,105.48,11,20.0,1160.28,928.22,185.64
1107,96.06,12,20.0,1152.72,922.18,184.44
1108,135.13,19,20.0,2567.47,2053.98,410.8
1109,106.58,12,0.0,1278.96,1278.96,255.79
1110,413.68,6,25.0,2482.08,1861.56,372.31
1111,114.37,5,20.0,571.85,457.48,91.5
1112,346.91,3,20.0,1040.73,832.58,166.52
1113,295.48,10,0.0,2954.8,2954.8,590.96
1114,486.16,9,15.0,4375.44,3719.12,743.82
1115,240.69,8,5.0,1925.52,1829.24,365.85
1116,161.17,2,20.0,322.34,257.87,51.57
1117,98.63,15,15.0,1479.45,1257.53,251.51
1118,82.26,1,20.0,82.26,65.81,13.16
1119,373.37,12,10.0,4480.44,4032.4,806.48
1120,452.22,16,10.0,7235.52,6511.97,1302.39
1121,182.62,15,15.0,2739.3,2328.41,465.68
1122,24.68,14,20.0,345.52,276.42,55.28
1123,316.63,5,25.0,1583.15,1187.36,237.47
1124,263.08,8,15.0,2104.64,1788.94,357.79
1125,359.87,12,25.0,4318.44,3238.83,647.77
1126,155.48,6,25.0,932.88,699.66,139.93
1127,442.7,5,20.0,2213.5,1770.8,354.16
1128,193.19,4,15.0,772.76,656.85,131.37
1129,458.48,7,25.0,3209.36,2407.02,481.4
1130,26.07,8,0.0,208.56,208.56,41.71
1131,191.88,4,10.0,767.52,690.77,138.15
1132,17.11,3,0.0,51.33,51.33,10.27
1133,329.41,10,25.0,3294.1,2470.58,494.12
1134,329.83,2,15.0,659.66,560.71,112.14
1135,451.36,10,15.0,4513.6,3836.56,767.31
1136,432.62,8,0.0,3460.96,3460.96,692.19
1137,270.2,17,15.0,4593.4,3904.39,780.88
1138,436.94,5,10.0,2184.7,1966.23,393.25
1139,384.87,20,25.0,7697.4,5773.05,1154.61
1140,166.89,7,15.0,1168.23,993.0,198.6
1141,308.8,10,5.0,3088.0,2933.6,586.72
1142,456.53,18,20.0,8217.54,6574.03,1314.81
1143,461.87,9,15.0,4156.83,3533.31,706.66
1144,229.68,12,20.0,2756.16,2204.93,440.99
1145,172.86,16,20.0,2765.76,2212.61,442.52
1146,452.99,10,20.0,4529.9,3623.92,724.78
1147,304.44,20,0.0,6088.8,6088.8,1217.76
1148,322.3,10,20.0,3223.0,2578.4,515.68
1149,423.75,11,0.0,4661.25,4661.25,932.25
1150,145.2,17,15.0,2468.4,2098.14,419.63
1151,234.66,10,20.0,2346.6,1877.28,375.46
1152,107.36,3,5.0,322.08,305.98,61.2
1153,227.39,3,10.0,682.17,613.95,122.79
1154,477.2,11,25.0,5249.2,3936.9,787.38
1155,244.78,11,25.0,2692.58,2019.43,403.89
1156,443.43,11,5.0,4877.73,4633.84,926.77
1157,326.57,9,0.0,2939.13,2939.13,587.83
1158,10.09,20,15.0,201.8,171.53,34.31
1159,413.69,8,0.0,3309.52,3309.52,661.9
1160,105.41,4,20.0,421.64,337.31,67.46
1161,144.59,8,10.0,1156.72,1041.05,208.21
1162,75.35,3,10.0,226.05,203.44,40.69
1163,78.04,15,10.0,1170.6,1053.54,210.71
1164,263.4,3,15.0,790.2,671.67,134.33
1165,477.23,11,0.0,5249.53,5249.53,1049.91
1166,296.6,20,25.0,5932.0,4449.0,889.8
1167,93.75,11,0.0,1031.25,1031.25,206.25
1168,256.75,15,10.0,3851.25,3466.12,693.23
1169,462.39,2,15.0,924.78,786.06,157.21
1170,57.43,19,0.0,1091.17,1091.17,218.23
1171,208.4,4,0.0,833.6,833.6,166.72
1172,62.62,19,10.0,1189.78,1070.8,214.16
1173,14.57,8,0.0,116.56,116.56,23.31
1174,423.61,18,5.0,7624.98,7243.73,1448.75
1175,132.47,9,0.0,1192.23,1192.23,238.45
1176,42.51,17,15.0,722.67,614.27,122.85
1177,185.96,19,20.0,3533.24,2826.59,565.32
1178,292.03,19,25.0,5548.57,4161.43,832.29
1179,19.9,3,10.0,59.7,53.73,10.75
1180,72.85,18,15.0,1311.3,1114.61,222.92
1181,382.39,10,25.0,3823.9,2867.92,573.58
1182,30.01,19,20.0,570.19,456.15,91.23
1183,172.16,18,10.0,3098.88,2788.99,557.8
1184,449.64,20,15.0,8992.8,7643.88,1528.78
1185,320.1,15,0.0,4801.5,4801.5,960.3
1186,314.6,11,0.0,3460.6,3460.6,692.12
1187,270.36,15,10.0,4055.4,3649.86,729.97
1188,481.35,8,20.0,3850.8,3080.64,616.13
1189,60.33,12,10.0,723.96,651.56,130.31
1190,429.13,5,10.0,2145.65,1931.09,386.22
1191,277.5,15,20.0,4162.5,3330.0,666.0
1192,433.01,16,0.0,6928.16,6928.16,1385.63
1193,385.01,7,15.0,2695.07,2290.81,458.16
1194,196.13,9,10.0,1765.17,1588.65,317.73
1195,17.24,2,0.0,34.48,34.48,6.9
1196,200.57,3,10.0,601.71,541.54,108.31
1197,123.42,19,15.0,2344.98,1993.23,398.65
1198,462.9,5,15.0,2314.5,1967.33,393.47
1199,236.53,5,15.0,1182.65,1005.25,201.05
1200,357.83,20,15.0,7156.6,6083.11,1216.62
1201,83.21,7,10.0,582.47,524.22,104.84
1202,179.8,1,15.0,179.8,152.83,30.57
1203,259.73,19,5.0,4934.87,4688.13,937.63
1204,240.11,4,20.0,960.44,768.35,153.67
1205,66.8,11,20.0,734.8,587.84,117.57
1206,291.18,2,5.0,582.36,553.24,110.65
1207,299.63,12,15.0,3595.56,3056.23,611.25
1208,183.12,17,10.0,3113.04,2801.74,560.35
1209,213.06,6,10.0,1278.36,1150.52,230.1
1210,63.64,1,5.0,63.64,60.46,12.09
1211,270.79,1,0.0,270.79,270.79,54.16
1212,301.14,9,20.0,2710.26,2168.21,433.64
1213,334.26,5,20.0,1671.3,1337.04,267.41
1214,381.39,9,20.0,3432.51,2746.01,549.2
1215,473.72,11,0.0,5210.92,5210.92,1042.18
1216,298.63,9,10.0,2687.67,2418.9,483.78
1217,275.84,9,10.0,2482.56,2234.3,446.86
1218,367.4,5,5.0,1837.0,1745.15,349.03
1219,203.54,17,5.0,3460.18,3287.17,657.43
1220,387.51,3,0.0,1162.53,1162.53,232.51
1221,343.25,19,5.0,6521.75,6195.66,1239.13
1222,376.47,11,20.0,4141.17,3312.94,662.59
1223,160.77,15,25.0,2411.55,1808.66,361.73
1224,475.21,14,25.0,6652.94,4989.7,997.94
1225,57.38,20,25.0,1147.6,860.7,172.14
1226,107.15,19,25.0,2035.85,1526.89,305.38
1227,186.66,3,25.0,559.98,419.99,84.0
1228,376.77,16,10.0,6028.32,5425.49,1085.1
1229,215.44,7,15.0,1508.08,1281.87,256.37
1230,330.69,10,5.0,3306.9,3141.55,628.31
1231,338.2,6,20.0,2029.2,1623.36,324.67
1232,84.38,10,5.0,843.8,801.61,160.32
1233,60.87,9,25.0,547.83,410.87,82.17
1234,345.91,8,10.0,2767.28,2490.55,498.11
1235,317.62,12,25.0,3811.44,2858.58,571.72
1236,169.81,18,10.0,3056.58,2750.92,550.18
1237,391.29,18,20.0,7043.22,5634.58,1126.92
1238,141.77,5,20.0,708.85,567.08,113.42
1239,440.12,10,20.0,4401.2,3520.96,704.19
1240,423.68,9,25.0,3813.12,2859.84,571.97
1241,36.04,10,15.0,360.4,306.34,61.27
1242,155.06,10,20.0,1550.6,1240.48,248.1
1243,93.33,4,10.0,373.32,335.99,67.2
1244,418.44,13,20.0,5439.72,4351.78,870.36
1245,321.44,20,0.0,6428.8,6428.8,1285.76
1246,230.45,9,15.0,2074.05,1762.94,352.59
1247,72.69,16,5.0,1163.04,1104.89,220.98
1248,322.53,12,20.0,3870.36,3096.29,619.26
1249,101.71,19,10.0,1932.49,1739.24,347.85
1250,427.48,11,5.0,4702.28,4467.17,893.43
1251,327.83,11,10.0,3606.13,3245.52,649.1
1252,172.99,8,15.0,1383.92,1176.33,235.27
1253,299.76,20,25.0,5995.2,4496.4,899.28
1254,455.87,12,20.0,5470.44,4376.35,875.27
1255,376.79,11,0.0,4144.69,4144.69,828.94
1256,236.09,3,15.0,708.27,602.03,120.41
1257,174.29,1,0.0,174.29,174.29,34.86
1258,10.99,4,10.0,43.96,39.56,7.91
1259,436.06,2,20.0,872.12,697.7,139.54
1260,272.96,3,5.0,818.88,777.94,155.59
1261,360.46,17,25.0,6127.82,4595.86,919.17
1262,481.57,9,20.0,4334.13,3467.3,693.46
1263,408.86,5,15.0,2044.3,1737.66,347.53
1264,328.1,7,20.0,2296.7,1837.36,367.47
1265,218.35,9,0.0,1965.15,1965.15,393.03
1266,320.85,16,5.0,5133.6,4876.92,975.38
1267,226.84,4,20.0,907.36,725.89,145.18
1268,397.24,18,0.0,7150.32,7150.32,1430.06
1269,149.29,5,25.0,746.45,559.84,111.97
1270,26.44,2,0.0,52.88,52.88,10.58
1271,241.68,4,0.0,966.72,966.72,193.34
1272,381.65,3,0.0,1144.95,1144.95,228.99
1273,161.2,4,20.0,644.8,515.84,103.17
1274,248.6,20,0.0,4972.0,4972.0,994.4
1275,399.69,17,0.0,6794.73,6794.73,1358.95
1276,212.67,15,15.0,3190.05,2711.54,542.31
1277,332.84,8,0.0,2662.72,2662.72,532.54
1278,493.2,2,0.0,986.4,986.4,197.28
1279,148.36,1,5.0,148.36,140.94,28.19
1280,297.26,3,25.0,891.78,668.84,133.77
1281,371.82,18,15.0,6692.76,5688.85,1137.77
1282,151.75,11,5.0,1669.25,1585.79,317.16
1283,192.65,4,5.0,770.6,732.07,146.41
1284,342.72,13,5.0,4455.36,4232.59,846.52
1285,421.03,2,20.0,842.06,673.65,134.73
1286,374.23,11,25.0,4116.53,3087.4,617.48
1287,160.39,13,10.0,2085.07,1876.56,375.31
1288,472.23,20,0.0,9444.6,9444.6,1888.92
1289,22.08,12,25.0,264.96,198.72,39.74
1290,394.06,8,20.0,3152.48,2521.98,504.4
1291,437.83,7,0.0,3064.81,3064.81,612.96
1292,382.51,4,20.0,1530.04,1224.03,244.81
1293,200.43,15,5.0,3006.45,2856.13,571.23
1294,208.93,9,0.0,1880.37,1880.37,376.07
1295,168.67,1,15.0,168.67,143.37,28.67
1296,429.73,7,0.0,3008.11,3008.11,601.62
1297,167.47,3,10.0,502.41,452.17,90.43
1298,143.1,12,5.0,1717.2,1631.34,326.27
1299,42.88,16,0.0,686.08,686.08,137.22
1300,447.18,5,10.0,2235.9,2012.31,402.46
1301,317.93,9,20.0,2861.37,2289.1,457.82
1302,292.9,2,15.0,585.8,497.93,99.59
1303,13.99,17,20.0,237.83,190.26,38.05
1304,101.77,16,10.0,1628.32,1465.49,293.1
1305,141.41,9,5.0,1272.69,1209.06,241.81
1306,387.34,20,20.0,7746.8,6197.44,1239.49
1307,433.78,2,25.0,867.56,650.67,130.13
1308,194.16,18,5.0,3494.88,3320.14,664.03
1309,331.35,7,15.0,2319.45,1971.53,394.31
1310,230.83,12,25.0,2769.96,2077.47,415.49
1311,374.35,12,25.0,4492.2,3369.15,673.83
1312,127.06,13,5.0,1651.78,1569.19,313.84
1313,119.01,8,0.0,952.08,952.08,190.42
1314,16.35,2,20.0,32.7,26.16,5.23
1315,224.37,1,15.0,224.37,190.71,38.14
1316,12.0,9,0.0,108.0,108.0,21.6
1317,215.83,8,25.0,1726.64,1294.98,259.0
1318,395.89,18,5.0,7126.02,6769.72,1353.94
1319,245.86,20,20.0,4917.2,3933.76,786.75
1320,30.35,20,25.0,607.0,455.25,91.05
1321,337.58,3,10.0,1012.74,911.47,182.29
1322,479.95,14,20.0,6719.3,5375.44,1075.09
1323,319.81,19,25.0,6076.39,4557.29,911.46
1324,265.95,14,20.0,3723.3,2978.64,595.73
1325,429.11,3,10.0,1287.33,1158.6,231.72
1326,222.66,18,5.0,4007.88,3807.49,761.5
1327,474.84,8,10.0,3798.72,3418.85,683.77
1328,57.91,16,10.0,926.56,833.9,166.78
1329,343.81,2,15.0,687.62,584.48,116.9
1330,7.44,13,10.0,96.72,87.05,17.41
1331,111.14,4,25.0,444.56,333.42,66.68
1332,133.39,14,20.0,1867.46,1493.97,298.79
1333,464.76,19,25.0,8830.44,6622.83,1324.57
1334,98.12,19,25.0,1864.28,1398.21,279.64
1335,402.58,16,15.0,6441.28,5475.09,1095.02
1336,130.36,7,15.0,912.52,775.64,155.13
1337,304.75,8,0.0,2438.0,2438.0,487.6
1338,384.13,12,10.0,4609.56,4148.6,829.72
1339,111.26,1,0.0,111.26,111.26,22.25
1340,424.43,11,0.0,4668.73,4668.73,933.75
1341,305.86,4,25.0,1223.44,917.58,183.52
1342,249.54,12,20.0,2994.48,2395.58,479.12
1343,24.04,1,15.0,24.04,20.43,4.09
1344,135.04,11,5.0,1485.44,1411.17,282.23
1345,216.04,9,15.0,1944.36,1652.71,330.54
1346,291.05,7,15.0,2037.35,1731.75,346.35
1347,219.64,9,10.0,1976.76,1779.08,355.82
1348,66.1,18,5.0,1189.8,1130.31,226.06
1349,384.61,15,5.0,5769.15,5480.69,1096.14
1350,88.78,4,0.0,355.12,355.12,71.02
1351,382.46,9,0.0,3442.14,3442.14,688.43
1352,35.29,18,10.0,635.22,571.7,114.34
1353,397.8,10,0.0,3978.0,3978.0,795.6
1354,117.22,1,20.0,117.22,93.78,18.76
1355,140.07,19,20.0,2661.33,2129.06,425.81
1356,340.05,5,0.0,1700.25,1700.25,340.05
1357,350.92,7,25.0,2456.44,1842.33,368.47
1358,36.53,2,5.0,73.06,69.41,13.88
1359,8.81,13,15.0,114.53,97.35,19.47
1360,368.56,6,25.0,2211.36,1658.52,331.7
1361,99.79,17,25.0,1696.43,1272.32,254.46
1362,403.33,6,5.0,2419.98,2298.98,459.8
1363,58.29,13,15.0,757.77,644.1,128.82
1364,319.18,19,0.0,6064.42,6064.42,1212.88
1365,210.03,11,20.0,2310.33,1848.26,369.65
1366,226.2,3,20.0,678.6,542.88,108.58
1367,465.05,19,10.0,8835.95,7952.36,1590.47
1368,141.14,3,0.0,423.42,423.42,84.68
1369,144.71,11,15.0,1591.81,1353.04,270.61
1370,129.03,17,15.0,2193.51,1864.48,372.9
1371,366.0,15,20.0,5490.0,4392.0,878.4
1372,410.19,18,5.0,7383.42,7014.25,1402.85
1373,10.97,12,25.0,131.64,98.73,19.75
1374,336.4,6,0.0,2018.4,2018.4,403.68
1375,72.05,2,25.0,144.1,108.07,21.61
1376,137.81,9,20.0,1240.29,992.23,198.45
1377,225.74,14,10.0,3160.36,2844.32,568.86
1378,69.75,6,15.0,418.5,355.72,71.14
1379,320.92,2,0.0,641.84,641.84,128.37
1380,459.72,11,15.0,5056.92,4298.38,859.68
1381,268.77,16,20.0,4300.32,3440.26,688.05
1382,275.19,10,0.0,2751.9,2751.9,550.38
1383,316.35,12,15.0,3796.2,3226.77,645.35
1384,491.89,19,15.0,9345.91,7944.02,1588.8
1385,320.13,13,20.0,4161.69,3329.35,665.87
1386,185.41,5,0.0,927.05,927.05,185.41
1387,24.66,2,25.0,49.32,36.99,7.4
1388,263.96,2,0.0,527.92,527.92,105.58
1389,14.55,6,20.0,87.3,69.84,13.97
1390,445.82,6,5.0,2674.92,2541.17,508.23
1391,499.44,12,15.0,5993.28,5094.29,1018.86
1392,220.33,5,10.0,1101.65,991.49,198.3
1393,263.64,3,25.0,790.92,593.19,118.64
1394,291.15,15,10.0,4367.25,3930.53,786.11
1395,494.14,3,25.0,1482.42,1111.82,222.36
1396,345.59,17,5.0,5875.03,5581.28,1116.26
1397,398.06,5,5.0,1990.3,1890.78,378.16
1398,105.09,11,0.0,1155.99,1155.99,231.2
1399,278.1,11,5.0,3059.1,2906.15,581.23
1400,122.89,13,15.0,1597.57,1357.93,271.59
1401,106.44,4,20.0,425.76,340.61,68.12
1402,36.25,13,0.0,471.25,471.25,94.25
1403,150.36,4,15.0,601.44,511.22,102.24
1404,83.39,16,20.0,1334.24,1067.39,213.48
1405,226.91,19,25.0,4311.29,3233.47,646.69
1406,338.91,16,25.0,5422.56,4066.92,813.38
1407,95.01,9,0.0,855.09,855.09,171.02
1408,173.35,13,15.0,2253.55,1915.52,383.1
1409,352.13,13,15.0,4577.69,3891.04,778.21
1410,441.53,13,10.0,5739.89,5165.9,1033.18
1411,430.85,13,5.0,5601.05,5321.0,1064.2
1412,64.69,7,5.0,452.83,430.19,86.04
1413,315.88,14,15.0,4422.32,3758.97,751.79
1414,363.97,18,5.0,6551.46,6223.89,1244.78
1415,232.0,20,10.0,4640.0,4176.0,835.2
1416,357.31,13,20.0,4645.03,3716.02,743.2
1417,295.45,9,5.0,2659.05,2526.1,505.22
1418,122.04,6,0.0,732.24,732.24,146.45
1419,34.92,4,0.0,139.68,139.68,27.94
1420,219.92,15,5.0,3298.8,3133.86,626.77
1421,322.01,14,25.0,4508.14,3381.1,676.22
1422,269.65,18,10.0,4853.7,4368.33,873.67
1423,194.4,13,25.0,2527.2,1895.4,379.08
1424,268.7,11,10.0,2955.7,2660.13,532.03
1425,67.77,3,20.0,203.31,162.65,32.53
1426,492.06,12,0.0,5904.72,5904.72,1180.94
1427,477.23,7,20.0,3340.61,2672.49,534.5
1428,130.38,8,5.0,1043.04,990.89,198.18
1429,256.36,7,5.0,1794.52,1704.79,340.96
1430,153.09,3,15.0,459.27,390.38,78.08
1431,410.0,7,25.0,2870.0,2152.5,430.5
1432,334.07,20,0.0,6681.4,6681.4,1336.28
1433,331.49,16,15.0,5303.84,4508.26,901.65
1434,455.72,2,15.0,911.44,774.72,154.94
1435,46.74,19,15.0,888.06,754.85,150.97
1436,492.84,10,15.0,4928.4,4189.14,837.83
1437,173.81,2,10.0,347.62,312.86,62.57
1438,18.63,18,5.0,335.34,318.57,63.71
1439,75.76,14,20.0,1060.64,848.51,169.7
1440,208.92,1,10.0,208.92,188.03,37.61
1441,67.99,9,25.0,611.91,458.93,91.79
1442,319.83,3,10.0,959.49,863.54,172.71
1443,73.7,3,10.0,221.1,198.99,39.8
1444,61.68,7,5.0,431.76,410.17,82.03
1445,498.5,14,0.0,6979.0,6979.0,1395.8
1446,393.0,15,0.0,5895.0,5895.0,1179.0
1447,327.36,3,20.0,982.08,785.66,157.13
1448,294.17,8,5.0,2353.36,2235.69,447.14
1449,314.23,14,0.0,4399.22,4399.22,879.84
1450,308.58,7,0.0,2160.06,2160.06,432.01
1451,462.58,5,5.0,2312.9,2197.26,439.45
1452,172.57,5,20.0,862.85,690.28,138.06
1453,104.24,1,20.0,104.24,83.39,16.68
1454,113.17,4,5.0,452.68,430.05,86.01
1455,319.62,19,5.0,6072.78,5769.14,1153.83
1456,245.54,18,5.0,4419.72,4198.73,839.75
1457,453.84,11,0.0,4992.24,4992.24,998.45
1458,214.32,6,15.0,1285.92,1093.03,218.61
1459,114.59,5,5.0,572.95,544.3,108.86
1460,288.47,14,5.0,4038.58,3836.65,767.33
1461,56.51,8,0.0,452.08,452.08,90.42
1462,193.04,2,5.0,386.08,366.78,73.36
1463,410.1,19,10.0,7791.9,7012.71,1402.54
1464,477.3,14,15.0,6682.2,5679.87,1135.97
1465,378.82,6,0.0,2272.92,2272.92,454.58
1466,26.17,10,0.0,261.7,261.7,52.34
1467,97.98,18,5.0,1763.64,1675.46,335.09
1468,217.45,2,20.0,434.9,347.92,69.58
1469,442.74,20,20.0,8854.8,7083.84,1416.77
1470,440.67,18,5.0,7932.06,7535.46,1507.09
1471,401.36,3,15.0,1204.08,1023.47,204.69
1472,58.95,14,15.0,825.3,701.5,140.3
1473,16.74,9,20.0,150.66,120.53,24.11
1474,243.67,14,0.0,3411.38,3411.38,682.28
1475,201.63,7,25.0,1411.41,1058.56,211.71
1476,162.01,11,0.0,1782.11,1782.11,356.42
1477,5.03,12,10.0,60.36,54.32,10.86
1478,186.6,20,0.0,3732.0,3732.0,746.4
1479,454.41,19,15.0,8633.79,7338.72,1467.74
1480,131.94,2,15.0,263.88,224.3,44.86
1481,347.3,7,5.0,2431.1,2309.54,461.91
1482,483.69,13,15.0,6287.97,5344.77,1068.95
1483,140.57,1,20.0,140.57,112.46,22.49
1484,365.5,1,10.0,365.5,328.95,65.79
1485,163.72,10,15.0,1637.2,1391.62,278.32
1486,116.52,19,25.0,2213.88,1660.41,332.08
1487,364.97,6,0.0,2189.82,2189.82,437.96
1488,100.37,14,25.0,1405.18,1053.88,210.78
1489,159.38,18,20.0,2868.84,2295.07,459.01
1490,95.43,8,5.0,763.44,725.27,145.05
1491,83.21,5,15.0,416.05,353.64,70.73
1492,120.22,15,20.0,1803.3,1442.64,288.53
1493,379.17,5,5.0,1895.85,1801.06,360.21
1494,442.15,12,10.0,5305.8,4775.22,955.04
1495,53.47,3,10.0,160.41,144.37,28.87
1496,315.41,1,0.0,315.41,315.41,63.08
1497,270.07,17,15.0,4591.19,3902.51,780.5
1498,216.34,9,0.0,1947.06,1947.06,389.41
1499,41.36,1,25.0,41.36,31.02,6.2
1500,354.63,19,10.0,6737.97,6064.17,1212.83
1501,74.87,9,0.0,673.83,673.83,134.77
1502,198.66,6,0.0,1191.96,1191.96,238.39
1503,75.12,10,20.0,751.2,600.96,120.19
1504,169.77,11,20.0,1867.47,1493.98,298.8
1505,249.56,20,5.0,4991.2,4741.64,948.33
1506,95.35,1,10.0,95.35,85.81,17.16
1507,232.81,17,5.0,3957.77,3759.88,751.98
1508,377.35,10,20.0,3773.5,3018.8,603.76
1509,164.96,18,10.0,2969.28,2672.35,534.47
1510,74.93,10,0.0,749.3,749.3,149.86
1511,376.64,17,20.0,6402.88,5122.3,1024.46
1512,488.64,6,25.0,2931.84,2198.88,439.78
1513,425.21,17,5.0,7228.57,6867.14,1373.43
1514,498.27,5,10.0,2491.35,2242.22,448.44
1515,416.6,12,15.0,4999.2,4249.32,849.86
1516,417.53,13,20.0,5427.89,4342.31,868.46
1517,353.12,5,25.0,1765.6,1324.2,264.84
1518,70.94,16,25.0,1135.04,851.28,170.26
1519,277.37,7,15.0,1941.59,1650.35,330.07
1520,292.02,17,10.0,4964.34,4467.91,893.58
1521,302.41,10,25.0,3024.1,2268.08,453.62
1522,431.21,17,25.0,7330.57,5497.93,1099.59
1523,191.76,12,10.0,2301.12,2071.01,414.2
1524,310.39,19,0.0,5897.41,5897.41,1179.48
1525,306.88,1,0.0,306.88,306.88,61.38
1526,457.73,14,25.0,6408.22,4806.16,961.23
1527,19.24,11,15.0,211.64,179.89,35.98
1528,393.9,3,20.0,1181.7,945.36,189.07
1529,252.82,10,5.0,2528.2,2401.79,480.36
1530,46.25,13,10.0,601.25,541.12,108.23
1531,397.96,7,25.0,2785.72,2089.29,417.86
1532,56.25,8,20.0,450.0,360.0,72.0
1533,320.18,19,0.0,6083.42,6083.42,1216.68
1534,16.01,4,5.0,64.04,60.84,12.17
1535,71.35,19,25.0,1355.65,1016.74,203.35
1536,19.09,15,20.0,286.35,229.08,45.82
1537,281.25,4,20.0,1125.0,900.0,180.0
1538,45.93,9,20.0,413.37,330.7,66.14
1539,229.44,2,15.0,458.88,390.05,78.01
1540,405.61,9,10.0,3650.49,3285.44,657.09
1541,494.68,12,5.0,5936.16,5639.35,1127.87
1542,275.98,5,15.0,1379.9,1172.91,234.58
1543,436.5,19,10.0,8293.5,7464.15,1492.83
1544,175.43,2,0.0,350.86,350.86,70.17
1545,247.88,17,5.0,4213.96,4003.26,800.65
1546,477.05,11,25.0,5247.55,3935.66,787.13
1547,312.85,19,10.0,5944.15,5349.74,1069.95
1548,303.16,20,15.0,6063.2,5153.72,1030.74
1549,303.87,11,25.0,3342.57,2506.93,501.39
1550,122.77,12,20.0,1473.24,1178.59,235.72
1551,274.09,3,5.0,822.27,781.16,156.23
1552,15.44,4,15.0,61.76,52.5,10.5
1553,91.26,2,0.0,182.52,182.52,36.5
1554,223.13,10,15.0,2231.3,1896.61,379.32
1555,475.3,13,15.0,6178.9,5252.07,1050.41
1556,229.41,1,5.0,229.41,217.94,43.59
1557,212.94,13,15.0,2768.22,2352.99,470.6
1558,218.75,12,10.0,2625.0,2362.5,472.5
1559,287.01,18,5.0,5166.18,4907.87,981.57
1560,385.97,6,0.0,2315.82,2315.82,463.16
1561,10.04,11,15.0,110.44,93.87,18.77
1562,115.59,17,20.0,1965.03,1572.02,314.4
1563,32.94,14,10.0,461.16,415.04,83.01
1564,106.55,15,10.0,1598.25,1438.42,287.69
1565,9.34,14,20.0,130.76,104.61,20.92
1566,497.77,14,10.0,6968.78,6271.9,1254.38
1567,46.02,4,10.0,184.08,165.67,33.13
1568,35.44,17,20.0,602.48,481.98,96.4
1569,142.09,12,10.0,1705.08,1534.57,306.91
1570,10.74,6,20.0,64.44,51.55,10.31
1571,406.66,8,0.0,3253.28,3253.28,650.66
1572,233.66,16,20.0,3738.56,2990.85,598.17
1573,109.48,16,10.0,1751.68,1576.51,315.3
1574,422.74,16,10.0,6763.84,6087.46,1217.49
1575,212.17,4,0.0,848.68,848.68,169.74
1576,363.33,12,15.0,4359.96,3705.97,741.19
1577,385.65,17,5.0,6556.05,6228.25,1245.65
1578,476.18,1,20.0,476.18,380.94,76.19
1579,108.19,15,5.0,1622.85,1541.71,308.34
1580,135.46,12,15.0,1625.52,1381.69,276.34
1581,34.02,7,25.0,238.14,178.61,35.72
1582,467.64,18,0.0,8417.52,8417.52,1683.5
1583,134.54,10,15.0,1345.4,1143.59,228.72
1584,393.5,16,0.0,6296.0,6296.0,1259.2
1585,170.39,17,5.0,2896.63,2751.8,550.36
1586,53.22,2,0.0,106.44,106.44,21.29
1587,435.44,7,5.0,3048.08,2895.68,579.14
1588,193.26,8,25.0,1546.08,1159.56,231.91
1589,285.02,14,20.0,3990.28,3192.22,638.44
1590,325.59,8,10.0,2604.72,2344.25,468.85
1591,123.08,14,15.0,1723.12,1464.65,292.93
1592,405.08,17,10.0,6886.36,6197.72,1239.54
1593,275.45,16,20.0,4407.2,3525.76,705.15
1594,384.18,15,20.0,5762.7,4610.16,922.03
1595,486.36,20,10.0,9727.2,8754.48,1750.9
1596,232.95,20,10.0,4659.0,4193.1,838.62
1597,468.19,17,15.0,7959.23,6765.35,1353.07
1598,301.26,3,5.0,903.78,858.59,171.72
1599,71.52,1,15.0,71.52,60.79,12.16
1600,395.0,7,25.0,2765.0,2073.75,414.75
1601,333.01,16,20.0,5328.16,4262.53,852.51
1602,491.68,10,5.0,4916.8,4670.96,934.19
1603,160.29,14,20.0,2244.06,1795.25,359.05
1604,231.36,3,25.0,694.08,520.56,104.11
1605,178.16,12,5.0,2137.92,2031.02,406.2
1606,332.51,7,25.0,2327.57,1745.68,349.14
1607,301.16,14,10.0,4216.24,3794.62,758.92
1608,167.91,19,15.0,3190.29,2711.75,542.35
1609,118.85,19,15.0,2258.15,1919.43,383.89
1610,447.16,18,20.0,8048.88,6439.1,1287.82
1611,27.34,15,25.0,410.1,307.58,61.52
1612,96.48,13,20.0,1254.24,1003.39,200.68
1613,135.06,5,15.0,675.3,574.0,114.8
1614,440.66,9,5.0,3965.94,3767.64,753.53
1615,411.42,5,25.0,2057.1,1542.82,308.56
1616,308.45,18,10.0,5552.1,4996.89,999.38
1617,468.05,12,25.0,5616.6,4212.45,842.49
1618,331.51,19,5.0,6298.69,5983.76,1196.75
1619,124.86,20,25.0,2497.2,1872.9,374.58
1620,292.14,3,10.0,876.42,788.78,157.76
1621,81.8,8,5.0,654.4,621.68,124.34
1622,433.07,20,10.0,8661.4,7795.26,1559.05
1623,266.78,20,15.0,5335.6,4535.26,907.05
1624,64.74,7,10.0,453.18,407.86,81.57
1625,22.12,6,20.0,132.72,106.18,21.24
1626,414.45,14,15.0,5802.3,4931.95,986.39
1627,36.67,20,0.0,733.4,733.4,146.68
1628,401.1,19,10.0,7620.9,6858.81,1371.76
1629,31.11,10,10.0,311.1,279.99,56.0
1630,79.18,20,25.0,1583.6,1187.7,237.54
1631,51.13,18,20.0,920.34,736.27,147.25
1632,428.92,2,10.0,857.84,772.06,154.41
1633,96.85,3,10.0,290.55,261.49,52.3
1634,379.78,9,0.0,3418.02,3418.02,683.6
1635,452.63,9,15.0,4073.67,3462.62,692.52
1636,218.82,15,10.0,3282.3,2954.07,590.81
1637,18.23,3,25.0,54.69,41.02,8.2
1638,67.51,1,20.0,67.51,54.01,10.8
1639,178.02,6,20.0,1068.12,854.5,170.9
1640,216.63,3,25.0,649.89,487.42,97.48
1641,260.9,18,20.0,4696.2,3756.96,751.39
1642,185.68,13,5.0,2413.84,2293.15,458.63
1643,431.35,20,15.0,8627.0,7332.95,1466.59
1644,421.69,14,5.0,5903.66,5608.48,1121.7
1645,436.06,14,10.0,6104.84,5494.36,1098.87
1646,69.32,12,20.0,831.84,665.47,133.09
1647,130.27,20,20.0,2605.4,2084.32,416.86
1648,204.33,7,25.0,1430.31,1072.73,214.55
1649,340.53,15,25.0,5107.95,3830.96,766.19
1650,353.8,3,15.0,1061.4,902.19,180.44
1651,444.19,8,10.0,3553.52,3198.17,639.63
1652,455.28,20,0.0,9105.6,9105.6,1821.12
1653,230.75,4,0.0,923.0,923.0,184.6
1654,307.65,11,0.0,3384.15,3384.15,676.83
1655,165.42,4,20.0,661.68,529.34,105.87
1656,353.9,19,15.0,6724.1,5715.48,1143.1
1657,42.33,18,25.0,761.94,571.45,114.29
1658,400.48,2,10.0,800.96,720.86,144.17
1659,397.42,15,5.0,5961.3,5663.23,1132.65
1660,441.83,3,15.0,1325.49,1126.67,225.33
1661,120.27,2,5.0,240.54,228.51,45.7
1662,134.27,12,20.0,1611.24,1288.99,257.8
1663,138.14,6,5.0,828.84,787.4,157.48
1664,230.13,15,10.0,3451.95,3106.76,621.35
1665,247.64,13,5.0,3219.32,3058.35,611.67
1666,234.43,18,10.0,4219.74,3797.77,759.55
1667,306.52,13,15.0,3984.76,3387.05,677.41
1668,35.69,6,10.0,214.14,192.73,38.55
1669,252.66,14,25.0,3537.24,2652.93,530.59
1670,369.54,19,0.0,7021.26,7021.26,1404.25
1671,390.01,5,10.0,1950.05,1755.05,351.01
1672,46.75,19,15.0,888.25,755.01,151.0
1673,200.87,12,25.0,2410.44,1807.83,361.57
1674,364.87,13,25.0,4743.31,3557.48,711.5
1675,238.56,19,10.0,4532.64,4079.38,815.88
1676,196.29,17,5.0,3336.93,3170.08,634.02
1677,177.14,6,20.0,1062.84,850.27,170.05
1678,323.5,8,0.0,2588.0,2588.0,517.6
1679,42.24,14,20.0,591.36,473.09,94.62
1680,342.54,18,20.0,6165.72,4932.58,986.52
1681,66.79,9,5.0,601.11,571.05,114.21
1682,16.6,4,5.0,66.4,63.08,12.62
1683,80.41,12,10.0,964.92,868.43,173.69
1684,88.21,4,5.0,352.84,335.2,67.04
1685,168.89,7,5.0,1182.23,1123.12,224.62
1686,422.1,20,0.0,8442.0,8442.0,1688.4
1687,199.05,8,0.0,1592.4,1592.4,318.48
1688,335.28,6,10.0,2011.68,1810.51,362.1
1689,88.76,13,25.0,1153.88,865.41,173.08
1690,401.98,17,25.0,6833.66,5125.24,1025.05
1691,303.43,11,5.0,3337.73,3170.84,634.17
1692,179.09,6,5.0,1074.54,1020.81,204.16
1693,167.65,8,15.0,1341.2,1140.02,228.0
1694,224.84,9,25.0,2023.56,1517.67,303.53
1695,482.41,2,15.0,964.82,820.1,164.02
1696,155.41,6,0.0,932.46,932.46,186.49
1697,232.84,3,25.0,698.52,523.89,104.78
1698,136.01,7,25.0,952.07,714.05,142.81
1699,173.13,8,25.0,1385.04,1038.78,207.76
1700,338.84,8,5.0,2710.72,2575.18,515.04
1701,251.97,7,15.0,1763.79,1499.22,299.84
1702,377.37,10,15.0,3773.7,3207.64,641.53
1703,219.44,3,25.0,658.32,493.74,98.75
1704,92.34,19,15.0,1754.46,1491.29,298.26
1705,340.3,10,20.0,3403.0,2722.4,544.48
1706,315.36,13,25.0,4099.68,3074.76,614.95
1707,76.23,13,20.0,990.99,792.79,158.56
1708,200.12,11,20.0,2201.32,1761.06,352.21
1709,483.52,12,20.0,5802.24,4641.79,928.36
1710,212.63,11,25.0,2338.93,1754.2,350.84
1711,344.53,6,10.0,2067.18,1860.46,372.09
1712,379.35,6,15.0,2276.1,1934.69,386.94
1713,486.25,16,0.0,7780.0,7780.0,1556.0
1714,23.54,11,0.0,258.94,258.94,51.79
1715,131.55,14,15.0,1841.7,1565.45,313.09
1716,314.22,8,10.0,2513.76,2262.38,452.48
1717,252.38,10,0.0,2523.8,2523.8,504.76
1718,486.96,6,0.0,2921.76,2921.76,584.35
1719,20.2,11,15.0,222.2,188.87,37.77
1720,265.33,3,20.0,795.99,636.79,127.36
1721,279.31,5,10.0,1396.55,1256.89,251.38
1722,423.12,9,10.0,3808.08,3427.27,685.45
1723,12.9,20,5.0,258.0,245.1,49.02
1724,266.3,7,0.0,1864.1,1864.1,372.82
1725,178.47,11,5.0,1963.17,1865.01,373.0
1726,317.84,6,5.0,1907.04,1811.69,362.34
1727,81.98,19,25.0,1557.62,1168.22,233.64
1728,421.73,12,10.0,5060.76,4554.68,910.94
1729,145.71,6,10.0,874.26,786.83,157.37
1730,166.33,14,15.0,2328.62,1979.33,395.87
1731,114.68,2,20.0,229.36,183.49,36.7
1732,269.85,3,5.0,809.55,769.07,153.81
1733,342.59,1,10.0,342.59,308.33,61.67
1734,458.93,12,15.0,5507.16,4681.09,936.22
1735,445.15,20,10.0,8903.0,8012.7,1602.54
1736,86.09,16,10.0,1377.44,1239.7,247.94
1737,332.04,20,10.0,6640.8,5976.72,1195.34
1738,196.77,8,20.0,1574.16,1259.33,251.87
1739,259.36,2,20.0,518.72,414.98,83.0
1740,152.75,4,5.0,611.0,580.45,116.09
1741,128.01,12,0.0,1536.12,1536.12,307.22
1742,62.39,6,0.0,374.34,374.34,74.87
1743,280.22,13,0.0,3642.86,3642.86,728.57
1744,199.15,4,5.0,796.6,756.77,151.35
1745,492.37,1,20.0,492.37,393.9,78.78
1746,59.89,15,5.0,898.35,853.43,170.69
1747,77.39,1,20.0,77.39,61.91,12.38
1748,126.69,16,25.0,2027.04,1520.28,304.06
1749,31.94,4,20.0,127.76,102.21,20.44
1750,388.56,5,10.0,1942.8,1748.52,349.7
1751,185.47,14,25.0,2596.58,1947.43,389.49
1752,490.07,17,15.0,8331.19,7081.51,1416.3
1753,368.65,3,15.0,1105.95,940.06,188.01
1754,35.52,20,25.0,710.4,532.8,106.56
1755,414.72,16,0.0,6635.52,6635.52,1327.1
1756,80.0,2,15.0,160.0,136.0,27.2
1757,283.98,20,0.0,5679.6,5679.6,1135.92
1758,147.77,13,0.0,1921.01,1921.01,384.2
1759,128.23,3,25.0,384.69,288.52,57.7
1760,475.78,18,5.0,8564.04,8135.84,1627.17
1761,166.18,1,10.0,166.18,149.56,29.91
1762,461.33,11,15.0,5074.63,4313.44,862.69
1763,39.7,20,20.0,794.0,635.2,127.04
1764,477.09,5,15.0,2385.45,2027.63,405.53
1765,498.76,3,0.0,1496.28,1496.28,299.26
1766,340.95,12,10.0,4091.4,3682.26,736.45
1767,496.79,5,10.0,2483.95,2235.56,447.11
1768,5.66,12,0.0,67.92,67.92,13.58
1769,419.0,8,0.0,3352.0,3352.0,670.4
1770,257.78,4,5.0,1031.12,979.56,195.91
1771,473.8,11,15.0,5211.8,4430.03,886.01
1772,449.56,13,5.0,5844.28,5552.07,1110.41
1773,162.35,15,0.0,2435.25,2435.25,487.05
1774,393.23,6,15.0,2359.38,2005.47,401.09
1775,306.11,3,20.0,918.33,734.66,146.93
1776,332.08,11,15.0,3652.88,3104.95,620.99
1777,102.64,16,5.0,1642.24,1560.13,312.03
1778,67.16,16,5.0,1074.56,1020.83,204.17
1779,485.64,19,25.0,9227.16,6920.37,1384.07
1780,269.9,12,0.0,3238.8,3238.8,647.76
1781,355.21,9,15.0,3196.89,2717.36,543.47
1782,84.29,10,15.0,842.9,716.47,143.29
1783,467.87,20,25.0,9357.4,7018.05,1403.61
1784,308.86,5,5.0,1544.3,1467.09,293.42
1785,246.02,12,10.0,2952.24,2657.02,531.4
1786,177.76,6,20.0,1066.56,853.25,170.65
1787,251.63,13,0.0,3271.19,3271.19,654.24
1788,238.99,2,10.0,477.98,430.18,86.04
1789,443.32,11,20.0,4876.52,3901.22,780.24
1790,82.33,5,10.0,411.65,370.49,74.1
1791,106.77,2,15.0,213.54,181.51,36.3
1792,222.49,1,15.0,222.49,189.12,37.82
1793,367.35,15,0.0,5510.25,5510.25,1102.05
1794,129.95,3,25.0,389.85,292.39,58.48
1795,318.93,20,0.0,6378.6,6378.6,1275.72
1796,37.62,17,10.0,639.54,575.59,115.12
1797,431.93,18,20.0,7774.74,6219.79,1243.96
1798,107.87,13,0.0,1402.31,1402.31,280.46
1799,336.88,1,25.0,336.88,252.66,50.53
1800,233.79,12,10.0,2805.48,2524.93,504.99
1801,321.41,8,5.0,2571.28,2442.72,488.54
1802,331.96,19,5.0,6307.24,5991.88,1198.38
1803,372.71,4,25.0,1490.84,1118.13,223.63
1804,369.12,3,10.0,1107.36,996.62,199.32
1805,195.28,20,0.0,3905.6,3905.6,781.12
1806,163.12,4,20.0,652.48,521.98,104.4
1807,453.93,13,0.0,5901.09,5901.09,1180.22
1808,80.17,18,5.0,1443.06,1370.91,274.18
1809,183.77,17,0.0,3124.09,3124.09,624.82
1810,214.05,8,15.0,1712.4,1455.54,291.11
1811,85.18,3,15.0,255.54,217.21,43.44
1812,304.15,16,0.0,4866.4,4866.4,973.28
1813,11.04,2,0.0,22.08,22.08,4.42
1814,90.9,20,15.0,1818.0,1545.3,309.06
1815,485.24,8,10.0,3881.92,3493.73,698.75
1816,273.84,3,20.0,821.52,657.22,131.44
1817,236.75,4,25.0,947.0,710.25,142.05
1818,241.23,6,10.0,1447.38,1302.64,260.53
1819,390.38,4,25.0,1561.52,1171.14,234.23
1820,269.69,20,15.0,5393.8,4584.73,916.95
1821,21.49,6,25.0,128.94,96.7,19.34
1822,48.69,17,25.0,827.73,620.8,124.16
1823,95.94,10,0.0,959.4,959.4,191.88
1824,234.59,6,15.0,1407.54,1196.41,239.28
1825,497.95,6,5.0,2987.7,2838.31,567.66
1826,280.67,19,10.0,5332.73,4799.46,959.89
1827,48.64,2,20.0,97.28,77.82,15.56
1828,357.17,17,5.0,6071.89,5768.3,1153.66
1829,414.91,2,10.0,829.82,746.84,149.37
1830,320.19,16,15.0,5123.04,4354.58,870.92
1831,22.43,12,20.0,269.16,215.33,43.07
1832,282.98,11,5.0,3112.78,2957.14,591.43
1833,98.9,17,5.0,1681.3,1597.24,319.45
1834,72.86,7,5.0,510.02,484.52,96.9
1835,70.63,1,15.0,70.63,60.04,12.01
1836,250.07,1,20.0,250.07,200.06,40.01
1837,230.72,7,0.0,1615.04,1615.04,323.01
1838,250.79,3,5.0,752.37,714.75,142.95
1839,163.49,7,15.0,1144.43,972.77,194.55
1840,165.22,14,25.0,2313.08,1734.81,346.96
1841,495.98,13,0.0,6447.74,6447.74,1289.55
1842,206.62,13,10.0,2686.06,2417.45,483.49
1843,282.82,8,10.0,2262.56,2036.3,407.26
1844,5.04,14,10.0,70.56,63.5,12.7
1845,19.22,3,10.0,57.66,51.89,10.38
1846,264.52,5,25.0,1322.6,991.95,198.39
1847,320.57,2,20.0,641.14,512.91,102.58
1848,259.99,9,25.0,2339.91,1754.93,350.99
1849,456.97,2,10.0,913.94,822.55,164.51
1850,386.84,11,25.0,4255.24,3191.43,638.29
1851,100.36,20,20.0,2007.2,1605.76,321.15
1852,284.29,5,10.0,1421.45,1279.31,255.86
1853,143.44,8,25.0,1147.52,860.64,172.13
1854,206.45,2,5.0,412.9,392.25,78.45
1855,86.16,10,25.0,861.6,646.2,129.24
1856,122.05,13,15.0,1586.65,1348.65,269.73
1857,159.63,20,20.0,3192.6,2554.08,510.82
1858,41.51,5,20.0,207.55,166.04,33.21
1859,200.49,13,25.0,2606.37,1954.78,390.96
1860,285.0,1,25.0,285.0,213.75,42.75
1861,486.94,15,0.0,7304.1,7304.1,1460.82
1862,250.85,13,15.0,3261.05,2771.89,554.38
1863,492.93,11,10.0,5422.23,4880.01,976.0
1864,20.77,12,5.0,249.24,236.78,47.36
1865,457.55,19,15.0,8693.45,7389.43,1477.89
1866,54.02,6,0.0,324.12,324.12,64.82
1867,277.46,13,0.0,3606.98,3606.98,721.4
1868,375.19,18,0.0,6753.42,6753.42,1350.68
1869,406.3,5,20.0,2031.5,1625.2,325.04
1870,91.8,6,5.0,550.8,523.26,104.65
1871,275.76,18,20.0,4963.68,3970.94,794.19
1872,83.06,8,25.0,664.48,498.36,99.67
1873,253.09,6,15.0,1518.54,1290.76,258.15
1874,410.87,4,5.0,1643.48,1561.31,312.26
1875,303.48,4,5.0,1213.92,1153.22,230.64
1876,51.69,20,15.0,1033.8,878.73,175.75
1877,124.33,5,0.0,621.65,621.65,124.33
1878,329.47,14,0.0,4612.58,4612.58,922.52
1879,236.71,17,10.0,4024.07,3621.66,724.33
1880,138.61,20,20.0,2772.2,2217.76,443.55
1881,359.67,1,0.0,359.67,359.67,71.93
1882,94.21,20,15.0,1884.2,1601.57,320.31
1883,285.17,18,10.0,5133.06,4619.75,923.95
1884,41.28,15,20.0,619.2,495.36,99.07
1885,388.63,15,10.0,5829.45,5246.51,1049.3
1886,194.63,18,20.0,3503.34,2802.67,560.53
1887,226.26,9,25.0,2036.34,1527.25,305.45
1888,439.23,5,15.0,2196.15,1866.73,373.35
1889,169.39,12,0.0,2032.68,2032.68,406.54
1890,140.35,2,0.0,280.7,280.7,56.14
1891,498.69,17,5.0,8477.73,8053.84,1610.77
1892,434.6,7,5.0,3042.2,2890.09,578.02
1893,457.78,5,0.0,2288.9,2288.9,457.78
1894,173.43,11,20.0,1907.73,1526.18,305.24
1895,249.71,12,0.0,2996.52,2996.52,599.3
1896,434.53,11,15.0,4779.83,4062.86,812.57
1897,237.71,9,0.0,2139.39,2139.39,427.88
1898,66.11,17,5.0,1123.87,1067.68,213.54
1899,80.88,20,15.0,1617.6,1374.96,274.99
1900,74.79,14,5.0,1047.06,994.71,198.94
1901,358.38,3,0.0,1075.14,1075.14,215.03
1902,321.88,1,25.0,321.88,241.41,48.28
1903,461.85,9,5.0,4156.65,3948.82,789.76
1904,414.82,16,0.0,6637.12,6637.12,1327.42
1905,172.22,1,10.0,172.22,155.0,31.0
1906,103.65,5,20.0,518.25,414.6,82.92
1907,230.32,19,15.0,4376.08,3719.67,743.93
1908,240.68,4,0.0,962.72,962.72,192.54
1909,422.89,2,15.0,845.78,718.91,143.78
1910,194.72,12,10.0,2336.64,2102.98,420.6
1911,348.28,13,25.0,4527.64,3395.73,679.15
1912,167.94,10,20.0,1679.4,1343.52,268.7
1913,16.47,6,15.0,98.82,84.0,16.8
1914,343.27,10,25.0,3432.7,2574.52,514.9
1915,88.12,20,15.0,1762.4,1498.04,299.61
1916,490.18,14,0.0,6862.52,6862.52,1372.5
1917,303.3,15,0.0,4549.5,4549.5,909.9
1918,471.57,16,5.0,7545.12,7167.86,1433.57
1919,446.08,13,5.0,5799.04,5509.09,1101.82
1920,361.99,10,10.0,3619.9,3257.91,651.58
1921,295.52,15,20.0,4432.8,3546.24,709.25
1922,340.04,16,0.0,5440.64,5440.64,1088.13
1923,192.21,6,15.0,1153.26,980.27,196.05
1924,210.52,16,15.0,3368.32,2863.07,572.61
1925,374.65,10,25.0,3746.5,2809.88,561.98
1926,123.63,8,15.0,989.04,840.68,168.14
1927,441.04,14,20.0,6174.56,4939.65,987.93
1928,397.79,17,5.0,6762.43,6424.31,1284.86
1929,342.96,7,15.0,2400.72,2040.61,408.12
1930,396.75,6,20.0,2380.5,1904.4,380.88
1931,389.42,13,25.0,5062.46,3796.85,759.37
1932,426.47,16,15.0,6823.52,5799.99,1160.0
1933,309.22,15,25.0,4638.3,3478.73,695.75
1934,167.28,7,10.0,1170.96,1053.86,210.77
1935,28.96,7,5.0,202.72,192.58,38.52
1936,149.02,12,10.0,1788.24,1609.42,321.88
1937,239.54,13,0.0,3114.02,3114.02,622.8
1938,452.08,20,25.0,9041.6,6781.2,1356.24
1939,319.66,11,20.0,3516.26,2813.01,562.6
1940,158.47,8,5.0,1267.76,1204.37,240.87
1941,471.29,18,0.0,8483.22,8483.22,1696.64
1942,101.08,1,25.0,101.08,75.81,15.16
1943,240.7,17,10.0,4091.9,3682.71,736.54
1944,88.82,2,20.0,177.64,142.11,28.42
1945,185.33,15,0.0,2779.95,2779.95,555.99
1946,165.03,20,25.0,3300.6,2475.45,495.09
1947,129.47,16,10.0,2071.52,1864.37,372.87
1948,342.26,4,10.0,1369.04,1232.14,246.43
1949,187.64,19,10.0,3565.16,3208.64,641.73
1950,233.01,2,10.0,466.02,419.42,83.88
1951,183.15,6,5.0,1098.9,1043.95,208.79
1952,190.18,2,10.0,380.36,342.32,68.46
1953,147.95,9,5.0,1331.55,1264.97,252.99
1954,439.3,6,25.0,2635.8,1976.85,395.37
1955,304.19,11,25.0,3346.09,2509.57,501.91
1956,204.1,11,20.0,2245.1,1796.08,359.22
1957,454.87,1,5.0,454.87,432.13,86.43
1958,59.38,19,5.0,1128.22,1071.81,214.36
1959,90.99,14,10.0,1273.86,1146.47,229.29
1960,225.08,9,0.0,2025.72,2025.72,405.14
1961,138.88,20,20.0,2777.6,2222.08,444.42
1962,171.96,20,25.0,3439.2,2579.4,515.88
1963,376.79,6,10.0,2260.74,2034.67,406.93
1964,15.57,16,0.0,249.12,249.12,49.82
1965,416.94,6,10.0,2501.64,2251.48,450.3
1966,122.67,14,15.0,1717.38,1459.77,291.95
1967,255.65,3,25.0,766.95,575.21,115.04
1968,75.94,19,20.0,1442.86,1154.29,230.86
1969,398.19,8,20.0,3185.52,2548.42,509.68
1970,156.69,20,0.0,3133.8,3133.8,626.76
1971,343.39,2,20.0,686.78,549.42,109.88
1972,348.22,9,10.0,3133.98,2820.58,564.12
1973,391.5,17,5.0,6655.5,6322.72,1264.55
1974,73.29,18,25.0,1319.22,989.41,197.88
1975,19.27,8,10.0,154.16,138.74,27.75
1976,395.84,6,25.0,2375.04,1781.28,356.26
1977,202.05,4,10.0,808.2,727.38,145.48
1978,360.06,1,25.0,360.06,270.05,54.01
1979,98.6,13,25.0,1281.8,961.35,192.27
1980,79.03,2,10.0,158.06,142.25,28.45
1981,363.89,15,25.0,5458.35,4093.76,818.75
1982,447.05,14,25.0,6258.7,4694.02,938.8
1983,353.98,14,0.0,4955.72,4955.72,991.14
1984,485.76,2,15.0,971.52,825.79,165.16
1985,434.27,11,20.0,4776.97,3821.58,764.32
1986,361.92,4,20.0,1447.68,1158.14,231.63
1987,35.55,3,10.0,106.65,95.98,19.2
1988,153.71,19,5.0,2920.49,2774.47,554.89
1989,473.7,15,25.0,7105.5,5329.12,1065.83
1990,82.01,2,5.0,164.02,155.82,31.16
1991,483.27,20,5.0,9665.4,9182.13,1836.43
1992,305.24,6,10.0,1831.44,1648.3,329.66
1993,182.75,6,20.0,1096.5,877.2,175.44
1994,217.17,1,10.0,217.17,195.45,39.09
1995,217.36,9,10.0,1956.24,1760.62,352.12
1996,326.7,20,10.0,6534.0,5880.6,1176.12
1997,102.44,1,20.0,102.44,81.95,16.39
1998,96.47,20,0.0,1929.4,1929.4,385.88
1999,161.68,8,15.0,1293.44,1099.42,219.88
2000,254.73,6,20.0,1528.38,1222.7,244.54
2001,41.03,16,10.0,656.48,590.83,118.17
2002,269.17,20,25.0,5383.4,4037.55,807.51
2003,496.97,9,20.0,4472.73,3578.18,715.64
2004,313.17,3,15.0,939.51,798.58,159.72
2005,174.24,4,20.0,696.96,557.57,111.51
2006,197.39,17,25.0,3355.63,2516.72,503.34
2007,372.45,5,5.0,1862.25,1769.14,353.83
2008,162.27,1,5.0,162.27,154.16,30.83
2009,164.9,8,20.0,1319.2,1055.36,211.07
2010,234.0,3,10.0,702.0,631.8,126.36
2011,233.96,9,20.0,2105.64,1684.51,336.9
2012,80.65,13,20.0,1048.45,838.76,167.75
2013,221.04,13,0.0,2873.52,2873.52,574.7
2014,25.15,7,25.0,176.05,132.04,26.41
2015,444.45,20,5.0,8889.0,8444.55,1688.91
2016,197.56,4,0.0,790.24,790.24,158.05
2017,450.31,4,15.0,1801.24,1531.05,306.21
2018,211.2,17,15.0,3590.4,3051.84,610.37
2019,12.3,19,5.0,233.7,222.02,44.4
2020,138.61,12,10.0,1663.32,1496.99,299.4
2021,489.49,9,10.0,4405.41,3964.87,792.97
2022,481.59,5,5.0,2407.95,2287.55,457.51
2023,443.13,10,10.0,4431.3,3988.17,797.63
2024,164.14,4,0.0,656.56,656.56,131.31
2025,81.37,4,5.0,325.48,309.21,61.84
2026,114.6,13,0.0,1489.8,1489.8,297.96
2027,29.35,18,25.0,528.3,396.23,79.25
2028,151.52,6,15.0,909.12,772.75,154.55
2029,388.84,19,25.0,7387.96,5540.97,1108.19
2030,162.49,3,5.0,487.47,463.1,92.62
2031,474.71,15,15.0,7120.65,6052.55,1210.51
2032,62.54,16,0.0,1000.64,1000.64,200.13
2033,114.75,5,20.0,573.75,459.0,91.8
2034,348.61,4,25.0,1394.44,1045.83,209.17
2035,90.71,19,20.0,1723.49,1378.79,275.76
2036,166.16,19,0.0,3157.04,3157.04,631.41
2037,110.07,19,25.0,2091.33,1568.5,313.7
2038,35.57,10,20.0,355.7,284.56,56.91
2039,56.96,19,5.0,1082.24,1028.13,205.63
2040,390.32,11,10.0,4293.52,3864.17,772.83
2041,14.56,5,10.0,72.8,65.52,13.1
2042,68.65,9,0.0,617.85,617.85,123.57
2043,346.62,14,10.0,4852.68,4367.41,873.48
2044,405.91,16,5.0,6494.56,6169.83,1233.97
2045,169.28,5,25.0,846.4,634.8,126.96
2046,414.22,11,20.0,4556.42,3645.14,729.03
2047,488.57,20,5.0,9771.4,9282.83,1856.57
2048,353.28,9,10.0,3179.52,2861.57,572.31
2049,411.27,4,15.0,1645.08,1398.32,279.66
2050,140.35,12,0.0,1684.2,1684.2,336.84
2051,295.3,19,0.0,5610.7,5610.7,1122.14
2052,46.94,6,10.0,281.64,253.48,50.7
2053,359.79,9,20.0,3238.11,2590.49,518.1
2054,218.86,18,20.0,3939.48,3151.58,630.32
2055,275.72,11,0.0,3032.92,3032.92,606.58
2056,303.77,10,25.0,3037.7,2278.27,455.65
2057,475.32,17,0.0,8080.44,8080.44,1616.09
2058,142.92,6,10.0,857.52,771.77,154.35
2059,367.35,17,15.0,6244.95,5308.21,1061.64
2060,316.07,6,20.0,1896.42,1517.14,303.43
2061,249.77,10,15.0,2497.7,2123.05,424.61
2062,395.7,13,10.0,5144.1,4629.69,925.94
2063,191.03,12,5.0,2292.36,2177.74,435.55
2064,219.42,19,0.0,4168.98,4168.98,833.8
2065,156.7,8,25.0,1253.6,940.2,188.04
2066,70.31,17,10.0,1195.27,1075.74,215.15
2067,130.79,3,10.0,392.37,353.13,70.63
2068,417.78,16,25.0,6684.48,5013.36,1002.67
2069,421.55,11,10.0,4637.05,4173.35,834.67
2070,385.44,18,5.0,6937.92,6591.02,1318.2
2071,208.7,12,5.0,2504.4,2379.18,475.84
2072,475.65,5,10.0,2378.25,2140.43,428.09
2073,254.13,1,25.0,254.13,190.6,38.12
2074,16.72,1,20.0,16.72,13.38,2.68
2075,122.81,2,10.0,245.62,221.06,44.21
2076,60.63,2,15.0,121.26,103.07,20.61
2077,313.05,4,5.0,1252.2,1189.59,237.92
2078,24.91,2,5.0,49.82,47.33,9.47
2079,56.07,14,5.0,784.98,745.73,149.15
2080,325.84,20,10.0,6516.8,5865.12,1173.02
2081,98.92,5,0.0,494.6,494.6,98.92
2082,380.1,8,5.0,3040.8,2888.76,577.75
2083,106.54,12,15.0,1278.48,1086.71,217.34
2084,105.57,19,0.0,2005.83,2005.83,401.17
2085,18.66,3,5.0,55.98,53.18,10.64
2086,382.74,1,5.0,382.74,363.6,72.72
2087,257.27,5,10.0,1286.35,1157.71,231.54
2088,428.79,11,5.0,4716.69,4480.86,896.17
2089,218.16,10,15.0,2181.6,1854.36,370.87
2090,58.65,4,25.0,234.6,175.95,35.19
2091,73.15,2,20.0,146.3,117.04,23.41
2092,131.4,4,0.0,525.6,525.6,105.12
2093,127.06,9,0.0,1143.54,1143.54,228.71
2094,180.7,18,0.0,3252.6,3252.6,650.52
2095,451.54,19,20.0,8579.26,6863.41,1372.68
2096,477.41,12,20.0,5728.92,4583.14,916.63
2097,239.55,6,10.0,1437.3,1293.57,258.71
2098,434.29,1,5.0,434.29,412.58,82.52
2099,77.69,15,20.0,1165.35,932.28,186.46
2100,232.23,12,20.0,2786.76,2229.41,445.88
2101,300.19,20,15.0,6003.8,5103.23,1020.65
2102,401.23,13,10.0,5215.99,4694.39,938.88
2103,139.29,11,10.0,1532.19,1378.97,275.79
2104,375.32,9,20.0,3377.88,2702.3,540.46
2105,394.46,17,20.0,6705.82,5364.66,1072.93
2106,260.85,6,0.0,1565.1,1565.1,313.02
2107,107.16,18,10.0,1928.88,1735.99,347.2
2108,162.06,14,15.0,2268.84,1928.51,385.7
2109,158.65,17,0.0,2697.05,2697.05,539.41
2110,81.82,20,25.0,1636.4,1227.3,245.46
2111,114.85,16,0.0,1837.6,1837.6,367.52
2112,106.29,13,0.0,1381.77,1381.77,276.35
2113,300.25,15,5.0,4503.75,4278.56,855.71
2114,128.3,6,5.0,769.8,731.31,146.26
2115,161.38,5,0.0,806.9,806.9,161.38
2116,75.12,17,5.0,1277.04,1213.19,242.64
2117,292.28,4,10.0,1169.12,1052.21,210.44
2118,199.83,9,5.0,1798.47,1708.55,341.71
2119,398.55,11,15.0,4384.05,3726.44,745.29
2120,375.36,6,15.0,2252.16,1914.34,382.87
2121,328.4,16,10.0,5254.4,4728.96,945.79
2122,272.28,7,10.0,1905.96,1715.36,343.07
2123,105.19,6,20.0,631.14,504.91,100.98
2124,217.01,8,10.0,1736.08,1562.47,312.49
2125,261.24,14,20.0,3657.36,2925.89,585.18
2126,380.67,12,20.0,4568.04,3654.43,730.89
2127,391.35,1,5.0,391.35,371.78,74.36
2128,129.86,1,20.0,129.86,103.89,20.78
2129,472.89,14,20.0,6620.46,5296.37,1059.27
2130,457.83,15,25.0,6867.45,5150.59,1030.12
2131,163.51,6,15.0,981.06,833.9,166.78
2132,204.66,20,20.0,4093.2,3274.56,654.91
2133,459.09,8,5.0,3672.72,3489.08,697.82
2134,179.0,16,10.0,2864.0,2577.6,515.52
2135,219.02,1,25.0,219.02,164.27,32.85
2136,405.05,15,25.0,6075.75,4556.81,911.36
2137,168.61,2,15.0,337.22,286.64,57.33
2138,384.96,1,0.0,384.96,384.96,76.99
2139,50.6,16,5.0,809.6,769.12,153.82
2140,233.13,15,20.0,3496.95,2797.56,559.51
2141,71.62,16,10.0,1145.92,1031.33,206.27
2142,251.31,8,0.0,2010.48,2010.48,402.1
2143,178.82,19,20.0,3397.58,2718.06,543.61
2144,207.87,7,5.0,1455.09,1382.34,276.47
2145,39.53,12,0.0,474.36,474.36,94.87
2146,9.1,9,20.0,81.9,65.52,13.1
2147,24.3,13,10.0,315.9,284.31,56.86
2148,428.53,12,5.0,5142.36,4885.24,977.05
2149,424.35,16,0.0,6789.6,6789.6,1357.92
2150,385.91,1,20.0,385.91,308.73,61.75
2151,363.47,18,5.0,6542.46,6215.34,1243.07
2152,291.06,16,20.0,4656.96,3725.57,745.11
2153,39.95,10,10.0,399.5,359.55,71.91
2154,342.72,17,10.0,5826.24,5243.62,1048.72
2155,434.86,5,0.0,2174.3,2174.3,434.86
2156,454.79,17,0.0,7731.43,7731.43,1546.29
2157,428.48,1,20.0,428.48,342.78,68.56
2158,201.19,3,25.0,603.57,452.68,90.54
2159,146.6,1,5.0,146.6,139.27,27.85
2160,240.66,14,10.0,3369.24,3032.32,606.46
2161,154.89,2,5.0,309.78,294.29,58.86
2162,51.34,13,0.0,667.42,667.42,133.48
2163,185.22,12,15.0,2222.64,1889.24,377.85
2164,468.48,8,5.0,3747.84,3560.45,712.09
2165,88.72,16,10.0,1419.52,1277.57,255.51
2166,37.77,3,10.0,113.31,101.98,20.4
2167,231.83,19,15.0,4404.77,3744.05,748.81
2168,425.19,9,0.0,3826.71,3826.71,765.34
2169,375.98,19,10.0,7143.62,6429.26,1285.85
2170,226.75,15,25.0,3401.25,2550.94,510.19
2171,272.7,14,20.0,3817.8,3054.24,610.85
2172,461.7,1,15.0,461.7,392.44,78.49
2173,163.48,15,20.0,2452.2,1961.76,392.35
2174,437.54,6,0.0,2625.24,2625.24,525.05
2175,102.08,3,20.0,306.24,244.99,49.0
2176,64.0,12,5.0,768.0,729.6,145.92
2177,477.69,9,5.0,4299.21,4084.25,816.85
2178,312.89,2,25.0,625.78,469.33,93.87
2179,191.22,7,25.0,1338.54,1003.9,200.78
2180,335.4,19,5.0,6372.6,6053.97,1210.79
2181,398.6,13,10.0,5181.8,4663.62,932.72
2182,146.92,16,15.0,2350.72,1998.11,399.62
2183,266.42,3,10.0,799.26,719.33,143.87
2184,7.04,14,15.0,98.56,83.78,16.76
2185,27.01,14,10.0,378.14,340.33,68.07
2186,339.13,13,20.0,4408.69,3526.95,705.39
2187,266.34,18,10.0,4794.12,4314.71,862.94
2188,411.6,20,5.0,8232.0,7820.4,1564.08
2189,140.84,5,5.0,704.2,668.99,133.8
2190,455.55,15,5.0,6833.25,6491.59,1298.32
2191,166.13,15,25.0,2491.95,1868.96,373.79
2192,209.83,19,0.0,3986.77,3986.77,797.35
2193,323.15,17,15.0,5493.55,4669.52,933.9
2194,322.81,8,20.0,2582.48,2065.98,413.2
2195,22.42,19,0.0,425.98,425.98,85.2
2196,416.22,5,15.0,2081.1,1768.94,353.79
2197,220.04,14,10.0,3080.56,2772.5,554.5
2198,154.44,4,25.0,617.76,463.32,92.66
2199,316.61,2,25.0,633.22,474.92,94.98
2200,292.2,1,10.0,292.2,262.98,52.6
2201,221.54,14,10.0,3101.56,2791.4,558.28
2202,60.68,19,25.0,1152.92,864.69,172.94
2203,269.19,10,5.0,2691.9,2557.3,511.46
2204,272.64,15,25.0,4089.6,3067.2,613.44
2205,173.32,2,10.0,346.64,311.98,62.4
2206,53.12,18,10.0,956.16,860.54,172.11
2207,126.84,11,15.0,1395.24,1185.95,237.19
2208,222.25,17,5.0,3778.25,3589.34,717.87
2209,339.32,18,20.0,6107.76,4886.21,977.24
2210,368.88,11,20.0,4057.68,3246.14,649.23
2211,138.5,5,0.0,692.5,692.5,138.5
2212,431.18,14,15.0,6036.52,5131.04,1026.21
2213,215.89,13,20.0,2806.57,2245.26,449.05
2214,129.21,14,10.0,1808.94,1628.05,325.61
2215,390.4,4,25.0,1561.6,1171.2,234.24
2216,331.12,14,10.0,4635.68,4172.11,834.42
2217,123.45,20,0.0,2469.0,2469.0,493.8
2218,19.78,11,25.0,217.58,163.19,32.64
2219,213.51,14,10.0,2989.14,2690.23,538.05
2220,145.67,5,25.0,728.35,546.26,109.25
2221,397.22,4,5.0,1588.88,1509.44,301.89
2222,389.74,14,0.0,5456.36,5456.36,1091.27
2223,221.2,3,15.0,663.6,564.06,112.81
2224,160.84,12,0.0,1930.08,1930.08,386.02
2225,85.71,5,25.0,428.55,321.41,64.28
2226,251.0,12,0.0,3012.0,3012.0,602.4
2227,218.75,8,5.0,1750.0,1662.5,332.5
2228,468.14,7,5.0,3276.98,3113.13,622.63
2229,106.11,19,0.0,2016.09,2016.09,403.22
2230,196.45,10,5.0,1964.5,1866.27,373.25
2231,278.91,13,0.0,3625.83,3625.83,725.17
2232,189.45,9,0.0,1705.05,1705.05,341.01
2233,341.24,15,25.0,5118.6,3838.95,767.79
2234,352.82,8,0.0,2822.56,2822.56,564.51
2235,16.15,13,15.0,209.95,178.46,35.69
2236,442.68,16,20.0,7082.88,5666.3,1133.26
2237,95.11,19,0.0,1807.09,1807.09,361.42
2238,23.24,7,15.0,162.68,138.28,27.66
2239,350.12,19,0.0,6652.28,6652.28,1330.46
2240,187.08,7,15.0,1309.56,1113.13,222.63
2241,386.1,13,5.0,5019.3,4768.34,953.67
2242,347.96,5,0.0,1739.8,1739.8,347.96
2243,303.66,20,0.0,6073.2,6073.2,1214.64
2244,220.27,8,15.0,1762.16,1497.84,299.57
2245,112.08,15,10.0,1681.2,1513.08,302.62
2246,11.85,9,25.0,106.65,79.99,16.0
2247,324.75,9,5.0,2922.75,2776.61,555.32
2248,224.61,18,5.0,4042.98,3840.83,768.17
2249,90.33,13,25.0,1174.29,880.72,176.14
2250,87.08,12,20.0,1044.96,835.97,167.19
2251,127.46,11,5.0,1402.06,1331.96,266.39
2252,490.65,14,5.0,6869.1,6525.64,1305.13
2253,126.39,14,0.0,1769.46,1769.46,353.89
2254,386.43,3,5.0,1159.29,1101.33,220.27
2255,299.23,17,10.0,5086.91,4578.22,915.64
2256,478.63,12,10.0,5743.56,5169.2,1033.84
2257,443.46,4,5.0,1773.84,1685.15,337.03
2258,385.32,2,10.0,770.64,693.58,138.72
2259,152.81,9,15.0,1375.29,1169.0,233.8
2260,289.71,4,20.0,1158.84,927.07,185.41
2261,211.77,10,20.0,2117.7,1694.16,338.83
2262,199.79,12,10.0,2397.48,2157.73,431.55
2263,151.51,6,0.0,909.06,909.06,181.81
2264,232.53,14,5.0,3255.42,3092.65,618.53
2265,487.39,13,5.0,6336.07,6019.27,1203.85
2266,7.51,11,10.0,82.61,74.35,14.87
2267,270.17,14,25.0,3782.38,2836.78,567.36
2268,7.15,9,5.0,64.35,61.13,12.23
2269,247.99,10,15.0,2479.9,2107.91,421.58
2270,255.41,12,5.0,3064.92,2911.67,582.33
2271,36.27,17,0.0,616.59,616.59,123.32
2272,279.26,7,15.0,1954.82,1661.6,332.32
2273,296.91,1,15.0,296.91,252.37,50.47
2274,22.59,10,0.0,225.9,225.9,45.18
2275,292.72,4,20.0,1170.88,936.7,187.34
2276,284.3,3,20.0,852.9,682.32,136.46
2277,263.72,16,25.0,4219.52,3164.64,632.93
2278,43.06,6,20.0,258.36,206.69,41.34
2279,82.85,2,0.0,165.7,165.7,33.14
2280,416.28,8,0.0,3330.24,3330.24,666.05
2281,139.92,15,15.0,2098.8,1783.98,356.8
2282,197.43,3,20.0,592.29,473.83,94.77
2283,169.26,9,5.0,1523.34,1447.17,289.43
2284,396.4,8,10.0,3171.2,2854.08,570.82
2285,373.05,12,5.0,4476.6,4252.77,850.55
2286,445.94,9,5.0,4013.46,3812.79,762.56
2287,279.29,4,15.0,1117.16,949.59,189.92
2288,178.85,14,0.0,2503.9,2503.9,500.78
2289,148.2,1,5.0,148.2,140.79,28.16
2290,338.34,14,10.0,4736.76,4263.08,852.62
2291,249.27,16,20.0,3988.32,3190.66,638.13
2292,133.28,7,20.0,932.96,746.37,149.27
2293,264.53,9,5.0,2380.77,2261.73,452.35
2294,361.38,5,10.0,1806.9,1626.21,325.24
2295,444.86,7,20.0,3114.02,2491.22,498.24
2296,74.15,4,5.0,296.6,281.77,56.35
2297,138.52,12,15.0,1662.24,1412.9,282.58
2298,98.29,15,25.0,1474.35,1105.76,221.15
2299,452.91,13,20.0,5887.83,4710.26,942.05
2300,442.19,18,10.0,7959.42,7163.48,1432.7
2301,140.37,1,10.0,140.37,126.33,25.27
2302,438.65,7,25.0,3070.55,2302.91,460.58
2303,218.3,7,0.0,1528.1,1528.1,305.62
2304,275.31,20,25.0,5506.2,4129.65,825.93
2305,390.2,9,5.0,3511.8,3336.21,667.24
2306,156.86,2,0.0,313.72,313.72,62.74
2307,132.06,8,10.0,1056.48,950.83,190.17
2308,130.9,15,15.0,1963.5,1668.97,333.8
2309,188.3,17,25.0,3201.1,2400.83,480.17
2310,368.66,5,0.0,1843.3,1843.3,368.66
2311,237.06,2,5.0,474.12,450.41,90.08
2312,254.69,6,20.0,1528.14,1222.51,244.5
2313,50.9,5,25.0,254.5,190.88,38.18
2314,382.97,20,5.0,7659.4,7276.43,1455.29
2315,257.79,6,25.0,1546.74,1160.06,232.01
2316,182.68,7,25.0,1278.76,959.07,191.81
2317,184.85,2,10.0,369.7,332.73,66.55
2318,43.44,10,0.0,434.4,434.4,86.88
2319,379.19,11,25.0,4171.09,3128.32,625.66
2320,328.04,5,10.0,1640.2,1476.18,295.24
2321,56.78,12,25.0,681.36,511.02,102.2
2322,226.24,4,25.0,904.96,678.72,135.74
2323,313.41,14,25.0,4387.74,3290.81,658.16
2324,311.69,6,5.0,1870.14,1776.63,355.33
2325,299.29,18,5.0,5387.22,5117.86,1023.57
2326,75.09,18,10.0,1351.62,1216.46,243.29
2327,261.82,5,0.0,1309.1,1309.1,261.82
2328,388.94,13,20.0,5056.22,4044.98,809.0
2329,267.46,8,20.0,2139.68,1711.74,342.35
2330,52.96,11,20.0,582.56,466.05,93.21
2331,173.58,9,0.0,1562.22,1562.22,312.44
2332,43.27,15,0.0,649.05,649.05,129.81
2333,109.62,12,10.0,1315.44,1183.9,236.78
2334,469.8,5,10.0,2349.0,2114.1,422.82
2335,480.36,11,25.0,5283.96,3962.97,792.59
2336,419.27,4,15.0,1677.08,1425.52,285.1
2337,206.2,3,15.0,618.6,525.81,105.16
2338,487.81,15,10.0,7317.15,6585.43,1317.09
2339,266.6,17,20.0,4532.2,3625.76,725.15
2340,341.67,5,10.0,1708.35,1537.52,307.5
2341,91.43,17,5.0,1554.31,1476.59,295.32
2342,478.32,13,10.0,6218.16,5596.34,1119.27
2343,326.22,12,15.0,3914.64,3327.44,665.49
2344,464.82,13,5.0,6042.66,5740.53,1148.11
2345,382.72,18,20.0,6888.96,5511.17,1102.23
2346,400.36,16,0.0,6405.76,6405.76,1281.15
2347,359.91,15,25.0,5398.65,4048.99,809.8
2348,189.17,3,10.0,567.51,510.76,102.15
2349,288.14,16,25.0,4610.24,3457.68,691.54
2350,255.65,6,15.0,1533.9,1303.82,260.76
2351,237.67,5,25.0,1188.35,891.26,178.25
2352,360.03,4,5.0,1440.12,1368.11,273.62
2353,82.01,5,0.0,410.05,410.05,82.01
2354,125.64,8,15.0,1005.12,854.35,170.87
2355,128.3,18,20.0,2309.4,1847.52,369.5
2356,145.08,12,15.0,1740.96,1479.82,295.96
2357,40.72,2,15.0,81.44,69.22,13.84
2358,119.12,10,10.0,1191.2,1072.08,214.42
2359,296.64,19,25.0,5636.16,4227.12,845.42
2360,13.25,19,0.0,251.75,251.75,50.35
2361,32.62,16,0.0,521.92,521.92,104.38
2362,18.57,14,0.0,259.98,259.98,52.0
2363,108.77,3,20.0,326.31,261.05,52.21
2364,488.57,12,20.0,5862.84,4690.27,938.05
2365,26.68,20,15.0,533.6,453.56,90.71
2366,479.68,10,15.0,4796.8,4077.28,815.46
2367,225.96,9,25.0,2033.64,1525.23,305.05
2368,493.89,11,20.0,5432.79,4346.23,869.25
2369,65.5,20,25.0,1310.0,982.5,196.5
2370,297.75,13,10.0,3870.75,3483.68,696.74
2371,275.89,12,5.0,3310.68,3145.15,629.03
2372,493.41,1,10.0,493.41,444.07,88.81
2373,52.05,15,20.0,780.75,624.6,124.92
2374,79.96,16,10.0,1279.36,1151.42,230.28
2375,59.47,4,5.0,237.88,225.99,45.2
2376,388.59,8,10.0,3108.72,2797.85,559.57
2377,123.85,7,20.0,866.95,693.56,138.71
2378,90.33,11,20.0,993.63,794.9,158.98
2379,180.75,15,5.0,2711.25,2575.69,515.14
2380,373.18,5,25.0,1865.9,1399.43,279.89
2381,331.89,20,10.0,6637.8,5974.02,1194.8
2382,490.89,5,0.0,2454.45,2454.45,490.89
2383,275.13,10,0.0,2751.3,2751.3,550.26
2384,226.08,11,5.0,2486.88,2362.54,472.51
2385,259.36,11,25.0,2852.96,2139.72,427.94
2386,371.66,15,5.0,5574.9,5296.16,1059.23
2387,202.4,13,0.0,2631.2,2631.2,526.24
2388,34.48,4,10.0,137.92,124.13,24.83
2389,146.48,3,0.0,439.44,439.44,87.89
2390,413.26,4,0.0,1653.04,1653.04,330.61
2391,305.86,12,5.0,3670.32,3486.8,697.36
2392,283.8,2,15.0,567.6,482.46,96.49
2393,79.03,12,20.0,948.36,758.69,151.74
2394,305.52,13,5.0,3971.76,3773.17,754.63
2395,201.62,16,0.0,3225.92,3225.92,645.18
2396,481.27,5,0.0,2406.35,2406.35,481.27
2397,379.41,12,20.0,4552.92,3642.34,728.47
2398,70.81,13,5.0,920.53,874.5,174.9
2399,287.77,13,15.0,3741.01,3179.86,635.97
2400,76.22,3,15.0,228.66,194.36,38.87
2401,438.64,7,10.0,3070.48,2763.43,552.69
2402,304.65,9,15.0,2741.85,2330.57,466.11
2403,165.05,20,5.0,3301.0,3135.95,627.19
2404,142.85,6,25.0,857.1,642.82,128.56
2405,290.99,5,10.0,1454.95,1309.46,261.89
2406,121.02,3,5.0,363.06,344.91,68.98
2407,74.62,18,0.0,1343.16,1343.16,268.63
2408,436.14,1,10.0,436.14,392.53,78.51
2409,129.8,6,10.0,778.8,700.92,140.18
2410,436.44,13,5.0,5673.72,5390.03,1078.01
2411,67.59,18,10.0,1216.62,1094.96,218.99
2412,445.74,15,10.0,6686.1,6017.49,1203.5
2413,230.21,13,25.0,2992.73,2244.55,448.91
2414,92.57,18,0.0,1666.26,1666.26,333.25
2415,125.29,14,10.0,1754.06,1578.65,315.73
2416,316.91,11,0.0,3486.01,3486.01,697.2
2417,470.75,16,5.0,7532.0,7155.4,1431.08
2418,32.22,16,25.0,515.52,386.64,77.33
2419,166.36,7,15.0,1164.52,989.84,197.97
2420,402.42,13,25.0,5231.46,3923.6,784.72
2421,293.21,3,25.0,879.63,659.72,131.94
2422,405.74,4,10.0,1622.96,1460.66,292.13
2423,7.78,18,5.0,140.04,133.04,26.61
2424,368.71,11,0.0,4055.81,4055.81,811.16
2425,246.61,15,5.0,3699.15,3514.19,702.84
2426,311.28,6,25.0,1867.68,1400.76,280.15
2427,224.04,18,5.0,4032.72,3831.08,766.22
2428,461.13,17,0.0,7839.21,7839.21,1567.84
2429,262.61,19,0.0,4989.59,4989.59,997.92
2430,413.12,19,10.0,7849.28,7064.35,1412.87
2431,65.01,16,15.0,1040.16,884.14,176.83
2432,110.37,4,10.0,441.48,397.33,79.47
2433,230.34,2,25.0,460.68,345.51,69.1
2434,308.63,11,15.0,3394.93,2885.69,577.14
2435,475.08,17,5.0,8076.36,7672.54,1534.51
2436,357.69,20,25.0,7153.8,5365.35,1073.07
2437,191.94,13,20.0,2495.22,1996.18,399.24
2438,438.07,8,15.0,3504.56,2978.88,595.78
2439,39.95,7,15.0,279.65,237.7,47.54
2440,152.55,8,10.0,1220.4,1098.36,219.67
2441,418.19,17,0.0,7109.23,7109.23,1421.85
2442,152.17,18,15.0,2739.06,2328.2,465.64
2443,312.41,8,0.0,2499.28,2499.28,499.86
2444,353.57,3,15.0,1060.71,901.6,180.32
2445,373.26,17,5.0,6345.42,6028.15,1205.63
2446,255.96,17,25.0,4351.32,3263.49,652.7
2447,67.14,1,25.0,67.14,50.36,10.07
2448,36.16,3,15.0,108.48,92.21,18.44
2449,98.01,20,0.0,1960.2,1960.2,392.04
2450,52.76,8,0.0,422.08,422.08,84.42
2451,59.85,11,5.0,658.35,625.43,125.09
2452,58.39,12,5.0,700.68,665.65,133.13
2453,283.18,10,25.0,2831.8,2123.85,424.77
2454,229.9,20,25.0,4598.0,3448.5,689.7
2455,70.77,6,5.0,424.62,403.39,80.68
2456,370.07,14,10.0,5180.98,4662.88,932.58
2457,387.08,20,25.0,7741.6,5806.2,1161.24
2458,450.85,1,0.0,450.85,450.85,90.17
2459,490.06,11,0.0,5390.66,5390.66,1078.13
2460,413.94,2,10.0,827.88,745.09,149.02
2461,332.69,18,0.0,5988.42,5988.42,1197.68
2462,314.26,15,0.0,4713.9,4713.9,942.78
2463,88.81,1,0.0,88.81,88.81,17.76
2464,56.46,15,20.0,846.9,677.52,135.5
2465,16.47,11,20.0,181.17,144.94,28.99
2466,98.53,3,5.0,295.59,280.81,56.16
2467,91.54,10,10.0,915.4,823.86,164.77
2468,112.77,17,20.0,1917.09,1533.67,306.73
2469,464.58,14,15.0,6504.12,5528.5,1105.7
2470,427.36,7,0.0,2991.52,2991.52,598.3
2471,440.81,20,5.0,8816.2,8375.39,1675.08
2472,385.68,20,5.0,7713.6,7327.92,1465.58
2473,205.94,13,5.0,2677.22,2543.36,508.67
2474,183.04,20,20.0,3660.8,2928.64,585.73
2475,324.25,5,5.0,1621.25,1540.19,308.04
2476,24.52,9,10.0,220.68,198.61,39.72
2477,314.96,4,20.0,1259.84,1007.87,201.57
2478,55.55,19,5.0,1055.45,1002.68,200.54
2479,312.09,19,20.0,5929.71,4743.77,948.75
2480,147.88,1,10.0,147.88,133.09,26.62
2481,438.46,17,25.0,7453.82,5590.36,1118.07
2482,404.47,4,10.0,1617.88,1456.09,291.22
2483,165.14,18,5.0,2972.52,2823.89,564.78
2484,298.85,5,20.0,1494.25,1195.4,239.08
2485,135.74,16,20.0,2171.84,1737.47,347.49
2486,28.33,15,10.0,424.95,382.45,76.49
2487,362.1,10,15.0,3621.0,3077.85,615.57
2488,446.28,1,0.0,446.28,446.28,89.26
2489,211.12,12,25.0,2533.44,1900.08,380.02
2490,251.28,8,10.0,2010.24,1809.22,361.84
2491,370.48,18,10.0,6668.64,6001.78,1200.36
2492,62.92,18,10.0,1132.56,1019.3,203.86
2493,50.5,15,5.0,757.5,719.62,143.93
2494,281.72,1,20.0,281.72,225.38,45.08
2495,333.65,20,10.0,6673.0,6005.7,1201.14
2496,205.91,9,0.0,1853.19,1853.19,370.64
2497,232.69,2,5.0,465.38,442.11,88.42
2498,87.12,6,15.0,522.72,444.31,88.86
2499,452.18,20,10.0,9043.6,8139.24,1627.85
2500,454.46,2,20.0,908.92,727.14,145.43
2501,206.33,19,0.0,3920.27,3920.27,784.05
2502,137.56,13,5.0,1788.28,1698.87,339.77
2503,373.85,18,25.0,6729.3,5046.98,1009.4
2504,430.17,1,15.0,430.17,365.64,73.13
2505,312.75,5,0.0,1563.75,1563.75,312.75
2506,87.53,9,15.0,787.77,669.6,133.92
2507,89.2,3,20.0,267.6,214.08,42.82
2508,258.41,16,25.0,4134.56,3100.92,620.18
2509,82.98,17,10.0,1410.66,1269.59,253.92
2510,251.34,7,0.0,1759.38,1759.38,351.88
2511,186.85,14,20.0,2615.9,2092.72,418.54
2512,427.16,19,20.0,8116.04,6492.83,1298.57
2513,70.15,16,25.0,1122.4,841.8,168.36
2514,330.59,16,25.0,5289.44,3967.08,793.42
2515,34.76,5,5.0,173.8,165.11,33.02
2516,222.45,20,5.0,4449.0,4226.55,845.31
2517,497.06,15,15.0,7455.9,6337.51,1267.5
2518,449.77,5,5.0,2248.85,2136.41,427.28
2519,95.28,3,15.0,285.84,242.96,48.59
2520,119.39,4,5.0,477.56,453.68,90.74
2521,469.74,18,5.0,8455.32,8032.55,1606.51
2522,151.39,3,15.0,454.17,386.04,77.21
2523,190.71,16,5.0,3051.36,2898.79,579.76
2524,162.87,9,10.0,1465.83,1319.25,263.85
2525,396.65,4,0.0,1586.6,1586.6,317.32
2526,171.83,11,25.0,1890.13,1417.6,283.52
2527,95.85,15,10.0,1437.75,1293.98,258.8
2528,117.63,7,20.0,823.41,658.73,131.75
2529,452.2,8,10.0,3617.6,3255.84,651.17
2530,422.0,15,25.0,6330.0,4747.5,949.5
2531,173.19,1,20.0,173.19,138.55,27.71
2532,488.58,2,25.0,977.16,732.87,146.57
2533,87.98,14,20.0,1231.72,985.38,197.08
2534,359.56,19,25.0,6831.64,5123.73,1024.75
2535,486.58,17,0.0,8271.86,8271.86,1654.37
2536,434.67,1,25.0,434.67,326.0,65.2
2537,292.26,19,25.0,5552.94,4164.7,832.94
2538,184.94,8,0.0,1479.52,1479.52,295.9
2539,328.75,3,10.0,986.25,887.62,177.53
2540,457.03,7,25.0,3199.21,2399.41,479.88
2541,250.12,16,20.0,4001.92,3201.54,640.31
2542,384.29,3,0.0,1152.87,1152.87,230.57
2543,69.27,3,5.0,207.81,197.42,39.48
2544,419.77,8,20.0,3358.16,2686.53,537.31
2545,73.28,15,5.0,1099.2,1044.24,208.85
2546,231.58,19,10.0,4400.02,3960.02,792.0
2547,411.07,12,5.0,4932.84,4686.2,937.24
2548,73.25,14,0.0,1025.5,1025.5,205.1
2549,24.51,8,25.0,196.08,147.06,29.41
2550,192.35,6,20.0,1154.1,923.28,184.66
2551,277.05,7,25.0,1939.35,1454.51,290.9
2552,338.33,18,20.0,6089.94,4871.95,974.39
2553,124.93,15,25.0,1873.95,1405.46,281.09
2554,100.34,3,15.0,301.02,255.87,51.17
2555,332.87,6,10.0,1997.22,1797.5,359.5
2556,259.81,14,5.0,3637.34,3455.47,691.09
2557,490.04,16,20.0,7840.64,6272.51,1254.5
2558,148.46,14,5.0,2078.44,1974.52,394.9
2559,52.46,9,20.0,472.14,377.71,75.54
2560,41.08,2,20.0,82.16,65.73,13.15
2561,248.23,17,5.0,4219.91,4008.91,801.78
2562,422.79,3,25.0,1268.37,951.28,190.26
2563,323.85,10,10.0,3238.5,2914.65,582.93
2564,31.86,3,5.0,95.58,90.8,18.16
2565,361.45,1,5.0,361.45,343.38,68.68
2566,28.25,6,20.0,169.5,135.6,27.12
2567,391.61,8,5.0,3132.88,2976.24,595.25
2568,440.84,2,10.0,881.68,793.51,158.7
2569,460.42,7,0.0,3222.94,3222.94,644.59
2570,79.22,19,20.0,1505.18,1204.14,240.83
2571,237.2,19,15.0,4506.8,3830.78,766.16
2572,204.09,13,5.0,2653.17,2520.51,504.1
2573,40.69,12,10.0,488.28,439.45,87.89
2574,81.51,18,0.0,1467.18,1467.18,293.44
2575,288.4,17,25.0,4902.8,3677.1,735.42
2576,322.73,14,20.0,4518.22,3614.58,722.92
2577,397.18,12,20.0,4766.16,3812.93,762.59
2578,449.21,14,5.0,6288.94,5974.49,1194.9
2579,224.55,14,25.0,3143.7,2357.78,471.56
2580,465.76,5,10.0,2328.8,2095.92,419.18
2581,25.19,7,10.0,176.33,158.7,31.74
2582,263.11,20,15.0,5262.2,4472.87,894.57
2583,456.33,13,5.0,5932.29,5635.68,1127.14
2584,271.78,10,10.0,2717.8,2446.02,489.2
2585,378.77,9,25.0,3408.93,2556.7,511.34
2586,327.78,8,15.0,2622.24,2228.9,445.78
2587,401.42,8,5.0,3211.36,3050.79,610.16
2588,499.7,6,0.0,2998.2,2998.2,599.64
2589,255.91,1,0.0,255.91,255.91,51.18
2590,98.01,15,25.0,1470.15,1102.61,220.52
2591,59.04,11,15.0,649.44,552.02,110.4
2592,220.07,11,5.0,2420.77,2299.73,459.95
2593,131.82,5,5.0,659.1,626.14,125.23
2594,24.87,7,10.0,174.09,156.68,31.34
2595,285.55,8,20.0,2284.4,1827.52,365.5
2596,144.26,8,5.0,1154.08,1096.38,219.28
2597,328.4,19,10.0,6239.6,5615.64,1123.13
2598,252.4,18,20.0,4543.2,3634.56,726.91
2599,295.38,13,10.0,3839.94,3455.95,691.19
2600,467.46,1,25.0,467.46,350.59,70.12
2601,43.26,19,10.0,821.94,739.75,147.95
2602,22.71,2,20.0,45.42,36.34,7.27
2603,143.33,17,0.0,2436.61,2436.61,487.32
2604,448.87,6,20.0,2693.22,2154.58,430.92
2605,348.34,19,15.0,6618.46,5625.69,1125.14
2606,481.49,3,0.0,1444.47,1444.47,288.89
2607,427.89,6,5.0,2567.34,2438.97,487.79
2608,157.0,7,5.0,1099.0,1044.05,208.81
2609,154.79,11,20.0,1702.69,1362.15,272.43
2610,250.8,15,20.0,3762.0,3009.6,601.92
2611,81.01,13,15.0,1053.13,895.16,179.03
2612,376.42,12,20.0,4517.04,3613.63,722.73
2613,215.64,13,0.0,2803.32,2803.32,560.66
2614,170.65,11,25.0,1877.15,1407.86,281.57
2615,91.76,3,15.0,275.28,233.99,46.8
2616,194.81,12,5.0,2337.72,2220.83,444.17
2617,44.84,16,10.0,717.44,645.7,129.14
2618,186.8,17,15.0,3175.6,2699.26,539.85
2619,109.68,8,20.0,877.44,701.95,140.39
2620,252.91,12,25.0,3034.92,2276.19,455.24
2621,182.61,4,20.0,730.44,584.35,116.87
2622,106.39,15,10.0,1595.85,1436.26,287.25
2623,72.01,4,10.0,288.04,259.24,51.85
2624,23.72,18,15.0,426.96,362.92,72.58
2625,404.2,9,5.0,3637.8,3455.91,691.18
2626,27.78,8,15.0,222.24,188.9,37.78
2627,472.67,3,10.0,1418.01,1276.21,255.24
2628,199.56,17,20.0,3392.52,2714.02,542.8
2629,463.16,18,25.0,8336.88,6252.66,1250.53
2630,234.92,3,15.0,704.76,599.05,119.81
2631,305.95,10,20.0,3059.5,2447.6,489.52
2632,381.99,16,25.0,6111.84,4583.88,916.78
2633,151.1,20,25.0,3022.0,2266.5,453.3
2634,82.66,1,20.0,82.66,66.13,13.23
2635,63.0,2,15.0,126.0,107.1,21.42
2636,248.68,3,5.0,746.04,708.74,141.75
2637,278.57,5,0.0,1392.85,1392.85,278.57
2638,65.92,12,25.0,791.04,593.28,118.66
2639,101.72,1,10.0,101.72,91.55,18.31
2640,490.75,9,10.0,4416.75,3975.08,795.02
2641,72.51,1,0.0,72.51,72.51,14.5
2642,200.05,1,5.0,200.05,190.05,38.01
2643,452.49,2,10.0,904.98,814.48,162.9
2644,70.82,18,10.0,1274.76,1147.28,229.46
2645,466.14,8,0.0,3729.12,3729.12,745.82
2646,451.17,12,15.0,5414.04,4601.93,920.39
2647,226.48,1,15.0,226.48,192.51,38.5
2648,247.95,4,0.0,991.8,991.8,198.36
2649,167.7,19,10.0,3186.3,2867.67,573.53
2650,307.3,5,0.0,1536.5,1536.5,307.3
2651,350.71,3,0.0,1052.13,1052.13,210.43
2652,467.35,20,20.0,9347.0,7477.6,1495.52
2653,377.85,18,5.0,6801.3,6461.23,1292.25
2654,357.08,3,15.0,1071.24,910.55,182.11
2655,127.42,5,0.0,637.1,637.1,127.42
2656,316.77,5,0.0,1583.85,1583.85,316.77
2657,237.01,16,25.0,3792.16,2844.12,568.82
2658,458.69,19,5.0,8715.11,8279.35,1655.87
2659,154.94,3,10.0,464.82,418.34,83.67
2660,384.8,14,25.0,5387.2,4040.4,808.08
2661,72.92,8,25.0,583.36,437.52,87.5
2662,320.1,2,15.0,640.2,544.17,108.83
2663,287.13,11,10.0,3158.43,2842.59,568.52
2664,427.81,19,10.0,8128.39,7315.55,1463.11
2665,319.22,1,25.0,319.22,239.42,47.88
2666,161.77,12,0.0,1941.24,1941.24,388.25
2667,265.12,6,15.0,1590.72,1352.11,270.42
2668,256.59,20,15.0,5131.8,4362.03,872.41
2669,70.4,6,5.0,422.4,401.28,80.26
2670,158.44,15,10.0,2376.6,2138.94,427.79
2671,327.15,20,0.0,6543.0,6543.0,1308.6
2672,305.6,8,20.0,2444.8,1955.84,391.17
2673,381.07,9,25.0,3429.63,2572.22,514.44
2674,243.11,5,10.0,1215.55,1094.0,218.8
2675,455.06,18,15.0,8191.08,6962.42,1392.48
2676,329.06,7,15.0,2303.42,1957.91,391.58
2677,416.34,11,20.0,4579.74,3663.79,732.76
2678,406.62,12,25.0,4879.44,3659.58,731.92
2679,33.36,15,5.0,500.4,475.38,95.08
2680,431.73,12,10.0,5180.76,4662.68,932.54
2681,87.09,2,5.0,174.18,165.47,33.09
2682,357.33,5,20.0,1786.65,1429.32,285.86
2683,77.36,2,20.0,154.72,123.78,24.76
2684,253.71,4,0.0,1014.84,1014.84,202.97
2685,440.34,15,5.0,6605.1,6274.84,1254.97
2686,128.39,6,0.0,770.34,770.34,154.07
2687,137.53,13,15.0,1787.89,1519.71,303.94
2688,245.96,18,0.0,4427.28,4427.28,885.46
2689,410.88,2,10.0,821.76,739.58,147.92
2690,415.71,10,5.0,4157.1,3949.24,789.85
2691,253.93,4,5.0,1015.72,964.93,192.99
2692,487.66,9,25.0,4388.94,3291.71,658.34
2693,159.72,8,10.0,1277.76,1149.98,230.0
2694,159.74,15,20.0,2396.1,1916.88,383.38
2695,286.54,20,0.0,5730.8,5730.8,1146.16
2696,221.19,9,15.0,1990.71,1692.1,338.42
2697,177.05,10,25.0,1770.5,1327.88,265.57
2698,30.34,12,5.0,364.08,345.88,69.18
2699,426.28,8,5.0,3410.24,3239.73,647.95
2700,484.5,13,25.0,6298.5,4723.88,944.78
2701,302.56,12,15.0,3630.72,3086.11,617.22
2702,347.04,10,0.0,3470.4,3470.4,694.08
2703,370.37,1,20.0,370.37,296.3,59.26
2704,60.37,14,10.0,845.18,760.66,152.13
2705,298.48,2,0.0,596.96,596.96,119.39
2706,106.46,14,25.0,1490.44,1117.83,223.57
2707,460.28,13,15.0,5983.64,5086.09,1017.22
2708,28.75,18,15.0,517.5,439.88,87.98
2709,274.6,19,25.0,5217.4,3913.05,782.61
2710,84.47,19,15.0,1604.93,1364.19,272.84
2711,283.09,12,0.0,3397.08,3397.08,679.42
2712,264.89,20,10.0,5297.8,4768.02,953.6
2713,276.39,11,0.0,3040.29,3040.29,608.06
2714,291.48,12,0.0,3497.76,3497.76,699.55
2715,123.28,11,20.0,1356.08,1084.86,216.97
2716,171.81,13,0.0,2233.53,2233.53,446.71
2717,427.47,1,0.0,427.47,427.47,85.49
2718,157.47,3,10.0,472.41,425.17,85.03
2719,77.57,12,15.0,930.84,791.21,158.24
2720,140.8,7,0.0,985.6,985.6,197.12
2721,34.68,4,0.0,138.72,138.72,27.74
2722,100.1,5,5.0,500.5,475.47,95.09
2723,422.43,11,25.0,4646.73,3485.05,697.01
2724,194.74,17,0.0,3310.58,3310.58,662.12
2725,70.12,6,0.0,420.72,420.72,84.14
2726,104.08,5,15.0,520.4,442.34,88.47
2727,65.25,19,10.0,1239.75,1115.78,223.16
2728,251.06,9,10.0,2259.54,2033.59,406.72
2729,287.06,1,15.0,287.06,244.0,48.8
2730,142.75,20,25.0,2855.0,2141.25,428.25
2731,90.32,18,5.0,1625.76,1544.47,308.89
2732,464.3,16,0.0,7428.8,7428.8,1485.76
2733,388.99,7,10.0,2722.93,2450.64,490.13
2734,443.26,15,5.0,6648.9,6316.45,1263.29
2735,88.22,9,10.0,793.98,714.58,142.92
2736,235.45,20,20.0,4709.0,3767.2,753.44
2737,412.01,17,25.0,7004.17,5253.13,1050.63
2738,336.02,15,0.0,5040.3,5040.3,1008.06
2739,395.37,2,20.0,790.74,632.59,126.52
2740,239.82,18,15.0,4316.76,3669.25,733.85
2741,384.81,9,15.0,3463.29,2943.8,588.76
2742,383.33,4,20.0,1533.32,1226.66,245.33
2743,177.38,15,20.0,2660.7,2128.56,425.71
2744,53.26,17,10.0,905.42,814.88,162.98
2745,419.99,4,10.0,1679.96,1511.96,302.39
2746,148.3,7,15.0,1038.1,882.39,176.48
2747,280.21,18,10.0,5043.78,4539.4,907.88
2748,451.99,3,25.0,1355.97,1016.98,203.4
2749,76.24,2,5.0,152.48,144.86,28.97
2750,182.06,19,10.0,3459.14,3113.23,622.65
2751,307.85,3,15.0,923.55,785.02,157.0
2752,302.66,4,25.0,1210.64,907.98,181.6
2753,260.29,7,20.0,1822.03,1457.62,291.52
2754,158.0,4,5.0,632.0,600.4,120.08
2755,383.23,14,10.0,5365.22,4828.7,965.74
2756,451.23,16,5.0,7219.68,6858.7,1371.74
2757,376.06,3,25.0,1128.18,846.13,169.23
2758,356.35,6,5.0,2138.1,2031.2,406.24
2759,480.86,14,10.0,6732.04,6058.84,1211.77
2760,333.13,11,10.0,3664.43,3297.99,659.6
2761,289.75,19,15.0,5505.25,4679.46,935.89
2762,206.3,10,5.0,2063.0,1959.85,391.97
2763,159.58,7,5.0,1117.06,1061.21,212.24
2764,278.65,12,10.0,3343.8,3009.42,601.88
2765,417.7,16,5.0,6683.2,6349.04,1269.81
2766,248.62,20,10.0,4972.4,4475.16,895.03
2767,27.91,16,0.0,446.56,446.56,89.31
2768,459.78,7,10.0,3218.46,2896.61,579.32
2769,292.19,3,15.0,876.57,745.08,149.02
2770,420.23,19,10.0,7984.37,7185.93,1437.19
2771,71.55,9,20.0,643.95,515.16,103.03
2772,338.47,10,10.0,3384.7,3046.23,609.25
2773,495.82,20,25.0,9916.4,7437.3,1487.46
2774,252.61,3,10.0,757.83,682.05,136.41
2775,333.85,16,20.0,5341.6,4273.28,854.66
2776,282.86,7,0.0,1980.02,1980.02,396.0
2777,108.48,19,15.0,2061.12,1751.95,350.39
2778,452.18,2,5.0,904.36,859.14,171.83
2779,428.35,12,25.0,5140.2,3855.15,771.03
2780,73.27,17,25.0,1245.59,934.19,186.84
2781,398.78,14,0.0,5582.92,5582.92,1116.58
2782,309.91,3,5.0,929.73,883.24,176.65
2783,435.71,18,10.0,7842.78,7058.5,1411.7
2784,10.27,2,25.0,20.54,15.4,3.08
2785,181.61,7,10.0,1271.27,1144.14,228.83
2786,248.74,16,20.0,3979.84,3183.87,636.77
2787,101.52,20,10.0,2030.4,1827.36,365.47
2788,267.09,20,10.0,5341.8,4807.62,961.52
2789,483.11,2,5.0,966.22,917.91,183.58
2790,382.86,1,15.0,382.86,325.43,65.09
2791,311.95,4,20.0,1247.8,998.24,199.65
2792,93.38,13,5.0,1213.94,1153.24,230.65
2793,235.56,15,10.0,3533.4,3180.06,636.01
2794,201.93,6,5.0,1211.58,1151.0,230.2
2795,422.56,5,15.0,2112.8,1795.88,359.18
2796,330.71,15,5.0,4960.65,4712.62,942.52
2797,179.3,1,15.0,179.3,152.41,30.48
2798,327.05,6,20.0,1962.3,1569.84,313.97
2799,8.94,3,5.0,26.82,25.48,5.1
2800,231.16,17,0.0,3929.72,3929.72,785.94
2801,226.95,19,0.0,4312.05,4312.05,862.41
2802,359.22,5,10.0,1796.1,1616.49,323.3
2803,257.42,1,15.0,257.42,218.81,43.76
2804,441.54,19,10.0,8389.26,7550.33,1510.07
2805,115.99,20,0.0,2319.8,2319.8,463.96
2806,255.23,17,20.0,4338.91,3471.13,694.23
2807,22.69,11,10.0,249.59,224.63,44.93
2808,444.5,1,25.0,444.5,333.38,66.67
2809,438.08,2,15.0,876.16,744.74,148.95
2810,173.79,20,10.0,3475.8,3128.22,625.64
2811,73.51,15,25.0,1102.65,826.99,165.4
2812,371.85,18,25.0,6693.3,5019.98,1004.0
2813,21.82,12,5.0,261.84,248.75,49.75
2814,309.49,14,5.0,4332.86,4116.22,823.24
2815,483.82,9,15.0,4354.38,3701.22,740.24
2816,150.69,14,15.0,2109.66,1793.21,358.64
2817,223.58,15,0.0,3353.7,3353.7,670.74
2818,54.0,16,15.0,864.0,734.4,146.88
2819,355.48,8,0.0,2843.84,2843.84,568.77
2820,72.62,17,5.0,1234.54,1172.81,234.56
2821,334.74,7,20.0,2343.18,1874.54,374.91
2822,208.17,2,0.0,416.34,416.34,83.27
2823,262.61,6,10.0,1575.66,1418.09,283.62
2824,10.37,6,0.0,62.22,62.22,12.44
2825,104.15,7,10.0,729.05,656.15,131.23
2826,133.42,3,15.0,400.26,340.22,68.04
2827,269.99,12,25.0,3239.88,2429.91,485.98
2828,419.7,15,0.0,6295.5,6295.5,1259.1
2829,158.82,12,25.0,1905.84,1429.38,285.88
2830,179.49,16,25.0,2871.84,2153.88,430.78
2831,12.78,14,0.0,178.92,178.92,35.78
2832,390.54,17,25.0,6639.18,4979.39,995.88
2833,184.3,13,15.0,2395.9,2036.52,407.3
2834,168.16,5,25.0,840.8,630.6,126.12
2835,393.34,7,20.0,2753.38,2202.7,440.54
2836,124.5,20,25.0,2490.0,1867.5,373.5
2837,382.36,1,15.0,382.36,325.01,65.0
2838,56.37,18,15.0,1014.66,862.46,172.49
2839,237.44,11,15.0,2611.84,2220.06,444.01
2840,127.46,8,10.0,1019.68,917.71,183.54
2841,382.41,14,15.0,5353.74,4550.68,910.14
2842,122.99,12,15.0,1475.88,1254.5,250.9
2843,359.71,16,20.0,5755.36,4604.29,920.86
2844,12.93,19,25.0,245.67,184.25,36.85
2845,117.25,13,15.0,1524.25,1295.61,259.12
2846,247.62,12,0.0,2971.44,2971.44,594.29
2847,282.33,4,10.0,1129.32,1016.39,203.28
2848,8.75,17,15.0,148.75,126.44,25.29
2849,187.56,13,15.0,2438.28,2072.54,414.51
2850,267.97,16,20.0,4287.52,3430.02,686.0
2851,200.32,2,25.0,400.64,300.48,60.1
2852,268.72,12,25.0,3224.64,2418.48,483.7
2853,441.97,2,25.0,883.94,662.96,132.59
2854,367.55,14,5.0,5145.7,4888.41,977.68
2855,464.59,8,15.0,3716.72,3159.21,631.84
2856,43.7,10,15.0,437.0,371.45,74.29
2857,228.39,16,25.0,3654.24,2740.68,548.14
2858,11.52,20,25.0,230.4,172.8,34.56
2859,389.32,5,0.0,1946.6,1946.6,389.32
2860,445.78,16,20.0,7132.48,5705.98,1141.2
2861,253.95,14,5.0,3555.3,3377.53,675.51
2862,111.12,8,0.0,888.96,888.96,177.79
2863,131.11,2,25.0,262.22,196.67,39.33
2864,188.91,16,25.0,3022.56,2266.92,453.38
2865,339.82,16,10.0,5437.12,4893.41,978.68
2866,455.22,17,10.0,7738.74,6964.87,1392.97
2867,60.11,18,25.0,1081.98,811.49,162.3
2868,434.54,19,0.0,8256.26,8256.26,1651.25
2869,186.81,17,10.0,3175.77,2858.19,571.64
2870,388.83,15,15.0,5832.45,4957.58,991.52
2871,99.09,3,15.0,297.27,252.68,50.54
2872,385.36,3,10.0,1156.08,1040.47,208.09
2873,429.97,5,20.0,2149.85,1719.88,343.98
2874,104.79,6,10.0,628.74,565.87,113.17
2875,370.05,15,20.0,5550.75,4440.6,888.12
2876,482.13,19,0.0,9160.47,9160.47,1832.09
2877,417.88,18,20.0,7521.84,6017.47,1203.49
2878,314.4,14,10.0,4401.6,3961.44,792.29
2879,334.74,7,20.0,2343.18,1874.54,374.91
2880,307.85,18,20.0,5541.3,4433.04,886.61
2881,429.71,2,5.0,859.42,816.45,163.29
2882,7.75,17,5.0,131.75,125.16,25.03
2883,248.99,12,20.0,2987.88,2390.3,478.06
2884,322.24,1,10.0,322.24,290.02,58.0
2885,11.52,10,25.0,115.2,86.4,17.28
2886,427.76,8,10.0,3422.08,3079.87,615.97
2887,382.23,3,5.0,1146.69,1089.36,217.87
2888,473.89,4,20.0,1895.56,1516.45,303.29
2889,297.58,11,15.0,3273.38,2782.37,556.47
2890,223.17,18,20.0,4017.06,3213.65,642.73
2891,128.59,10,15.0,1285.9,1093.02,218.6
2892,200.89,6,0.0,1205.34,1205.34,241.07
2893,320.29,19,0.0,6085.51,6085.51,1217.1
2894,107.27,7,20.0,750.89,600.71,120.14
2895,121.84,2,25.0,243.68,182.76,36.55
2896,336.29,17,0.0,5716.93,5716.93,1143.39
2897,252.58,2,5.0,505.16,479.9,95.98
2898,30.84,1,10.0,30.84,27.76,5.55
2899,62.16,12,15.0,745.92,634.03,126.81
2900,293.16,11,20.0,3224.76,2579.81,515.96
2901,175.71,17,10.0,2987.07,2688.36,537.67
2902,24.89,11,10.0,273.79,246.41,49.28
2903,179.44,13,15.0,2332.72,1982.81,396.56
2904,69.05,16,0.0,1104.8,1104.8,220.96
2905,142.91,14,20.0,2000.74,1600.59,320.12
2906,284.07,16,10.0,4545.12,4090.61,818.12
2907,476.7,20,0.0,9534.0,9534.0,1906.8
2908,419.22,14,25.0,5869.08,4401.81,880.36
2909,321.09,15,0.0,4816.35,4816.35,963.27
2910,382.09,19,10.0,7259.71,6533.74,1306.75
2911,8.91,20,10.0,178.2,160.38,32.08
2912,455.49,9,5.0,4099.41,3894.44,778.89
2913,270.4,5,25.0,1352.0,1014.0,202.8
2914,460.79,14,20.0,6451.06,5160.85,1032.17
2915,330.4,3,5.0,991.2,941.64,188.33
2916,22.69,10,0.0,226.9,226.9,45.38
2917,259.78,19,15.0,4935.82,4195.45,839.09
2918,425.88,19,10.0,8091.72,7282.55,1456.51
2919,101.18,13,20.0,1315.34,1052.27,210.45
2920,438.63,7,15.0,3070.41,2609.85,521.97
2921,463.42,18,0.0,8341.56,8341.56,1668.31
2922,30.61,8,5.0,244.88,232.64,46.53
2923,493.15,20,20.0,9863.0,7890.4,1578.08
2924,182.4,10,10.0,1824.0,1641.6,328.32
2925,338.2,16,25.0,5411.2,4058.4,811.68
2926,64.44,16,25.0,1031.04,773.28,154.66
2927,224.56,13,20.0,2919.28,2335.42,467.08
2928,13.81,3,20.0,41.43,33.14,6.63
2929,338.51,10,10.0,3385.1,3046.59,609.32
2930,226.28,13,15.0,2941.64,2500.39,500.08
2931,225.16,13,10.0,2927.08,2634.37,526.87
2932,421.78,11,15.0,4639.58,3943.64,788.73
2933,170.36,15,0.0,2555.4,2555.4,511.08
2934,194.45,12,0.0,2333.4,2333.4,466.68
2935,225.98,10,5.0,2259.8,2146.81,429.36
2936,339.08,4,15.0,1356.32,1152.87,230.57
2937,193.63,13,20.0,2517.19,2013.75,402.75
2938,313.7,5,5.0,1568.5,1490.07,298.01
2939,241.74,5,0.0,1208.7,1208.7,241.74
2940,367.74,5,10.0,1838.7,1654.83,330.97
2941,135.81,19,10.0,2580.39,2322.35,464.47
2942,80.43,19,10.0,1528.17,1375.35,275.07
2943,34.89,12,25.0,418.68,314.01,62.8
2944,372.06,1,25.0,372.06,279.05,55.81
2945,217.29,12,20.0,2607.48,2085.98,417.2
2946,261.14,17,10.0,4439.38,3995.44,799.09
2947,38.84,15,5.0,582.6,553.47,110.69
2948,112.17,9,15.0,1009.53,858.1,171.62
2949,243.67,4,0.0,974.68,974.68,194.94
2950,290.07,18,20.0,5221.26,4177.01,835.4
2951,9.79,8,20.0,78.32,62.66,12.53
2952,423.09,5,15.0,2115.45,1798.13,359.63
2953,97.78,15,15.0,1466.7,1246.69,249.34
2954,440.59,13,10.0,5727.67,5154.9,1030.98
2955,330.26,4,5.0,1321.04,1254.99,251.0
2956,70.03,4,0.0,280.12,280.12,56.02
2957,193.88,14,5.0,2714.32,2578.6,515.72
2958,319.74,5,15.0,1598.7,1358.89,271.78
2959,22.17,15,15.0,332.55,282.67,56.53
2960,56.35,16,5.0,901.6,856.52,171.3
2961,431.05,18,5.0,7758.9,7370.95,1474.19
2962,21.33,16,15.0,341.28,290.09,58.02
2963,150.33,11,5.0,1653.63,1570.95,314.19
2964,238.84,15,25.0,3582.6,2686.95,537.39
2965,70.57,2,0.0,141.14,141.14,28.23
2966,302.01,1,25.0,302.01,226.51,45.3
2967,332.72,11,15.0,3659.92,3110.93,622.19
2968,335.45,14,20.0,4696.3,3757.04,751.41
2969,440.49,7,25.0,3083.43,2312.57,462.51
2970,15.45,13,10.0,200.85,180.76,36.15
2971,13.16,17,0.0,223.72,223.72,44.74
2972,463.78,11,15.0,5101.58,4336.34,867.27
2973,152.49,20,0.0,3049.8,3049.8,609.96
2974,169.2,17,25.0,2876.4,2157.3,431.46
2975,454.89,7,15.0,3184.23,2706.6,541.32
2976,153.28,6,20.0,919.68,735.74,147.15
2977,304.4,5,0.0,1522.0,1522.0,304.4
2978,78.88,3,5.0,236.64,224.81,44.96
2979,364.22,15,15.0,5463.3,4643.81,928.76
2980,405.12,10,25.0,4051.2,3038.4,607.68
2981,231.96,17,0.0,3943.32,3943.32,788.66
2982,427.93,14,10.0,5991.02,5391.92,1078.38
2983,189.55,2,5.0,379.1,360.14,72.03
2984,466.29,12,0.0,5595.48,5595.48,1119.1
2985,119.66,6,5.0,717.96,682.06,136.41
2986,89.85,6,10.0,539.1,485.19,97.04
2987,158.12,7,0.0,1106.84,1106.84,221.37
2988,62.92,5,20.0,314.6,251.68,50.34
2989,357.91,17,15.0,6084.47,5171.8,1034.36
2990,371.49,1,20.0,371.49,297.19,59.44
2991,256.0,17,20.0,4352.0,3481.6,696.32
2992,258.01,12,25.0,3096.12,2322.09,464.42
2993,474.41,5,0.0,2372.05,2372.05,474.41
2994,272.42,20,5.0,5448.4,5175.98,1035.2
2995,352.01,19,20.0,6688.19,5350.55,1070.11
2996,108.23,14,25.0,1515.22,1136.41,227.28
2997,499.59,11,25.0,5495.49,4121.62,824.32
2998,344.72,3,25.0,1034.16,775.62,155.12
2999,406.3,11,5.0,4469.3,4245.84,849.17
3000,136.55,13,10.0,1775.15,1597.64,319.53
3001,368.15,4,15.0,1472.6,1251.71,250.34
3002,471.37,2,0.0,942.74,942.74,188.55
3003,319.87,3,15.0,959.61,815.67,163.13
3004,204.68,15,25.0,3070.2,2302.65,460.53
3005,480.01,14,20.0,6720.14,5376.11,1075.22
3006,37.31,20,5.0,746.2,708.89,141.78
3007,351.67,12,15.0,4220.04,3587.03,717.41
3008,289.71,17,10.0,4925.07,4432.56,886.51
3009,339.18,8,15.0,2713.44,2306.42,461.28
3010,159.13,5,15.0,795.65,676.3,135.26
3011,130.37,12,15.0,1564.44,1329.77,265.95
3012,137.55,10,25.0,1375.5,1031.62,206.33
3013,130.47,13,10.0,1696.11,1526.5,305.3
3014,379.05,2,10.0,758.1,682.29,136.46
3015,97.93,13,0.0,1273.09,1273.09,254.62
3016,143.05,5,5.0,715.25,679.49,135.9
3017,64.85,6,5.0,389.1,369.64,73.93
3018,320.49,16,10.0,5127.84,4615.06,923.01
3019,453.88,13,5.0,5900.44,5605.42,1121.08
3020,210.27,6,0.0,1261.62,1261.62,252.32
3021,197.57,2,15.0,395.14,335.87,67.17
3022,144.53,16,25.0,2312.48,1734.36,346.87
3023,33.39,1,15.0,33.39,28.38,5.68
3024,194.1,9,15.0,1746.9,1484.86,296.97
3025,434.44,1,0.0,434.44,434.44,86.89
3026,24.66,15,0.0,369.9,369.9,73.98
3027,135.97,3,10.0,407.91,367.12,73.42
3028,336.6,10,10.0,3366.0,3029.4,605.88
3029,107.08,10,10.0,1070.8,963.72,192.74
3030,29.89,13,15.0,388.57,330.28,66.06
3031,315.08,8,15.0,2520.64,2142.54,428.51
3032,185.3,10,15.0,1853.0,1575.05,315.01
3033,72.62,20,5.0,1452.4,1379.78,275.96
3034,197.25,4,20.0,789.0,631.2,126.24
3035,27.83,14,15.0,389.62,331.18,66.24
3036,243.83,19,0.0,4632.77,4632.77,926.55
3037,141.76,14,15.0,1984.64,1686.94,337.39
3038,430.71,11,15.0,4737.81,4027.14,805.43
3039,427.72,16,5.0,6843.52,6501.34,1300.27
3040,462.12,1,20.0,462.12,369.7,73.94
3041,151.41,7,15.0,1059.87,900.89,180.18
3042,372.53,7,25.0,2607.71,1955.78,391.16
3043,347.06,8,10.0,2776.48,2498.83,499.77
3044,62.48,19,5.0,1187.12,1127.76,225.55
3045,352.41,1,5.0,352.41,334.79,66.96
3046,276.12,13,25.0,3589.56,2692.17,538.43
3047,378.38,3,5.0,1135.14,1078.38,215.68
3048,330.78,8,15.0,2646.24,2249.3,449.86
3049,247.62,15,15.0,3714.3,3157.16,631.43
3050,33.01,7,20.0,231.07,184.86,36.97
3051,88.36,11,0.0,971.96,971.96,194.39
3052,110.24,5,10.0,551.2,496.08,99.22
3053,45.55,7,10.0,318.85,286.96,57.39
3054,249.2,3,20.0,747.6,598.08,119.62
3055,204.95,3,0.0,614.85,614.85,122.97
3056,184.57,5,15.0,922.85,784.42,156.88
3057,277.05,18,15.0,4986.9,4238.87,847.77
3058,63.85,5,0.0,319.25,319.25,63.85
3059,111.33,20,25.0,2226.6,1669.95,333.99
3060,395.79,3,25.0,1187.37,890.53,178.11
3061,472.19,13,0.0,6138.47,6138.47,1227.69
3062,39.14,19,5.0,743.66,706.48,141.3
3063,207.0,20,15.0,4140.0,3519.0,703.8
3064,49.59,1,5.0,49.59,47.11,9.42
3065,471.18,9,0.0,4240.62,4240.62,848.12
3066,7.32,16,25.0,117.12,87.84,17.57
3067,257.55,13,15.0,3348.15,2845.93,569.19
3068,197.73,20,0.0,3954.6,3954.6,790.92
3069,208.25,16,5.0,3332.0,3165.4,633.08
3070,272.23,17,5.0,4627.91,4396.51,879.3
3071,304.37,13,15.0,3956.81,3363.29,672.66
3072,156.95,8,15.0,1255.6,1067.26,213.45
3073,479.51,16,10.0,7672.16,6904.94,1380.99
3074,26.42,11,5.0,290.62,276.09,55.22
3075,173.64,20,0.0,3472.8,3472.8,694.56
3076,455.15,20,10.0,9103.0,8192.7,1638.54
3077,306.93,18,0.0,5524.74,5524.74,1104.95
3078,371.37,10,10.0,3713.7,3342.33,668.47
3079,97.92,8,5.0,783.36,744.19,148.84
3080,358.62,9,20.0,3227.58,2582.06,516.41
3081,21.96,1,10.0,21.96,19.76,3.95
3082,475.93,11,15.0,5235.23,4449.95,889.99
3083,99.43,13,15.0,1292.59,1098.7,219.74
3084,178.88,10,20.0,1788.8,1431.04,286.21
3085,432.09,11,15.0,4752.99,4040.04,808.01
3086,255.66,14,5.0,3579.24,3400.28,680.06
3087,84.96,19,15.0,1614.24,1372.1,274.42
3088,494.81,3,10.0,1484.43,1335.99,267.2
3089,340.13,3,10.0,1020.39,918.35,183.67
3090,325.46,15,15.0,4881.9,4149.61,829.92
3091,304.72,17,5.0,5180.24,4921.23,984.25
3092,205.08,13,0.0,2666.04,2666.04,533.21
3093,496.4,19,15.0,9431.6,8016.86,1603.37
3094,470.59,8,20.0,3764.72,3011.78,602.36
3095,98.11,14,25.0,1373.54,1030.15,206.03
3096,324.13,9,25.0,2917.17,2187.88,437.58
3097,37.18,16,5.0,594.88,565.14,113.03
3098,429.15,20,10.0,8583.0,7724.7,1544.94
3099,101.24,16,25.0,1619.84,1214.88,242.98
3100,63.5,11,20.0,698.5,558.8,111.76
3101,469.04,14,5.0,6566.56,6238.23,1247.65
3102,137.56,4,25.0,550.24,412.68,82.54
3103,325.96,2,10.0,651.92,586.73,117.35
3104,301.62,18,20.0,5429.16,4343.33,868.67
3105,56.43,13,0.0,733.59,733.59,146.72
3106,151.53,20,20.0,3030.6,2424.48,484.9
3107,398.5,1,15.0,398.5,338.72,67.74
3108,85.16,1,20.0,85.16,68.13,13.63
3109,217.77,10,0.0,2177.7,2177.7,435.54
3110,486.92,16,10.0,7790.72,7011.65,1402.33
3111,276.89,1,10.0,276.89,249.2,49.84
3112,236.99,16,0.0,3791.84,3791.84,758.37
3113,145.31,14,0.0,2034.34,2034.34,406.87
3114,12.53,5,0.0,62.65,62.65,12.53
3115,49.07,20,10.0,981.4,883.26,176.65
3116,267.31,2,0.0,534.62,534.62,106.92
3117,364.48,12,20.0,4373.76,3499.01,699.8
3118,115.01,18,25.0,2070.18,1552.64,310.53
3119,19.48,3,25.0,58.44,43.83,8.77
3120,28.1,20,0.0,562.0,562.0,112.4
3121,394.91,2,10.0,789.82,710.84,142.17
3122,486.54,14,15.0,6811.56,5789.83,1157.97
3123,160.98,6,20.0,965.88,772.7,154.54
3124,300.85,1,5.0,300.85,285.81,57.16
3125,256.01,5,20.0,1280.05,1024.04,204.81
3126,63.77,11,25.0,701.47,526.1,105.22
3127,330.72,17,20.0,5622.24,4497.79,899.56
3128,63.45,7,20.0,444.15,355.32,71.06
3129,467.28,6,20.0,2803.68,2242.94,448.59
3130,224.77,9,10.0,2022.93,1820.64,364.13
3131,459.46,13,0.0,5972.98,5972.98,1194.6
3132,256.87,20,5.0,5137.4,4880.53,976.11
3133,434.44,10,15.0,4344.4,3692.74,738.55
3134,474.7,19,20.0,9019.3,7215.44,1443.09
3135,109.45,15,25.0,1641.75,1231.31,246.26
3136,72.37,13,5.0,940.81,893.77,178.75
3137,439.8,7,25.0,3078.6,2308.95,461.79
3138,146.6,20,0.0,2932.0,2932.0,586.4
3139,191.86,4,25.0,767.44,575.58,115.12
3140,134.95,5,15.0,674.75,573.54,114.71
3141,338.81,3,0.0,1016.43,1016.43,203.29
3142,303.38,8,0.0,2427.04,2427.04,485.41
3143,177.34,20,15.0,3546.8,3014.78,602.96
3144,428.53,17,10.0,7285.01,6556.51,1311.3
3145,189.91,4,5.0,759.64,721.66,144.33
3146,275.97,13,20.0,3587.61,2870.09,574.02
3147,426.45,13,0.0,5543.85,5543.85,1108.77
3148,26.0,16,5.0,416.0,395.2,79.04
3149,63.62,4,5.0,254.48,241.76,48.35
3150,9.29,9,10.0,83.61,75.25,15.05
3151,29.78,6,15.0,178.68,151.88,30.38
3152,19.8,8,5.0,158.4,150.48,30.1
3153,339.93,3,25.0,1019.79,764.84,152.97
3154,30.66,5,20.0,153.3,122.64,24.53
3155,194.39,2,5.0,388.78,369.34,73.87
3156,310.49,6,5.0,1862.94,1769.79,353.96
3157,215.24,2,20.0,430.48,344.38,68.88
3158,149.54,18,5.0,2691.72,2557.13,511.43
3159,334.02,20,10.0,6680.4,6012.36,1202.47
3160,97.95,17,20.0,1665.15,1332.12,266.42
3161,129.23,7,15.0,904.61,768.92,153.78
3162,474.96,10,5.0,4749.6,4512.12,902.42
3163,129.86,14,20.0,1818.04,1454.43,290.89
3164,370.18,6,15.0,2221.08,1887.92,377.58
3165,250.1,8,0.0,2000.8,2000.8,400.16
3166,363.64,8,20.0,2909.12,2327.3,465.46
3167,381.51,4,0.0,1526.04,1526.04,305.21
3168,169.03,19,10.0,3211.57,2890.41,578.08
3169,208.7,19,25.0,3965.3,2973.97,594.79
3170,477.5,14,25.0,6685.0,5013.75,1002.75
3171,310.86,2,20.0,621.72,497.38,99.48
3172,361.99,1,20.0,361.99,289.59,57.92
3173,214.1,11,0.0,2355.1,2355.1,471.02
3174,224.48,11,0.0,2469.28,2469.28,493.86
3175,32.64,13,25.0,424.32,318.24,63.65
3176,407.46,10,0.0,4074.6,4074.6,814.92
3177,386.22,12,10.0,4634.64,4171.18,834.24
3178,123.67,14,20.0,1731.38,1385.1,277.02
3179,485.15,1,20.0,485.15,388.12,77.62
3180,491.85,14,25.0,6885.9,5164.43,1032.88
3181,351.16,14,20.0,4916.24,3932.99,786.6
3182,401.93,4,5.0,1607.72,1527.33,305.47
3183,87.31,11,15.0,960.41,816.35,163.27
3184,313.97,13,10.0,4081.61,3673.45,734.69
3185,45.0,8,0.0,360.0,360.0,72.0
3186,199.63,1,15.0,199.63,169.69,33.94
3187,255.54,6,10.0,1533.24,1379.92,275.98
3188,96.29,3,15.0,288.87,245.54,49.11
3189,266.49,14,5.0,3730.86,3544.32,708.86
3190,301.9,15,15.0,4528.5,3849.22,769.85
3191,194.03,8,5.0,1552.24,1474.63,294.93
3192,48.31,20,0.0,966.2,966.2,193.24
3193,123.69,17,20.0,2102.73,1682.18,336.44
3194,51.98,11,10.0,571.78,514.6,102.92
3195,379.44,12,25.0,4553.28,3414.96,682.99
3196,137.64,12,15.0,1651.68,1403.93,280.79
3197,297.49,1,0.0,297.49,297.49,59.5
3198,459.97,12,25.0,5519.64,4139.73,827.95
3199,380.31,13,15.0,4944.03,4202.43,840.49
3200,439.74,7,0.0,3078.18,3078.18,615.64
3201,400.97,11,15.0,4410.67,3749.07,749.81
3202,94.47,2,10.0,188.94,170.05,34.01
3203,243.79,17,10.0,4144.43,3729.99,746.0
3204,486.06,20,5.0,9721.2,9235.14,1847.03
3205,427.19,6,0.0,2563.14,2563.14,512.63
3206,270.43,7,10.0,1893.01,1703.71,340.74
3207,273.3,8,5.0,2186.4,2077.08,415.42
3208,293.99,3,25.0,881.97,661.48,132.3
3209,94.48,20,25.0,1889.6,1417.2,283.44
3210,190.83,18,25.0,3434.94,2576.2,515.24
3211,425.64,19,5.0,8087.16,7682.8,1536.56
3212,474.02,14,20.0,6636.28,5309.02,1061.8
3213,490.51,2,20.0,981.02,784.82,156.96
3214,177.08,16,25.0,2833.28,2124.96,424.99
3215,222.1,5,15.0,1110.5,943.92,188.78
3216,157.15,9,10.0,1414.35,1272.92,254.58
3217,460.16,19,25.0,8743.04,6557.28,1311.46
3218,101.6,9,15.0,914.4,777.24,155.45
3219,482.71,16,15.0,7723.36,6564.86,1312.97
3220,224.34,11,5.0,2467.74,2344.35,468.87
3221,490.97,20,20.0,9819.4,7855.52,1571.1
3222,195.13,9,10.0,1756.17,1580.55,316.11
3223,418.33,2,10.0,836.66,752.99,150.6
3224,319.28,5,0.0,1596.4,1596.4,319.28
3225,128.36,2,20.0,256.72,205.38,41.08
3226,269.9,17,25.0,4588.3,3441.22,688.24
3227,75.1,15,15.0,1126.5,957.52,191.5
3228,497.22,14,25.0,6961.08,5220.81,1044.16
3229,479.82,20,20.0,9596.4,7677.12,1535.42
3230,313.07,6,15.0,1878.42,1596.66,319.33
3231,291.0,15,15.0,4365.0,3710.25,742.05
3232,317.13,14,25.0,4439.82,3329.86,665.97
3233,97.18,18,20.0,1749.24,1399.39,279.88
3234,313.67,4,5.0,1254.68,1191.95,238.39
3235,337.88,20,25.0,6757.6,5068.2,1013.64
3236,283.41,10,15.0,2834.1,2408.99,481.8
3237,366.74,13,0.0,4767.62,4767.62,953.52
3238,116.82,6,0.0,700.92,700.92,140.18
3239,439.09,3,15.0,1317.27,1119.68,223.94
3240,181.97,2,25.0,363.94,272.95,54.59
3241,430.54,7,5.0,3013.78,2863.09,572.62
3242,380.11,11,10.0,4181.21,3763.09,752.62
3243,229.36,5,20.0,1146.8,917.44,183.49
3244,88.05,20,20.0,1761.0,1408.8,281.76
3245,17.01,3,10.0,51.03,45.93,9.19
3246,458.22,20,25.0,9164.4,6873.3,1374.66
3247,362.16,10,25.0,3621.6,2716.2,543.24
3248,157.58,1,5.0,157.58,149.7,29.94
3249,142.51,8,25.0,1140.08,855.06,171.01
3250,414.11,3,10.0,1242.33,1118.1,223.62
3251,169.83,1,20.0,169.83,135.86,27.17
3252,40.27,5,15.0,201.35,171.15,34.23
3253,10.42,6,10.0,62.52,56.27,11.25
3254,416.96,18,20.0,7505.28,6004.22,1200.84
3255,170.12,4,25.0,680.48,510.36,102.07
3256,425.4,6,10.0,2552.4,2297.16,459.43
3257,359.71,18,20.0,6474.78,5179.82,1035.96
3258,76.72,14,10.0,1074.08,966.67,193.33
3259,185.43,5,25.0,927.15,695.36,139.07
3260,312.14,12,10.0,3745.68,3371.11,674.22
3261,68.64,9,5.0,617.76,586.87,117.37
3262,377.4,10,20.0,3774.0,3019.2,603.84
3263,202.03,3,5.0,606.09,575.79,115.16
3264,371.42,3,25.0,1114.26,835.69,167.14
3265,385.97,7,15.0,2701.79,2296.52,459.3
3266,212.16,3,15.0,636.48,541.01,108.2
3267,447.22,20,0.0,8944.4,8944.4,1788.88
3268,432.7,6,15.0,2596.2,2206.77,441.35
3269,146.1,3,0.0,438.3,438.3,87.66
3270,367.12,5,15.0,1835.6,1560.26,312.05
3271,165.91,9,25.0,1493.19,1119.89,223.98
3272,172.29,10,25.0,1722.9,1292.17,258.44
3273,181.09,20,5.0,3621.8,3440.71,688.14
3274,89.91,13,5.0,1168.83,1110.39,222.08
3275,103.96,13,25.0,1351.48,1013.61,202.72
3276,163.77,7,10.0,1146.39,1031.75,206.35
3277,241.78,16,5.0,3868.48,3675.06,735.01
3278,427.76,1,10.0,427.76,384.98,77.0
3279,210.99,17,15.0,3586.83,3048.81,609.76
3280,199.52,14,0.0,2793.28,2793.28,558.66
3281,42.69,2,5.0,85.38,81.11,16.22
3282,179.89,4,15.0,719.56,611.63,122.33
3283,343.55,7,15.0,2404.85,2044.12,408.82
3284,6.83,9,15.0,61.47,52.25,10.45
3285,55.33,14,10.0,774.62,697.16,139.43
3286,233.51,7,25.0,1634.57,1225.93,245.19
3287,116.69,6,15.0,700.14,595.12,119.02
3288,454.93,6,15.0,2729.58,2320.14,464.03
3289,484.53,11,5.0,5329.83,5063.34,1012.67
3290,384.76,4,25.0,1539.04,1154.28,230.86
3291,494.42,13,15.0,6427.46,5463.34,1092.67
3292,445.65,2,25.0,891.3,668.47,133.69
3293,435.79,10,5.0,4357.9,4140.01,828.0
3294,301.11,2,15.0,602.22,511.89,102.38
3295,279.74,18,25.0,5035.32,3776.49,755.3
3296,132.59,11,10.0,1458.49,1312.64,262.53
3297,489.51,18,5.0,8811.18,8370.62,1674.12
3298,399.28,4,20.0,1597.12,1277.7,255.54
3299,496.35,16,5.0,7941.6,7544.52,1508.9
3300,481.65,18,20.0,8669.7,6935.76,1387.15
3301,189.22,16,0.0,3027.52,3027.52,605.5
3302,281.15,16,5.0,4498.4,4273.48,854.7
3303,272.96,16,5.0,4367.36,4148.99,829.8
3304,435.66,15,5.0,6534.9,6208.16,1241.63
3305,331.18,6,25.0,1987.08,1490.31,298.06
3306,331.11,1,20.0,331.11,264.89,52.98
3307,163.55,5,15.0,817.75,695.09,139.02
3308,83.4,2,10.0,166.8,150.12,30.02
3309,436.77,1,10.0,436.77,393.09,78.62
3310,339.46,5,5.0,1697.3,1612.43,322.49
3311,167.28,14,20.0,2341.92,1873.54,374.71
3312,195.3,16,20.0,3124.8,2499.84,499.97
3313,92.79,17,0.0,1577.43,1577.43,315.49
3314,267.12,19,10.0,5075.28,4567.75,913.55
3315,214.98,7,5.0,1504.86,1429.62,285.92
3316,394.69,13,0.0,5130.97,5130.97,1026.19
3317,380.36,8,20.0,3042.88,2434.3,486.86
3318,64.87,9,5.0,583.83,554.64,110.93
3319,28.21,12,10.0,338.52,304.67,60.93
3320,27.76,13,10.0,360.88,324.79,64.96
3321,118.42,2,5.0,236.84,225.0,45.0
3322,394.29,7,25.0,2760.03,2070.02,414.0
3323,143.78,18,20.0,2588.04,2070.43,414.09
3324,497.04,8,10.0,3976.32,3578.69,715.74
3325,58.31,11,5.0,641.41,609.34,121.87
3326,27.93,5,0.0,139.65,139.65,27.93
3327,215.21,5,10.0,1076.05,968.44,193.69
3328,162.28,5,0.0,811.4,811.4,162.28
3329,199.77,19,5.0,3795.63,3605.85,721.17
3330,27.06,2,20.0,54.12,43.3,8.66
3331,391.82,15,0.0,5877.3,5877.3,1175.46
3332,224.39,16,15.0,3590.24,3051.7,610.34
3333,382.27,1,0.0,382.27,382.27,76.45
3334,142.57,1,0.0,142.57,142.57,28.51
3335,429.5,2,10.0,859.0,773.1,154.62
3336,181.24,14,5.0,2537.36,2410.49,482.1
3337,124.83,11,25.0,1373.13,1029.85,205.97
3338,262.5,17,5.0,4462.5,4239.38,847.88
3339,394.66,3,25.0,1183.98,887.99,177.6
3340,257.04,8,0.0,2056.32,2056.32,411.26
3341,165.0,16,10.0,2640.0,2376.0,475.2
3342,418.78,9,15.0,3769.02,3203.67,640.73
3343,407.12,7,25.0,2849.84,2137.38,427.48
3344,74.32,19,0.0,1412.08,1412.08,282.42
3345,47.96,6,10.0,287.76,258.98,51.8
3346,411.62,10,0.0,4116.2,4116.2,823.24
3347,465.42,4,0.0,1861.68,1861.68,372.34
3348,179.18,19,0.0,3404.42,3404.42,680.88
3349,167.25,12,5.0,2007.0,1906.65,381.33
3350,7.55,8,10.0,60.4,54.36,10.87
3351,305.2,7,25.0,2136.4,1602.3,320.46
3352,444.91,7,0.0,3114.37,3114.37,622.87
3353,23.16,18,20.0,416.88,333.5,66.7
3354,142.28,16,5.0,2276.48,2162.66,432.53
3355,435.8,11,25.0,4793.8,3595.35,719.07
3356,247.16,9,15.0,2224.44,1890.77,378.15
3357,309.2,15,25.0,4638.0,3478.5,695.7
3358,175.88,1,10.0,175.88,158.29,31.66
3359,315.85,13,25.0,4106.05,3079.54,615.91
3360,458.26,2,0.0,916.52,916.52,183.3
3361,204.86,15,10.0,3072.9,2765.61,553.12
3362,24.31,13,15.0,316.03,268.63,53.73
3363,165.65,13,25.0,2153.45,1615.09,323.02
3364,83.71,19,25.0,1590.49,1192.87,238.57
3365,157.64,11,5.0,1734.04,1647.34,329.47
3366,101.43,10,0.0,1014.3,1014.3,202.86
3367,496.25,14,5.0,6947.5,6600.12,1320.03
3368,451.38,15,0.0,6770.7,6770.7,1354.14
3369,21.39,10,0.0,213.9,213.9,42.78
3370,216.9,3,0.0,650.7,650.7,130.14
3371,357.01,1,15.0,357.01,303.46,60.69
3372,462.48,4,25.0,1849.92,1387.44,277.49
3373,241.72,9,20.0,2175.48,1740.38,348.08
3374,283.22,9,15.0,2548.98,2166.63,433.33
3375,113.8,7,10.0,796.6,716.94,143.39
3376,185.83,2,25.0,371.66,278.75,55.75
3377,486.14,2,25.0,972.28,729.21,145.84
3378,135.09,1,10.0,135.09,121.58,24.32
3379,70.62,18,25.0,1271.16,953.37,190.67
3380,310.13,7,0.0,2170.91,2170.91,434.18
3381,78.52,10,0.0,785.2,785.2,157.04
3382,290.9,15,5.0,4363.5,4145.32,829.07
3383,52.08,6,20.0,312.48,249.98,50.0
3384,448.83,9,25.0,4039.47,3029.6,605.92
3385,282.4,6,20.0,1694.4,1355.52,271.1
3386,71.98,15,10.0,1079.7,971.73,194.35
3387,207.73,13,20.0,2700.49,2160.39,432.08
3388,236.6,15,20.0,3549.0,2839.2,567.84
3389,53.07,5,20.0,265.35,212.28,42.46
3390,370.62,5,5.0,1853.1,1760.44,352.09
3391,381.47,12,0.0,4577.64,4577.64,915.53
3392,137.07,6,0.0,822.42,822.42,164.48
3393,359.09,15,10.0,5386.35,4847.71,969.54
3394,141.19,15,5.0,2117.85,2011.96,402.39
3395,297.28,8,20.0,2378.24,1902.59,380.52
3396,492.5,13,15.0,6402.5,5442.12,1088.42
3397,132.57,19,10.0,2518.83,2266.95,453.39
3398,171.25,1,10.0,171.25,154.12,30.83
3399,442.45,12,20.0,5309.4,4247.52,849.5
3400,467.13,18,15.0,8408.34,7147.09,1429.42
3401,133.56,4,10.0,534.24,480.82,96.16
3402,47.76,4,0.0,191.04,191.04,38.21
3403,274.96,17,15.0,4674.32,3973.17,794.63
3404,167.8,8,20.0,1342.4,1073.92,214.78
3405,30.3,14,25.0,424.2,318.15,63.63
3406,473.46,7,15.0,3314.22,2817.09,563.42
3407,255.12,19,0.0,4847.28,4847.28,969.46
3408,477.13,11,0.0,5248.43,5248.43,1049.69
3409,470.23,11,20.0,5172.53,4138.02,827.6
3410,323.18,13,10.0,4201.34,3781.21,756.24
3411,272.47,8,5.0,2179.76,2070.77,414.15
3412,424.12,5,5.0,2120.6,2014.57,402.91
3413,469.36,12,0.0,5632.32,5632.32,1126.46
3414,485.03,1,20.0,485.03,388.02,77.6
3415,37.15,7,15.0,260.05,221.04,44.21
3416,464.91,15,10.0,6973.65,6276.29,1255.26
3417,330.08,6,20.0,1980.48,1584.38,316.88
3418,326.14,13,15.0,4239.82,3603.85,720.77
3419,377.45,10,0.0,3774.5,3774.5,754.9
3420,458.26,3,5.0,1374.78,1306.04,261.21
3421,437.74,20,15.0,8754.8,7441.58,1488.32
3422,489.64,19,25.0,9303.16,6977.37,1395.47
3423,191.65,5,5.0,958.25,910.34,182.07
3424,453.42,5,20.0,2267.1,1813.68,362.74
3425,21.48,12,10.0,257.76,231.98,46.4
3426,206.73,15,20.0,3100.95,2480.76,496.15
3427,389.34,15,25.0,5840.1,4380.07,876.01
3428,327.06,13,15.0,4251.78,3614.01,722.8
3429,206.72,3,0.0,620.16,620.16,124.03
3430,289.52,9,15.0,2605.68,2214.83,442.97
3431,50.28,9,10.0,452.52,407.27,81.45
3432,167.39,16,0.0,2678.24,2678.24,535.65
3433,150.3,2,25.0,300.6,225.45,45.09
3434,235.33,5,5.0,1176.65,1117.82,223.56
3435,491.84,20,10.0,9836.8,8853.12,1770.62
3436,429.43,8,25.0,3435.44,2576.58,515.32
3437,365.43,1,0.0,365.43,365.43,73.09
3438,456.57,7,15.0,3195.99,2716.59,543.32
3439,97.27,18,10.0,1750.86,1575.77,315.15
3440,460.58,16,0.0,7369.28,7369.28,1473.86
3441,228.96,20,15.0,4579.2,3892.32,778.46
3442,46.65,20,20.0,933.0,746.4,149.28
3443,443.36,20,25.0,8867.2,6650.4,1330.08
3444,83.52,10,25.0,835.2,626.4,125.28
3445,429.69,17,10.0,7304.73,6574.26,1314.85
3446,292.34,1,20.0,292.34,233.87,46.77
3447,310.76,12,15.0,3729.12,3169.75,633.95
3448,7.28,19,15.0,138.32,117.57,23.51
3449,125.11,7,5.0,875.77,831.98,166.4
3450,314.03,20,25.0,6280.6,4710.45,942.09
3451,100.24,17,20.0,1704.08,1363.26,272.65
3452,366.57,11,20.0,4032.27,3225.82,645.16
3453,302.15,8,15.0,2417.2,2054.62,410.92
3454,156.04,11,25.0,1716.44,1287.33,257.47
3455,62.34,8,15.0,498.72,423.91,84.78
3456,251.8,10,15.0,2518.0,2140.3,428.06
3457,84.43,13,0.0,1097.59,1097.59,219.52
3458,194.23,19,20.0,3690.37,2952.3,590.46
3459,186.84,8,20.0,1494.72,1195.78,239.16
3460,47.4,20,25.0,948.0,711.0,142.2
3461,281.79,11,25.0,3099.69,2324.77,464.95
3462,364.97,2,10.0,729.94,656.95,131.39
3463,44.08,1,10.0,44.08,39.67,7.93
3464,446.08,8,5.0,3568.64,3390.21,678.04
3465,354.44,10,5.0,3544.4,3367.18,673.44
3466,246.64,14,20.0,3452.96,2762.37,552.47
3467,332.84,10,25.0,3328.4,2496.3,499.26
3468,75.26,4,15.0,301.04,255.88,51.18
3469,228.31,7,25.0,1598.17,1198.63,239.73
3470,402.4,14,25.0,5633.6,4225.2,845.04
3471,431.38,5,20.0,2156.9,1725.52,345.1
3472,361.19,15,5.0,5417.85,5146.96,1029.39
3473,69.55,4,0.0,278.2,278.2,55.64
3474,325.08,19,5.0,6176.52,5867.69,1173.54
3475,236.96,1,10.0,236.96,213.26,42.65
3476,206.51,9,15.0,1858.59,1579.8,315.96
3477,160.1,4,0.0,640.4,640.4,128.08
3478,277.47,8,10.0,2219.76,1997.78,399.56
3479,450.91,19,20.0,8567.29,6853.83,1370.77
3480,180.65,12,20.0,2167.8,1734.24,346.85
3481,415.74,3,10.0,1247.22,1122.5,224.5
3482,207.88,20,25.0,4157.6,3118.2,623.64
3483,268.6,17,15.0,4566.2,3881.27,776.25
3484,424.45,8,10.0,3395.6,3056.04,611.21
3485,32.79,13,10.0,426.27,383.64,76.73
3486,230.8,16,0.0,3692.8,3692.8,738.56
3487,148.16,2,15.0,296.32,251.87,50.37
3488,483.3,5,5.0,2416.5,2295.67,459.13
3489,60.33,11,0.0,663.63,663.63,132.73
3490,495.73,17,20.0,8427.41,6741.93,1348.39
3491,57.52,6,10.0,345.12,310.61,62.12
3492,218.09,7,15.0,1526.63,1297.64,259.53
3493,195.32,17,10.0,3320.44,2988.4,597.68
3494,88.04,20,20.0,1760.8,1408.64,281.73
3495,280.55,3,0.0,841.65,841.65,168.33
3496,458.24,7,0.0,3207.68,3207.68,641.54
3497,492.04,8,10.0,3936.32,3542.69,708.54
3498,138.8,11,5.0,1526.8,1450.46,290.09
3499,226.75,15,0.0,3401.25,3401.25,680.25
3500,135.12,8,25.0,1080.96,810.72,162.14
3501,179.07,9,25.0,1611.63,1208.72,241.74
3502,495.29,18,15.0,8915.22,7577.94,1515.59
3503,167.17,8,15.0,1337.36,1136.76,227.35
3504,334.99,2,15.0,669.98,569.48,113.9
3505,368.58,8,0.0,2948.64,2948.64,589.73
3506,12.88,4,10.0,51.52,46.37,9.27
3507,250.89,14,5.0,3512.46,3336.84,667.37
3508,137.3,5,10.0,686.5,617.85,123.57
3509,150.0,9,20.0,1350.0,1080.0,216.0
3510,495.45,10,15.0,4954.5,4211.32,842.26
3511,449.02,11,5.0,4939.22,4692.26,938.45
3512,176.67,4,25.0,706.68,530.01,106.0
3513,383.87,7,25.0,2687.09,2015.32,403.06
3514,296.81,1,15.0,296.81,252.29,50.46
3515,316.07,10,15.0,3160.7,2686.59,537.32
3516,300.14,9,5.0,2701.26,2566.2,513.24
3517,276.21,13,20.0,3590.73,2872.58,574.52
3518,259.66,15,20.0,3894.9,3115.92,623.18
3519,271.18,20,15.0,5423.6,4610.06,922.01
3520,453.88,13,0.0,5900.44,5900.44,1180.09
3521,209.17,3,15.0,627.51,533.38,106.68
3522,275.69,6,5.0,1654.14,1571.43,314.29
3523,5.16,12,25.0,61.92,46.44,9.29
3524,413.48,9,0.0,3721.32,3721.32,744.26
3525,231.72,4,0.0,926.88,926.88,185.38
3526,477.51,12,25.0,5730.12,4297.59,859.52
3527,393.72,3,10.0,1181.16,1063.04,212.61
3528,61.55,2,0.0,123.1,123.1,24.62
3529,428.14,20,5.0,8562.8,8134.66,1626.93
3530,402.81,16,0.0,6444.96,6444.96,1288.99
3531,181.29,10,15.0,1812.9,1540.96,308.19
3532,347.23,19,25.0,6597.37,4948.03,989.61
3533,125.74,6,20.0,754.44,603.55,120.71
3534,200.31,10,0.0,2003.1,2003.1,400.62
3535,402.89,19,20.0,7654.91,6123.93,1224.79
3536,425.73,18,10.0,7663.14,6896.83,1379.37
3537,160.4,6,20.0,962.4,769.92,153.98
3538,215.33,19,15.0,4091.27,3477.58,695.52
3539,99.17,8,20.0,793.36,634.69,126.94
3540,391.2,20,5.0,7824.0,7432.8,1486.56
3541,446.97,19,5.0,8492.43,8067.81,1613.56
3542,194.36,8,15.0,1554.88,1321.65,264.33
3543,492.19,3,5.0,1476.57,1402.74,280.55
3544,258.29,15,15.0,3874.35,3293.2,658.64
3545,134.19,12,15.0,1610.28,1368.74,273.75
3546,373.26,15,15.0,5598.9,4759.06,951.81
3547,421.52,18,10.0,7587.36,6828.62,1365.72
3548,342.0,17,20.0,5814.0,4651.2,930.24
3549,330.95,1,25.0,330.95,248.21,49.64
3550,322.09,1,10.0,322.09,289.88,57.98
3551,352.55,5,5.0,1762.75,1674.61,334.92
3552,186.92,1,0.0,186.92,186.92,37.38
3553,147.32,15,5.0,2209.8,2099.31,419.86
3554,291.36,18,10.0,5244.48,4720.03,944.01
3555,378.52,1,25.0,378.52,283.89,56.78
3556,251.32,8,0.0,2010.56,2010.56,402.11
3557,34.02,18,15.0,612.36,520.51,104.1
3558,238.84,15,20.0,3582.6,2866.08,573.22
3559,304.74,19,15.0,5790.06,4921.55,984.31
3560,256.73,10,15.0,2567.3,2182.2,436.44
3561,331.31,16,5.0,5300.96,5035.91,1007.18
3562,433.74,2,0.0,867.48,867.48,173.5
3563,108.99,15,0.0,1634.85,1634.85,326.97
3564,420.76,8,0.0,3366.08,3366.08,673.22
3565,249.22,9,0.0,2242.98,2242.98,448.6
3566,133.22,2,15.0,266.44,226.47,45.29
3567,303.47,19,10.0,5765.93,5189.34,1037.87
3568,396.58,6,0.0,2379.48,2379.48,475.9
3569,47.79,11,20.0,525.69,420.55,84.11
3570,130.31,15,5.0,1954.65,1856.92,371.38
3571,419.16,9,20.0,3772.44,3017.95,603.59
3572,472.04,2,10.0,944.08,849.67,169.93
3573,301.12,8,20.0,2408.96,1927.17,385.43
3574,334.07,17,20.0,5679.19,4543.35,908.67
3575,25.02,6,25.0,150.12,112.59,22.52
3576,316.97,15,25.0,4754.55,3565.91,713.18
3577,28.61,3,10.0,85.83,77.25,15.45
3578,19.97,4,5.0,79.88,75.89,15.18
3579,61.78,9,20.0,556.02,444.82,88.96
3580,369.53,12,25.0,4434.36,3325.77,665.15
3581,234.83,17,20.0,3992.11,3193.69,638.74
3582,265.7,4,25.0,1062.8,797.1,159.42
3583,444.32,8,15.0,3554.56,3021.38,604.28
3584,248.83,14,10.0,3483.62,3135.26,627.05
3585,291.59,15,20.0,4373.85,3499.08,699.82
3586,166.96,16,15.0,2671.36,2270.66,454.13
3587,467.53,8,5.0,3740.24,3553.23,710.65
3588,238.37,11,0.0,2622.07,2622.07,524.41
3589,341.23,12,25.0,4094.76,3071.07,614.21
3590,348.22,9,25.0,3133.98,2350.49,470.1
3591,475.01,11,5.0,5225.11,4963.85,992.77
3592,414.22,3,0.0,1242.66,1242.66,248.53
3593,303.03,20,10.0,6060.6,5454.54,1090.91
3594,271.57,12,10.0,3258.84,2932.96,586.59
3595,414.16,9,15.0,3727.44,3168.32,633.66
3596,489.96,17,15.0,8329.32,7079.92,1415.98
3597,431.73,18,25.0,7771.14,5828.36,1165.67
3598,24.48,19,10.0,465.12,418.61,83.72
3599,102.14,16,10.0,1634.24,1470.82,294.16
3600,325.04,16,25.0,5200.64,3900.48,780.1
3601,480.03,5,0.0,2400.15,2400.15,480.03
3602,88.16,3,25.0,264.48,198.36,39.67
3603,146.3,1,15.0,146.3,124.36,24.87
3604,367.14,1,25.0,367.14,275.36,55.07
3605,189.03,20,20.0,3780.6,3024.48,604.9
3606,351.58,15,0.0,5273.7,5273.7,1054.74
3607,373.65,9,20.0,3362.85,2690.28,538.06
3608,117.56,19,10.0,2233.64,2010.28,402.06
3609,213.52,18,0.0,3843.36,3843.36,768.67
3610,248.38,19,20.0,4719.22,3775.38,755.08
3611,113.53,12,15.0,1362.36,1158.01,231.6
3612,223.49,3,5.0,670.47,636.95,127.39
3613,338.75,20,5.0,6775.0,6436.25,1287.25
3614,75.05,7,15.0,525.35,446.55,89.31
3615,197.17,5,15.0,985.85,837.97,167.59
3616,63.3,10,20.0,633.0,506.4,101.28
3617,295.21,15,10.0,4428.15,3985.33,797.07
3618,429.27,16,20.0,6868.32,5494.66,1098.93
3619,241.23,13,20.0,3135.99,2508.79,501.76
3620,476.4,2,20.0,952.8,762.24,152.45
3621,270.02,8,0.0,2160.16,2160.16,432.03
3622,383.08,13,0.0,4980.04,4980.04,996.01
3623,87.07,9,20.0,783.63,626.9,125.38
3624,283.34,13,0.0,3683.42,3683.42,736.68
3625,209.09,12,20.0,2509.08,2007.26,401.45
3626,417.71,6,20.0,2506.26,2005.01,401.0
3627,44.08,20,0.0,881.6,881.6,176.32
3628,326.97,8,0.0,2615.76,2615.76,523.15
3629,309.68,11,20.0,3406.48,2725.18,545.04
3630,76.24,7,15.0,533.68,453.63,90.73
3631,466.07,10,25.0,4660.7,3495.52,699.11
3632,59.01,17,15.0,1003.17,852.69,170.54
3633,203.77,14,5.0,2852.78,2710.14,542.03
3634,57.64,8,20.0,461.12,368.9,73.78
3635,78.6,19,5.0,1493.4,1418.73,283.75
3636,41.04,17,20.0,697.68,558.14,111.63
3637,63.57,15,10.0,953.55,858.19,171.64
3638,442.23,1,10.0,442.23,398.01,79.6
3639,307.14,15,25.0,4607.1,3455.32,691.07
3640,312.12,19,0.0,5930.28,5930.28,1186.06
3641,84.69,2,10.0,169.38,152.44,30.49
3642,393.86,18,20.0,7089.48,5671.58,1134.32
3643,276.75,17,0.0,4704.75,4704.75,940.95
3644,458.35,19,20.0,8708.65,6966.92,1393.38
3645,46.24,12,0.0,554.88,554.88,110.98
3646,179.85,19,25.0,3417.15,2562.86,512.57
3647,182.14,20,10.0,3642.8,3278.52,655.7
3648,465.29,18,25.0,8375.22,6281.42,1256.28
3649,497.98,4,25.0,1991.92,1493.94,298.79
3650,107.74,16,10.0,1723.84,1551.46,310.29
3651,218.54,9,10.0,1966.86,1770.17,354.03
3652,51.55,4,10.0,206.2,185.58,37.12
3653,161.0,5,10.0,805.0,724.5,144.9
3654,452.83,7,10.0,3169.81,2852.83,570.57
3655,450.63,12,0.0,5407.56,5407.56,1081.51
3656,260.45,18,5.0,4688.1,4453.69,890.74
3657,141.02,2,15.0,282.04,239.73,47.95
3658,498.44,11,0.0,5482.84,5482.84,1096.57
3659,408.93,17,25.0,6951.81,5213.86,1042.77
3660,126.68,18,20.0,2280.24,1824.19,364.84
3661,218.5,20,15.0,4370.0,3714.5,742.9
3662,123.62,15,5.0,1854.3,1761.59,352.32
3663,485.54,11,15.0,5340.94,4539.8,907.96
3664,370.28,9,20.0,3332.52,2666.02,533.2
3665,41.29,2,20.0,82.58,66.06,13.21
3666,111.86,10,25.0,1118.6,838.95,167.79
3667,40.77,6,20.0,244.62,195.7,39.14
3668,164.61,7,25.0,1152.27,864.2,172.84
3669,303.55,9,10.0,2731.95,2458.76,491.75
3670,456.56,5,25.0,2282.8,1712.1,342.42
3671,188.6,13,10.0,2451.8,2206.62,441.32
3672,378.16,6,15.0,2268.96,1928.62,385.72
3673,407.19,9,10.0,3664.71,3298.24,659.65
3674,99.53,19,0.0,1891.07,1891.07,378.21
3675,31.64,6,20.0,189.84,151.87,30.37
3676,188.13,15,5.0,2821.95,2680.85,536.17
3677,272.74,4,10.0,1090.96,981.86,196.37
3678,358.1,11,5.0,3939.1,3742.14,748.43
3679,355.92,8,25.0,2847.36,2135.52,427.1
3680,5.56,10,25.0,55.6,41.7,8.34
3681,67.54,3,10.0,202.62,182.36,36.47
3682,163.3,11,15.0,1796.3,1526.86,305.37
3683,25.7,2,5.0,51.4,48.83,9.77
3684,207.87,10,25.0,2078.7,1559.02,311.81
3685,338.72,14,0.0,4742.08,4742.08,948.42
3686,225.46,5,5.0,1127.3,1070.93,214.19
3687,420.14,13,0.0,5461.82,5461.82,1092.36
3688,294.66,8,0.0,2357.28,2357.28,471.46
3689,324.89,3,25.0,974.67,731.0,146.2
3690,53.71,19,25.0,1020.49,765.37,153.07
3691,58.63,8,25.0,469.04,351.78,70.36
3692,499.51,20,20.0,9990.2,7992.16,1598.43
3693,345.96,6,15.0,2075.76,1764.4,352.88
3694,493.96,14,20.0,6915.44,5532.35,1106.47
3695,459.53,13,0.0,5973.89,5973.89,1194.78
3696,267.71,5,25.0,1338.55,1003.91,200.78
3697,277.13,18,10.0,4988.34,4489.51,897.9
3698,42.59,16,0.0,681.44,681.44,136.29
3699,169.08,6,25.0,1014.48,760.86,152.17
3700,325.45,5,5.0,1627.25,1545.89,309.18
3701,452.1,17,10.0,7685.7,6917.13,1383.43
3702,418.45,15,5.0,6276.75,5962.91,1192.58
3703,295.77,7,20.0,2070.39,1656.31,331.26
3704,386.47,11,25.0,4251.17,3188.38,637.68
3705,213.13,18,20.0,3836.34,3069.07,613.81
3706,178.77,20,20.0,3575.4,2860.32,572.06
3707,35.12,16,25.0,561.92,421.44,84.29
3708,372.71,4,0.0,1490.84,1490.84,298.17
3709,167.73,10,25.0,1677.3,1257.97,251.59
3710,89.1,10,25.0,891.0,668.25,133.65
3711,117.12,12,10.0,1405.44,1264.9,252.98
3712,48.3,14,15.0,676.2,574.77,114.95
3713,394.09,20,5.0,7881.8,7487.71,1497.54
3714,341.2,7,25.0,2388.4,1791.3,358.26
3715,209.44,3,5.0,628.32,596.9,119.38
3716,144.0,11,25.0,1584.0,1188.0,237.6
3717,363.55,14,5.0,5089.7,4835.21,967.04
3718,23.65,20,25.0,473.0,354.75,70.95
3719,412.8,16,10.0,6604.8,5944.32,1188.86
3720,70.59,17,25.0,1200.03,900.02,180.0
3721,40.21,6,10.0,241.26,217.13,43.43
3722,170.11,11,15.0,1871.21,1590.53,318.11
3723,109.9,13,15.0,1428.7,1214.39,242.88
3724,330.61,11,20.0,3636.71,2909.37,581.87
3725,353.85,16,10.0,5661.6,5095.44,1019.09
3726,166.64,8,10.0,1333.12,1199.81,239.96
3727,221.81,13,25.0,2883.53,2162.65,432.53
3728,121.0,4,5.0,484.0,459.8,91.96
3729,25.49,9,0.0,229.41,229.41,45.88
3730,474.94,4,20.0,1899.76,1519.81,303.96
3731,80.12,16,25.0,1281.92,961.44,192.29
3732,123.78,13,10.0,1609.14,1448.23,289.65
3733,145.01,13,10.0,1885.13,1696.62,339.32
3734,425.85,6,25.0,2555.1,1916.33,383.27
3735,179.61,14,25.0,2514.54,1885.9,377.18
3736,430.95,4,25.0,1723.8,1292.85,258.57
3737,170.21,16,5.0,2723.36,2587.19,517.44
3738,192.71,6,20.0,1156.26,925.01,185.0
3739,384.66,14,20.0,5385.24,4308.19,861.64
3740,288.13,5,20.0,1440.65,1152.52,230.5
3741,465.68,3,10.0,1397.04,1257.34,251.47
3742,137.0,15,0.0,2055.0,2055.0,411.0
3743,486.2,12,15.0,5834.4,4959.24,991.85
3744,121.71,3,10.0,365.13,328.62,65.72
3745,14.99,16,25.0,239.84,179.88,35.98
3746,103.91,10,25.0,1039.1,779.32,155.87
3747,117.72,17,15.0,2001.24,1701.05,340.21
3748,237.68,11,25.0,2614.48,1960.86,392.17
3749,233.19,15,5.0,3497.85,3322.96,664.59
3750,273.14,2,5.0,546.28,518.97,103.79
3751,20.77,4,0.0,83.08,83.08,16.62
3752,277.11,17,20.0,4710.87,3768.7,753.74
3753,400.1,20,25.0,8002.0,6001.5,1200.3
3754,416.09,5,5.0,2080.45,1976.43,395.29
3755,91.51,14,15.0,1281.14,1088.97,217.79
3756,157.13,20,0.0,3142.6,3142.6,628.52
3757,442.19,8,0.0,3537.52,3537.52,707.5
3758,123.72,7,5.0,866.04,822.74,164.55
3759,188.81,6,25.0,1132.86,849.65,169.93
3760,149.69,1,25.0,149.69,112.27,22.45
3761,243.39,20,5.0,4867.8,4624.41,924.88
3762,373.52,9,20.0,3361.68,2689.34,537.87
3763,401.56,7,0.0,2810.92,2810.92,562.18
3764,339.12,5,20.0,1695.6,1356.48,271.3
3765,387.14,10,25.0,3871.4,2903.55,580.71
3766,76.71,18,0.0,1380.78,1380.78,276.16
3767,405.28,15,25.0,6079.2,4559.4,911.88
3768,308.44,5,0.0,1542.2,1542.2,308.44
3769,194.45,12,20.0,2333.4,1866.72,373.34
3770,47.39,19,0.0,900.41,900.41,180.08
3771,264.52,7,5.0,1851.64,1759.06,351.81
3772,125.51,14,10.0,1757.14,1581.43,316.29
3773,440.67,10,5.0,4406.7,4186.36,837.27
3774,197.61,11,5.0,2173.71,2065.02,413.0
3775,473.54,16,5.0,7576.64,7197.81,1439.56
3776,244.61,13,15.0,3179.93,2702.94,540.59
3777,157.17,11,20.0,1728.87,1383.1,276.62
3778,210.39,10,0.0,2103.9,2103.9,420.78
3779,284.81,15,25.0,4272.15,3204.11,640.82
3780,383.15,13,10.0,4980.95,4482.85,896.57
3781,427.6,1,20.0,427.6,342.08,68.42
3782,403.01,13,25.0,5239.13,3929.35,785.87
3783,269.54,12,0.0,3234.48,3234.48,646.9
3784,284.59,8,10.0,2276.72,2049.05,409.81
3785,359.71,9,5.0,3237.39,3075.52,615.1
3786,149.46,10,15.0,1494.6,1270.41,254.08
3787,218.8,8,25.0,1750.4,1312.8,262.56
3788,213.94,20,25.0,4278.8,3209.1,641.82
3789,49.92,14,5.0,698.88,663.94,132.79
3790,63.28,5,15.0,316.4,268.94,53.79
3791,114.04,4,25.0,456.16,342.12,68.42
3792,207.75,7,10.0,1454.25,1308.83,261.77
3793,397.47,7,20.0,2782.29,2225.83,445.17
3794,59.53,8,25.0,476.24,357.18,71.44
3795,391.7,4,10.0,1566.8,1410.12,282.02
3796,462.89,12,25.0,5554.68,4166.01,833.2
3797,345.78,18,5.0,6224.04,5912.84,1182.57
3798,395.43,1,25.0,395.43,296.57,59.31
3799,421.95,14,5.0,5907.3,5611.93,1122.39
3800,140.1,18,10.0,2521.8,2269.62,453.92
3801,359.09,6,20.0,2154.54,1723.63,344.73
3802,74.07,7,0.0,518.49,518.49,103.7
3803,112.01,19,20.0,2128.19,1702.55,340.51
3804,115.19,5,25.0,575.95,431.96,86.39
3805,284.63,4,5.0,1138.52,1081.59,216.32
3806,388.77,19,20.0,7386.63,5909.3,1181.86
3807,49.81,3,15.0,149.43,127.02,25.4
3808,322.4,6,25.0,1934.4,1450.8,290.16
3809,239.69,9,20.0,2157.21,1725.77,345.15
3810,49.4,9,15.0,444.6,377.91,75.58
3811,332.54,12,15.0,3990.48,3391.91,678.38
3812,267.02,1,15.0,267.02,226.97,45.39
3813,459.88,12,15.0,5518.56,4690.78,938.16
3814,277.03,15,20.0,4155.45,3324.36,664.87
3815,428.61,1,15.0,428.61,364.32,72.86
3816,240.02,9,0.0,2160.18,2160.18,432.04
3817,395.49,2,0.0,790.98,790.98,158.2
3818,316.17,5,25.0,1580.85,1185.64,237.13
3819,102.0,1,10.0,102.0,91.8,18.36
3820,90.3,16,15.0,1444.8,1228.08,245.62
3821,275.72,16,20.0,4411.52,3529.22,705.84
3822,331.01,8,15.0,2648.08,2250.87,450.17
3823,318.0,9,10.0,2862.0,2575.8,515.16
3824,351.6,8,20.0,2812.8,2250.24,450.05
3825,357.78,18,10.0,6440.04,5796.04,1159.21
3826,439.45,3,0.0,1318.35,1318.35,263.67
3827,162.05,13,15.0,2106.65,1790.65,358.13
3828,469.15,20,25.0,9383.0,7037.25,1407.45
3829,416.83,11,15.0,4585.13,3897.36,779.47
3830,143.65,8,15.0,1149.2,976.82,195.36
3831,482.47,5,10.0,2412.35,2171.12,434.22
3832,239.97,15,10.0,3599.55,3239.6,647.92
3833,281.99,9,15.0,2537.91,2157.22,431.44
3834,483.78,1,25.0,483.78,362.83,72.57
3835,362.85,16,0.0,5805.6,5805.6,1161.12
3836,168.8,5,25.0,844.0,633.0,126.6
3837,71.27,15,15.0,1069.05,908.69,181.74
3838,42.22,19,5.0,802.18,762.07,152.41
3839,87.04,15,25.0,1305.6,979.2,195.84
3840,34.92,9,15.0,314.28,267.14,53.43
3841,485.57,12,5.0,5826.84,5535.5,1107.1
3842,52.88,11,10.0,581.68,523.51,104.7
3843,110.97,14,0.0,1553.58,1553.58,310.72
3844,40.31,12,0.0,483.72,483.72,96.74
3845,190.87,2,5.0,381.74,362.65,72.53
3846,492.12,17,25.0,8366.04,6274.53,1254.91
3847,191.22,11,20.0,2103.42,1682.74,336.55
3848,419.42,7,20.0,2935.94,2348.75,469.75
3849,5.09,12,15.0,61.08,51.92,10.38
3850,495.14,7,20.0,3465.98,2772.78,554.56
3851,277.72,8,10.0,2221.76,1999.58,399.92
3852,194.11,13,20.0,2523.43,2018.74,403.75
3853,98.21,20,15.0,1964.2,1669.57,333.91
3854,369.67,10,15.0,3696.7,3142.2,628.44
3855,139.77,6,5.0,838.62,796.69,159.34
3856,281.97,7,25.0,1973.79,1480.34,296.07
3857,180.56,13,15.0,2347.28,1995.19,399.04
3858,466.55,5,20.0,2332.75,1866.2,373.24
3859,280.15,15,5.0,4202.25,3992.14,798.43
3860,232.54,2,0.0,465.08,465.08,93.02
3861,333.19,13,20.0,4331.47,3465.18,693.04
3862,344.56,8,20.0,2756.48,2205.18,441.04
3863,378.67,17,20.0,6437.39,5149.91,1029.98
3864,31.3,2,5.0,62.6,59.47,11.89
3865,264.06,19,0.0,5017.14,5017.14,1003.43
3866,395.21,2,25.0,790.42,592.81,118.56
3867,315.29,10,0.0,3152.9,3152.9,630.58
3868,39.21,13,0.0,509.73,509.73,101.95
3869,194.35,17,5.0,3303.95,3138.75,627.75
3870,317.07,2,5.0,634.14,602.43,120.49
3871,404.76,4,15.0,1619.04,1376.18,275.24
3872,71.63,19,20.0,1360.97,1088.78,217.76
3873,468.12,9,10.0,4213.08,3791.77,758.35
3874,398.66,4,5.0,1594.64,1514.91,302.98
3875,123.88,12,0.0,1486.56,1486.56,297.31
3876,49.6,20,10.0,992.0,892.8,178.56
3877,486.38,5,25.0,2431.9,1823.93,364.79
3878,337.8,5,25.0,1689.0,1266.75,253.35
3879,139.91,14,10.0,1958.74,1762.87,352.57
3880,118.8,12,10.0,1425.6,1283.04,256.61
3881,336.63,13,0.0,4376.19,4376.19,875.24
3882,105.32,19,20.0,2001.08,1600.86,320.17
3883,117.15,13,25.0,1522.95,1142.21,228.44
3884,45.98,18,10.0,827.64,744.88,148.98
3885,23.87,1,15.0,23.87,20.29,4.06
3886,46.89,13,0.0,609.57,609.57,121.91
3887,83.86,9,10.0,754.74,679.27,135.85
3888,357.43,8,0.0,2859.44,2859.44,571.89
3889,300.85,5,20.0,1504.25,1203.4,240.68
3890,112.79,5,20.0,563.95,451.16,90.23
3891,270.61,9,25.0,2435.49,1826.62,365.32
3892,144.98,4,10.0,579.92,521.93,104.39
3893,136.62,14,15.0,1912.68,1625.78,325.16
3894,222.72,19,5.0,4231.68,4020.1,804.02
3895,82.19,18,25.0,1479.42,1109.57,221.91
3896,78.69,1,20.0,78.69,62.95,12.59
3897,223.73,13,25.0,2908.49,2181.37,436.27
3898,118.72,16,15.0,1899.52,1614.59,322.92
3899,194.22,20,10.0,3884.4,3495.96,699.19
3900,236.91,12,15.0,2842.92,2416.48,483.3
3901,185.33,15,15.0,2779.95,2362.96,472.59
3902,20.43,3,25.0,61.29,45.97,9.19
3903,278.8,3,5.0,836.4,794.58,158.92
3904,175.57,12,10.0,2106.84,1896.16,379.23
3905,225.37,1,0.0,225.37,225.37,45.07
3906,282.61,5,0.0,1413.05,1413.05,282.61
3907,125.48,8,15.0,1003.84,853.26,170.65
3908,345.02,2,20.0,690.04,552.03,110.41
3909,37.96,12,20.0,455.52,364.42,72.88
3910,423.0,2,10.0,846.0,761.4,152.28
3911,296.72,3,5.0,890.16,845.65,169.13
3912,25.24,10,0.0,252.4,252.4,50.48
3913,155.39,7,25.0,1087.73,815.8,163.16
3914,394.11,1,5.0,394.11,374.4,74.88
3915,195.05,9,20.0,1755.45,1404.36,280.87
3916,219.44,12,0.0,2633.28,2633.28,526.66
3917,373.33,1,0.0,373.33,373.33,74.67
3918,56.76,16,10.0,908.16,817.34,163.47
3919,70.57,7,15.0,493.99,419.89,83.98
3920,306.96,18,10.0,5525.28,4972.75,994.55
3921,72.82,7,20.0,509.74,407.79,81.56
3922,88.66,18,20.0,1595.88,1276.7,255.34
3923,428.99,3,10.0,1286.97,1158.27,231.65
3924,335.36,16,10.0,5365.76,4829.18,965.84
3925,242.27,3,0.0,726.81,726.81,145.36
3926,39.27,9,10.0,353.43,318.09,63.62
3927,128.01,7,5.0,896.07,851.27,170.25
3928,56.98,10,20.0,569.8,455.84,91.17
3929,338.33,13,10.0,4398.29,3958.46,791.69
3930,44.58,1,20.0,44.58,35.66,7.13
3931,230.5,3,15.0,691.5,587.77,117.56
3932,438.84,19,0.0,8337.96,8337.96,1667.59
3933,265.27,9,25.0,2387.43,1790.57,358.11
3934,120.04,8,5.0,960.32,912.3,182.46
3935,426.1,9,0.0,3834.9,3834.9,766.98
3936,69.51,6,5.0,417.06,396.21,79.24
3937,291.47,4,25.0,1165.88,874.41,174.88
3938,197.48,9,10.0,1777.32,1599.59,319.92
3939,296.93,8,10.0,2375.44,2137.9,427.58
3940,12.35,14,15.0,172.9,146.97,29.39
3941,269.87,15,10.0,4048.05,3643.25,728.65
3942,225.95,10,10.0,2259.5,2033.55,406.71
3943,341.95,2,25.0,683.9,512.92,102.58
3944,453.84,4,5.0,1815.36,1724.59,344.92
3945,271.39,13,25.0,3528.07,2646.05,529.21
3946,470.56,17,25.0,7999.52,5999.64,1199.93
3947,72.54,10,15.0,725.4,616.59,123.32
3948,45.53,6,0.0,273.18,273.18,54.64
3949,465.79,9,15.0,4192.11,3563.29,712.66
3950,222.48,16,10.0,3559.68,3203.71,640.74
3951,283.76,17,15.0,4823.92,4100.33,820.07
3952,344.07,12,20.0,4128.84,3303.07,660.61
3953,275.96,11,0.0,3035.56,3035.56,607.11
3954,128.79,4,20.0,515.16,412.13,82.43
3955,235.31,20,0.0,4706.2,4706.2,941.24
3956,206.33,18,0.0,3713.94,3713.94,742.79
3957,358.59,11,15.0,3944.49,3352.82,670.56
3958,71.97,2,25.0,143.94,107.95,21.59
3959,83.05,20,0.0,1661.0,1661.0,332.2
3960,162.69,19,0.0,3091.11,3091.11,618.22
3961,469.32,7,25.0,3285.24,2463.93,492.79
3962,40.51,13,25.0,526.63,394.97,78.99
3963,359.3,20,5.0,7186.0,6826.7,1365.34
3964,86.39,20,20.0,1727.8,1382.24,276.45
3965,495.57,16,10.0,7929.12,7136.21,1427.24
3966,305.72,16,15.0,4891.52,4157.79,831.56
3967,317.76,10,0.0,3177.6,3177.6,635.52
3968,328.94,9,0.0,2960.46,2960.46,592.09
3969,311.57,13,15.0,4050.41,3442.85,688.57
3970,406.44,10,0.0,4064.4,4064.4,812.88
3971,136.41,8,0.0,1091.28,1091.28,218.26
3972,198.85,19,20.0,3778.15,3022.52,604.5
3973,203.21,11,15.0,2235.31,1900.01,380.0
3974,311.44,3,5.0,934.32,887.6,177.52
3975,498.47,11,20.0,5483.17,4386.54,877.31
3976,230.54,8,25.0,1844.32,1383.24,276.65
3977,404.08,11,10.0,4444.88,4000.39,800.08
3978,194.44,18,20.0,3499.92,2799.94,559.99
3979,256.68,16,25.0,4106.88,3080.16,616.03
3980,258.54,1,5.0,258.54,245.61,49.12
3981,225.35,20,15.0,4507.0,3830.95,766.19
3982,386.24,12,25.0,4634.88,3476.16,695.23
3983,16.11,2,20.0,32.22,25.78,5.16
3984,232.82,12,5.0,2793.84,2654.15,530.83
3985,420.69,20,15.0,8413.8,7151.73,1430.35
3986,179.74,8,10.0,1437.92,1294.13,258.83
3987,13.64,14,25.0,190.96,143.22,28.64
3988,332.84,10,25.0,3328.4,2496.3,499.26
3989,392.11,8,10.0,3136.88,2823.19,564.64
3990,439.23,12,15.0,5270.76,4480.15,896.03
3991,125.21,2,5.0,250.42,237.9,47.58
3992,442.61,7,5.0,3098.27,2943.36,588.67
3993,292.73,6,20.0,1756.38,1405.1,281.02
3994,350.7,10,0.0,3507.0,3507.0,701.4
3995,413.07,9,0.0,3717.63,3717.63,743.53
3996,393.42,9,25.0,3540.78,2655.59,531.12
3997,404.88,12,0.0,4858.56,4858.56,971.71
3998,141.51,1,15.0,141.51,120.28,24.06
3999,237.41,1,15.0,237.41,201.8,40.36
4000,28.81,4,15.0,115.24,97.95,19.59
4001,343.14,13,5.0,4460.82,4237.78,847.56
4002,271.11,17,15.0,4608.87,3917.54,783.51
4003,105.49,7,0.0,738.43,738.43,147.69
4004,192.67,18,5.0,3468.06,3294.66,658.93
4005,99.55,16,20.0,1592.8,1274.24,254.85
4006,16.19,2,10.0,32.38,29.14,5.83
4007,197.5,13,0.0,2567.5,2567.5,513.5
4008,481.63,17,20.0,8187.71,6550.17,1310.03
4009,29.32,11,25.0,322.52,241.89,48.38
4010,489.02,19,5.0,9291.38,8826.81,1765.36
4011,429.28,7,0.0,3004.96,3004.96,600.99
4012,180.31,15,0.0,2704.65,2704.65,540.93
4013,363.26,15,25.0,5448.9,4086.67,817.34
4014,307.01,1,0.0,307.01,307.01,61.4
4015,21.01,13,10.0,273.13,245.82,49.16
4016,385.04,19,0.0,7315.76,7315.76,1463.15
4017,334.67,7,0.0,2342.69,2342.69,468.54
4018,49.13,10,5.0,491.3,466.74,93.35
4019,230.91,12,15.0,2770.92,2355.28,471.06
4020,210.06,14,0.0,2940.84,2940.84,588.17
4021,148.63,14,20.0,2080.82,1664.66,332.93
4022,451.1,9,15.0,4059.9,3450.91,690.18
4023,251.07,2,25.0,502.14,376.61,75.32
4024,371.07,3,15.0,1113.21,946.23,189.25
4025,386.45,3,0.0,1159.35,1159.35,231.87
4026,186.17,2,0.0,372.34,372.34,74.47
4027,451.11,18,0.0,8119.98,8119.98,1624.0
4028,196.34,12,10.0,2356.08,2120.47,424.09
4029,187.27,6,10.0,1123.62,1011.26,202.25
4030,310.67,14,10.0,4349.38,3914.44,782.89
4031,115.69,5,5.0,578.45,549.53,109.91
4032,124.89,14,15.0,1748.46,1486.19,297.24
4033,161.9,13,20.0,2104.7,1683.76,336.75
4034,191.62,8,10.0,1532.96,1379.66,275.93
4035,316.51,11,5.0,3481.61,3307.53,661.51
4036,229.3,7,5.0,1605.1,1524.85,304.97
4037,266.78,10,10.0,2667.8,2401.02,480.2
4038,133.48,12,20.0,1601.76,1281.41,256.28
4039,23.98,2,10.0,47.96,43.16,8.63
4040,390.47,4,10.0,1561.88,1405.69,281.14
4041,272.23,5,10.0,1361.15,1225.04,245.01
4042,374.58,17,25.0,6367.86,4775.89,955.18
4043,402.24,20,5.0,8044.8,7642.56,1528.51
4044,123.88,9,10.0,1114.92,1003.43,200.69
4045,255.1,1,25.0,255.1,191.32,38.27
4046,376.93,1,0.0,376.93,376.93,75.39
4047,57.86,12,20.0,694.32,555.46,111.09
4048,381.07,20,5.0,7621.4,7240.33,1448.07
4049,367.43,2,10.0,734.86,661.37,132.27
4050,90.31,7,0.0,632.17,632.17,126.43
4051,355.64,12,5.0,4267.68,4054.3,810.86
4052,356.41,12,20.0,4276.92,3421.54,684.31
4053,324.63,1,0.0,324.63,324.63,64.93
4054,359.28,16,0.0,5748.48,5748.48,1149.7
4055,390.66,6,20.0,2343.96,1875.17,375.03
4056,192.62,7,20.0,1348.34,1078.67,215.73
4057,77.48,3,0.0,232.44,232.44,46.49
4058,317.45,10,5.0,3174.5,3015.77,603.15
4059,477.84,2,0.0,955.68,955.68,191.14
4060,378.41,20,5.0,7568.2,7189.79,1437.96
4061,251.79,2,25.0,503.58,377.69,75.54
4062,341.76,20,5.0,6835.2,6493.44,1298.69
4063,151.12,3,20.0,453.36,362.69,72.54
4064,52.86,2,25.0,105.72,79.29,15.86
4065,246.39,2,10.0,492.78,443.5,88.7
4066,360.48,15,15.0,5407.2,4596.12,919.22
4067,62.71,11,10.0,689.81,620.83,124.17
4068,232.66,12,5.0,2791.92,2652.32,530.46
4069,379.55,20,15.0,7591.0,6452.35,1290.47
4070,122.18,13,25.0,1588.34,1191.26,238.25
4071,330.6,20,5.0,6612.0,6281.4,1256.28
4072,34.41,8,5.0,275.28,261.52,52.3
4073,22.34,13,10.0,290.42,261.38,52.28
4074,139.97,9,0.0,1259.73,1259.73,251.95
4075,321.21,3,0.0,963.63,963.63,192.73
4076,303.05,3,0.0,909.15,909.15,181.83
4077,291.14,10,10.0,2911.4,2620.26,524.05
4078,401.41,14,25.0,5619.74,4214.81,842.96
4079,135.27,14,15.0,1893.78,1609.71,321.94
4080,463.01,6,25.0,2778.06,2083.55,416.71
4081,439.1,6,20.0,2634.6,2107.68,421.54
4082,60.34,9,15.0,543.06,461.6,92.32
4083,250.98,16,0.0,4015.68,4015.68,803.14
4084,265.9,4,0.0,1063.6,1063.6,212.72
4085,45.78,17,0.0,778.26,778.26,155.65
4086,20.6,16,0.0,329.6,329.6,65.92
4087,165.27,3,0.0,495.81,495.81,99.16
4088,84.5,11,15.0,929.5,790.07,158.01
4089,357.06,16,0.0,5712.96,5712.96,1142.59
4090,442.53,7,10.0,3097.71,2787.94,557.59
4091,152.78,8,0.0,1222.24,1222.24,244.45
4092,174.78,11,0.0,1922.58,1922.58,384.52
4093,492.01,14,0.0,6888.14,6888.14,1377.63
4094,352.84,11,0.0,3881.24,3881.24,776.25
4095,237.02,3,15.0,711.06,604.4,120.88
4096,41.86,1,20.0,41.86,33.49,6.7
4097,328.47,9,15.0,2956.23,2512.8,502.56
4098,104.21,6,20.0,625.26,500.21,100.04
4099,220.15,16,5.0,3522.4,3346.28,669.26
4100,235.65,17,0.0,4006.05,4006.05,801.21
4101,375.3,15,15.0,5629.5,4785.07,957.01
4102,284.62,16,25.0,4553.92,3415.44,683.09
4103,333.9,9,25.0,3005.1,2253.82,450.76
4104,330.36,10,25.0,3303.6,2477.7,495.54
4105,384.89,18,25.0,6928.02,5196.01,1039.2
4106,494.14,9,25.0,4447.26,3335.45,667.09
4107,208.87,19,20.0,3968.53,3174.82,634.96
4108,422.58,17,20.0,7183.86,5747.09,1149.42
4109,59.7,7,5.0,417.9,397.0,79.4
4110,77.05,1,0.0,77.05,77.05,15.41
4111,294.83,2,5.0,589.66,560.18,112.04
4112,120.31,14,0.0,1684.34,1684.34,336.87
4113,169.81,15,25.0,2547.15,1910.36,382.07
4114,447.59,18,15.0,8056.62,6848.13,1369.63
4115,436.33,12,0.0,5235.96,5235.96,1047.19
4116,179.42,14,0.0,2511.88,2511.88,502.38
4117,90.09,1,0.0,90.09,90.09,18.02
4118,166.93,5,15.0,834.65,709.45,141.89
4119,29.6,19,5.0,562.4,534.28,106.86
4120,470.72,7,5.0,3295.04,3130.29,626.06
4121,126.97,10,20.0,1269.7,1015.76,203.15
4122,160.77,17,15.0,2733.09,2323.13,464.63
4123,35.47,7,15.0,248.29,211.05,42.21
4124,156.67,6,0.0,940.02,940.02,188.0
4125,239.0,5,15.0,1195.0,1015.75,203.15
4126,406.82,16,10.0,6509.12,5858.21,1171.64
4127,15.14,19,20.0,287.66,230.13,46.03
4128,244.74,6,0.0,1468.44,1468.44,293.69
4129,32.83,11,20.0,361.13,288.9,57.78
4130,77.32,16,5.0,1237.12,1175.26,235.05
4131,476.99,17,5.0,8108.83,7703.39,1540.68
4132,16.28,13,15.0,211.64,179.89,35.98
4133,124.74,6,15.0,748.44,636.17,127.23
4134,355.84,3,15.0,1067.52,907.39,181.48
4135,486.38,19,25.0,9241.22,6930.91,1386.18
4136,342.81,6,5.0,2056.86,1954.02,390.8
4137,140.99,12,10.0,1691.88,1522.69,304.54
4138,448.27,16,20.0,7172.32,5737.86,1147.57
4139,328.86,4,0.0,1315.44,1315.44,263.09
4140,324.44,20,25.0,6488.8,4866.6,973.32
4141,149.73,13,15.0,1946.49,1654.52,330.9
4142,274.17,6,25.0,1645.02,1233.76,246.75
4143,350.77,8,5.0,2806.16,2665.85,533.17
4144,219.35,17,10.0,3728.95,3356.05,671.21
4145,68.74,14,15.0,962.36,818.01,163.6
4146,90.07,13,5.0,1170.91,1112.36,222.47
4147,220.82,12,15.0,2649.84,2252.36,450.47
4148,17.08,2,10.0,34.16,30.74,6.15
4149,164.99,20,10.0,3299.8,2969.82,593.96
4150,423.61,9,20.0,3812.49,3049.99,610.0
4151,206.33,2,5.0,412.66,392.03,78.41
4152,256.54,17,10.0,4361.18,3925.06,785.01
4153,472.94,18,0.0,8512.92,8512.92,1702.58
4154,256.42,10,10.0,2564.2,2307.78,461.56
4155,86.89,5,20.0,434.45,347.56,69.51
4156,402.56,11,25.0,4428.16,3321.12,664.22
4157,15.08,15,25.0,226.2,169.65,33.93
4158,24.55,11,25.0,270.05,202.54,40.51
4159,180.51,1,15.0,180.51,153.43,30.69
4160,447.46,7,10.0,3132.22,2819.0,563.8
4161,395.94,2,0.0,791.88,791.88,158.38
4162,452.59,19,0.0,8599.21,8599.21,1719.84
4163,313.05,4,10.0,1252.2,1126.98,225.4
4164,297.64,5,15.0,1488.2,1264.97,252.99
4165,425.75,1,5.0,425.75,404.46,80.89
4166,140.59,6,20.0,843.54,674.83,134.97
4167,78.8,3,10.0,236.4,212.76,42.55
4168,467.17,15,25.0,7007.55,5255.66,1051.13
4169,281.28,3,10.0,843.84,759.46,151.89
4170,362.76,3,15.0,1088.28,925.04,185.01
4171,121.21,7,20.0,848.47,678.78,135.76
4172,358.54,4,0.0,1434.16,1434.16,286.83
4173,391.44,9,20.0,3522.96,2818.37,563.67
4174,236.22,2,20.0,472.44,377.95,75.59
4175,159.34,16,15.0,2549.44,2167.02,433.4
4176,27.83,3,5.0,83.49,79.32,15.86
4177,29.93,18,15.0,538.74,457.93,91.59
4178,295.38,12,10.0,3544.56,3190.1,638.02
4179,487.34,6,25.0,2924.04,2193.03,438.61
4180,425.59,7,15.0,2979.13,2532.26,506.45
4181,333.71,3,15.0,1001.13,850.96,170.19
4182,354.54,8,5.0,2836.32,2694.5,538.9
4183,481.38,14,25.0,6739.32,5054.49,1010.9
4184,229.7,18,15.0,4134.6,3514.41,702.88
4185,384.72,7,25.0,2693.04,2019.78,403.96
4186,397.91,8,0.0,3183.28,3183.28,636.66
4187,116.05,18,15.0,2088.9,1775.57,355.11
4188,279.21,11,25.0,3071.31,2303.48,460.7
4189,404.61,6,15.0,2427.66,2063.51,412.7
4190,38.09,15,20.0,571.35,457.08,91.42
4191,292.29,15,20.0,4384.35,3507.48,701.5
4192,335.02,8,20.0,2680.16,2144.13,428.83
4193,474.25,7,5.0,3319.75,3153.76,630.75
4194,214.96,20,20.0,4299.2,3439.36,687.87
4195,67.22,20,25.0,1344.4,1008.3,201.66
4196,413.58,18,25.0,7444.44,5583.33,1116.67
4197,215.79,20,25.0,4315.8,3236.85,647.37
4198,258.39,12,10.0,3100.68,2790.61,558.12
4199,481.21,9,25.0,4330.89,3248.17,649.63
4200,79.28,18,15.0,1427.04,1212.98,242.6
4201,119.61,14,15.0,1674.54,1423.36,284.67
4202,142.56,20,0.0,2851.2,2851.2,570.24
4203,498.88,10,15.0,4988.8,4240.48,848.1
4204,270.69,18,0.0,4872.42,4872.42,974.48
4205,267.69,7,20.0,1873.83,1499.06,299.81
4206,234.47,14,25.0,3282.58,2461.93,492.39
4207,167.47,10,15.0,1674.7,1423.49,284.7
4208,22.93,16,5.0,366.88,348.54,69.71
4209,289.49,14,25.0,4052.86,3039.64,607.93
4210,27.92,2,0.0,55.84,55.84,11.17
4211,258.39,14,15.0,3617.46,3074.84,614.97
4212,231.82,20,5.0,4636.4,4404.58,880.92
4213,313.44,9,10.0,2820.96,2538.86,507.77
4214,484.93,4,20.0,1939.72,1551.78,310.36
4215,233.61,14,5.0,3270.54,3107.01,621.4
4216,227.74,12,15.0,2732.88,2322.95,464.59
4217,139.47,1,5.0,139.47,132.5,26.5
4218,77.09,6,15.0,462.54,393.16,78.63
4219,310.59,4,10.0,1242.36,1118.12,223.62
4220,33.17,8,10.0,265.36,238.82,47.76
4221,433.27,8,10.0,3466.16,3119.54,623.91
4222,265.34,6,5.0,1592.04,1512.44,302.49
4223,386.66,18,5.0,6959.88,6611.89,1322.38
4224,202.77,9,10.0,1824.93,1642.44,328.49
4225,492.92,4,10.0,1971.68,1774.51,354.9
4226,308.67,6,0.0,1852.02,1852.02,370.4
4227,469.21,2,15.0,938.42,797.66,159.53
4228,485.32,3,10.0,1455.96,1310.36,262.07
4229,322.51,5,10.0,1612.55,1451.3,290.26
4230,175.86,3,20.0,527.58,422.06,84.41
4231,417.25,3,20.0,1251.75,1001.4,200.28
4232,374.95,2,15.0,749.9,637.41,127.48
4233,195.19,9,0.0,1756.71,1756.71,351.34
4234,26.23,13,20.0,340.99,272.79,54.56
4235,273.03,20,15.0,5460.6,4641.51,928.3
4236,92.95,5,10.0,464.75,418.28,83.66
4237,453.3,14,15.0,6346.2,5394.27,1078.85
4238,113.75,12,25.0,1365.0,1023.75,204.75
4239,48.22,5,0.0,241.1,241.1,48.22
4240,41.9,15,10.0,628.5,565.65,113.13
4241,144.14,14,20.0,2017.96,1614.37,322.87
4242,189.87,9,25.0,1708.83,1281.62,256.32
4243,394.63,5,10.0,1973.15,1775.84,355.17
4244,301.21,8,10.0,2409.68,2168.71,433.74
4245,405.82,13,15.0,5275.66,4484.31,896.86
4246,451.79,18,25.0,8132.22,6099.16,1219.83
4247,74.81,6,0.0,448.86,448.86,89.77
4248,63.92,1,5.0,63.92,60.72,12.14
4249,231.48,5,5.0,1157.4,1099.53,219.91
4250,379.9,18,5.0,6838.2,6496.29,1299.26
4251,391.17,11,10.0,4302.87,3872.58,774.52
4252,84.65,12,15.0,1015.8,863.43,172.69
4253,87.46,5,20.0,437.3,349.84,69.97
4254,250.63,1,10.0,250.63,225.57,45.11
4255,213.51,5,20.0,1067.55,854.04,170.81
4256,35.55,1,0.0,35.55,35.55,7.11
4257,50.53,9,10.0,454.77,409.29,81.86
4258,297.21,13,20.0,3863.73,3090.98,618.2
4259,55.05,2,0.0,110.1,110.1,22.02
4260,104.54,3,10.0,313.62,282.26,56.45
4261,14.64,18,15.0,263.52,223.99,44.8
4262,191.52,10,25.0,1915.2,1436.4,287.28
4263,265.46,12,25.0,3185.52,2389.14,477.83
4264,343.09,4,5.0,1372.36,1303.74,260.75
4265,413.83,4,0.0,1655.32,1655.32,331.06
4266,458.34,6,25.0,2750.04,2062.53,412.51
4267,230.19,4,5.0,920.76,874.72,174.94
4268,271.9,7,25.0,1903.3,1427.47,285.5
4269,265.22,11,20.0,2917.42,2333.94,466.79
4270,486.16,10,5.0,4861.6,4618.52,923.7
4271,417.75,3,20.0,1253.25,1002.6,200.52
4272,38.84,6,0.0,233.04,233.04,46.61
4273,275.55,19,0.0,5235.45,5235.45,1047.09
4274,64.01,9,20.0,576.09,460.87,92.17
4275,288.42,8,10.0,2307.36,2076.62,415.32
4276,20.86,3,15.0,62.58,53.19,10.64
4277,349.34,14,20.0,4890.76,3912.61,782.52
4278,253.72,6,5.0,1522.32,1446.2,289.24
4279,309.29,17,0.0,5257.93,5257.93,1051.59
4280,266.36,7,25.0,1864.52,1398.39,279.68
4281,176.53,15,20.0,2647.95,2118.36,423.67
4282,213.84,11,20.0,2352.24,1881.79,376.36
4283,102.79,15,25.0,1541.85,1156.39,231.28
4284,86.16,19,5.0,1637.04,1555.19,311.04
4285,399.94,20,10.0,7998.8,7198.92,1439.78
4286,49.34,8,10.0,394.72,355.25,71.05
4287,381.95,17,5.0,6493.15,6168.49,1233.7
4288,305.27,20,10.0,6105.4,5494.86,1098.97
4289,363.87,15,20.0,5458.05,4366.44,873.29
4290,217.65,12,20.0,2611.8,2089.44,417.89
4291,447.26,7,20.0,3130.82,2504.66,500.93
4292,75.23,13,15.0,977.99,831.29,166.26
4293,332.01,17,10.0,5644.17,5079.75,1015.95
4294,283.73,2,10.0,567.46,510.71,102.14
4295,399.53,10,20.0,3995.3,3196.24,639.25
4296,288.96,6,25.0,1733.76,1300.32,260.06
4297,352.75,3,25.0,1058.25,793.69,158.74
4298,458.72,4,15.0,1834.88,1559.65,311.93
4299,448.89,6,20.0,2693.34,2154.67,430.93
4300,449.3,17,10.0,7638.1,6874.29,1374.86
4301,204.12,15,25.0,3061.8,2296.35,459.27
4302,485.26,16,20.0,7764.16,6211.33,1242.27
4303,26.68,17,25.0,453.56,340.17,68.03
4304,188.24,2,5.0,376.48,357.66,71.53
4305,292.53,1,5.0,292.53,277.9,55.58
4306,96.28,12,15.0,1155.36,982.06,196.41
4307,127.78,14,5.0,1788.92,1699.47,339.89
4308,303.15,12,25.0,3637.8,2728.35,545.67
4309,401.81,18,10.0,7232.58,6509.32,1301.86
4310,16.91,13,25.0,219.83,164.87,32.97
4311,96.6,5,5.0,483.0,458.85,91.77
4312,46.47,16,15.0,743.52,631.99,126.4
4313,216.03,11,10.0,2376.33,2138.7,427.74
4314,126.7,3,5.0,380.1,361.1,72.22
4315,138.65,5,25.0,693.25,519.94,103.99
4316,333.88,17,15.0,5675.96,4824.57,964.91
4317,192.55,5,5.0,962.75,914.61,182.92
4318,36.78,5,20.0,183.9,147.12,29.42
4319,246.46,14,0.0,3450.44,3450.44,690.09
4320,84.82,18,0.0,1526.76,1526.76,305.35
4321,135.39,20,0.0,2707.8,2707.8,541.56
4322,264.86,18,25.0,4767.48,3575.61,715.12
4323,137.02,17,25.0,2329.34,1747.01,349.4
4324,129.16,10,15.0,1291.6,1097.86,219.57
4325,280.28,12,25.0,3363.36,2522.52,504.5
4326,69.18,12,10.0,830.16,747.14,149.43
4327,25.2,17,15.0,428.4,364.14,72.83
4328,289.07,5,25.0,1445.35,1084.01,216.8
4329,149.9,2,25.0,299.8,224.85,44.97
4330,312.17,10,10.0,3121.7,2809.53,561.91
4331,470.8,8,5.0,3766.4,3578.08,715.62
4332,257.95,4,15.0,1031.8,877.03,175.41
4333,80.99,16,15.0,1295.84,1101.46,220.29
4334,70.24,3,5.0,210.72,200.18,40.04
4335,472.91,6,0.0,2837.46,2837.46,567.49
4336,199.01,16,10.0,3184.16,2865.74,573.15
4337,486.05,3,5.0,1458.15,1385.24,277.05
4338,58.57,11,25.0,644.27,483.2,96.64
4339,411.57,20,0.0,8231.4,8231.4,1646.28
4340,245.03,1,5.0,245.03,232.78,46.56
4341,309.83,2,15.0,619.66,526.71,105.34
4342,179.15,11,10.0,1970.65,1773.59,354.72
4343,228.41,16,10.0,3654.56,3289.1,657.82
4344,385.12,5,10.0,1925.6,1733.04,346.61
4345,75.72,13,20.0,984.36,787.49,157.5
4346,278.08,13,0.0,3615.04,3615.04,723.01
4347,226.7,15,10.0,3400.5,3060.45,612.09
4348,51.82,2,10.0,103.64,93.28,18.66
4349,478.92,12,25.0,5747.04,4310.28,862.06
4350,6.12,4,25.0,24.48,18.36,3.67
4351,208.11,9,5.0,1872.99,1779.34,355.87
4352,110.16,20,20.0,2203.2,1762.56,352.51
4353,456.25,1,0.0,456.25,456.25,91.25
4354,440.06,15,0.0,6600.9,6600.9,1320.18
4355,162.37,18,25.0,2922.66,2191.99,438.4
4356,445.36,10,0.0,4453.6,4453.6,890.72
4357,398.74,7,20.0,2791.18,2232.94,446.59
4358,341.35,10,20.0,3413.5,2730.8,546.16
4359,54.3,3,0.0,162.9,162.9,32.58
4360,350.04,9,20.0,3150.36,2520.29,504.06
4361,47.93,3,20.0,143.79,115.03,23.01
4362,208.26,6,10.0,1249.56,1124.6,224.92
4363,124.5,3,5.0,373.5,354.82,70.97
4364,324.96,3,0.0,974.88,974.88,194.98
4365,327.94,3,25.0,983.82,737.87,147.57
4366,26.42,3,25.0,79.26,59.45,11.89
4367,261.43,16,20.0,4182.88,3346.3,669.26
4368,218.68,18,15.0,3936.24,3345.8,669.16
4369,28.41,20,0.0,568.2,568.2,113.64
4370,470.05,5,0.0,2350.25,2350.25,470.05
4371,329.18,14,25.0,4608.52,3456.39,691.28
4372,485.74,20,15.0,9714.8,8257.58,1651.52
4373,397.89,20,10.0,7957.8,7162.02,1432.4
4374,11.24,19,0.0,213.56,213.56,42.71
4375,206.1,6,15.0,1236.6,1051.11,210.22
4376,276.17,1,20.0,276.17,220.94,44.19
4377,426.53,2,25.0,853.06,639.79,127.96
4378,97.42,15,15.0,1461.3,1242.11,248.42
4379,44.23,9,15.0,398.07,338.36,67.67
4380,425.62,19,0.0,8086.78,8086.78,1617.36
4381,18.99,20,25.0,379.8,284.85,56.97
4382,333.4,18,20.0,6001.2,4800.96,960.19
4383,229.1,3,15.0,687.3,584.2,116.84
4384,314.53,4,20.0,1258.12,1006.5,201.3
4385,55.18,7,20.0,386.26,309.01,61.8
4386,267.0,6,15.0,1602.0,1361.7,272.34
4387,155.8,6,25.0,934.8,701.1,140.22
4388,248.13,20,15.0,4962.6,4218.21,843.64
4389,56.11,1,10.0,56.11,50.5,10.1
4390,466.54,14,0.0,6531.56,6531.56,1306.31
4391,244.13,12,5.0,2929.56,2783.08,556.62
4392,110.04,12,15.0,1320.48,1122.41,224.48
4393,157.66,6,5.0,945.96,898.66,179.73
4394,476.03,12,5.0,5712.36,5426.74,1085.35
4395,17.73,19,20.0,336.87,269.5,53.9
4396,407.17,2,20.0,814.34,651.47,130.29
4397,126.18,11,20.0,1387.98,1110.38,222.08
4398,32.67,15,25.0,490.05,367.54,73.51
4399,457.81,3,15.0,1373.43,1167.42,233.48
4400,32.93,20,25.0,658.6,493.95,98.79
4401,31.34,10,0.0,313.4,313.4,62.68
4402,221.23,15,15.0,3318.45,2820.68,564.14
4403,400.2,18,0.0,7203.6,7203.6,1440.72
4404,15.54,3,0.0,46.62,46.62,9.32
4405,196.43,16,20.0,3142.88,2514.3,502.86
4406,213.66,18,15.0,3845.88,3269.0,653.8
4407,477.75,9,10.0,4299.75,3869.78,773.96
4408,95.06,6,10.0,570.36,513.32,102.66
4409,164.93,10,20.0,1649.3,1319.44,263.89
4410,492.31,8,20.0,3938.48,3150.78,630.16
4411,240.11,19,25.0,4562.09,3421.57,684.31
4412,378.19,5,25.0,1890.95,1418.21,283.64
4413,349.12,14,20.0,4887.68,3910.14,782.03
4414,203.74,14,25.0,2852.36,2139.27,427.85
4415,185.1,2,0.0,370.2,370.2,74.04
4416,24.49,2,5.0,48.98,46.53,9.31
4417,368.94,17,15.0,6271.98,5331.18,1066.24
4418,489.22,18,20.0,8805.96,7044.77,1408.95
4419,357.05,1,20.0,357.05,285.64,57.13
4420,488.11,6,25.0,2928.66,2196.49,439.3
4421,314.33,13,5.0,4086.29,3881.98,776.4
4422,368.84,12,0.0,4426.08,4426.08,885.22
4423,472.64,7,15.0,3308.48,2812.21,562.44
4424,52.52,15,15.0,787.8,669.63,133.93
4425,230.9,13,20.0,3001.7,2401.36,480.27
4426,244.08,10,15.0,2440.8,2074.68,414.94
4427,481.61,11,25.0,5297.71,3973.28,794.66
4428,150.19,11,20.0,1652.09,1321.67,264.33
4429,183.23,11,5.0,2015.53,1914.75,382.95
4430,467.88,5,0.0,2339.4,2339.4,467.88
4431,310.57,4,0.0,1242.28,1242.28,248.46
4432,315.08,4,20.0,1260.32,1008.26,201.65
4433,216.12,17,10.0,3674.04,3306.64,661.33
4434,143.92,16,20.0,2302.72,1842.18,368.44
4435,261.73,8,25.0,2093.84,1570.38,314.08
4436,350.73,2,15.0,701.46,596.24,119.25
4437,99.62,3,15.0,298.86,254.03,50.81
4438,488.0,18,0.0,8784.0,8784.0,1756.8
4439,460.97,4,15.0,1843.88,1567.3,313.46
4440,55.4,4,20.0,221.6,177.28,35.46
4441,481.42,19,5.0,9146.98,8689.63,1737.93
4442,243.32,7,5.0,1703.24,1618.08,323.62
4443,67.87,1,5.0,67.87,64.48,12.9
4444,331.38,4,15.0,1325.52,1126.69,225.34
4445,178.32,11,20.0,1961.52,1569.22,313.84
4446,147.83,12,15.0,1773.96,1507.87,301.57
4447,323.67,9,10.0,2913.03,2621.73,524.35
4448,263.46,9,5.0,2371.14,2252.58,450.52
4449,368.24,19,20.0,6996.56,5597.25,1119.45
4450,168.07,11,25.0,1848.77,1386.58,277.32
4451,184.76,8,10.0,1478.08,1330.27,266.05
4452,179.87,8,5.0,1438.96,1367.01,273.4
4453,104.6,17,10.0,1778.2,1600.38,320.08
4454,188.86,15,10.0,2832.9,2549.61,509.92
4455,128.13,13,20.0,1665.69,1332.55,266.51
4456,252.29,17,0.0,4288.93,4288.93,857.79
4457,120.56,14,25.0,1687.84,1265.88,253.18
4458,74.56,7,15.0,521.92,443.63,88.73
4459,320.18,17,5.0,5443.06,5170.91,1034.18
4460,283.59,1,25.0,283.59,212.69,42.54
4461,478.89,2,20.0,957.78,766.22,153.24
4462,427.56,18,20.0,7696.08,6156.86,1231.37
4463,493.53,8,20.0,3948.24,3158.59,631.72
4464,22.32,16,5.0,357.12,339.26,67.85
4465,417.48,17,15.0,7097.16,6032.59,1206.52
4466,438.28,18,5.0,7889.04,7494.59,1498.92
4467,176.02,3,0.0,528.06,528.06,105.61
4468,370.1,17,25.0,6291.7,4718.78,943.76
4469,162.23,16,15.0,2595.68,2206.33,441.27
4470,316.14,11,25.0,3477.54,2608.15,521.63
4471,484.89,20,10.0,9697.8,8728.02,1745.6
4472,39.81,8,10.0,318.48,286.63,57.33
4473,158.75,20,20.0,3175.0,2540.0,508.0
4474,394.85,12,20.0,4738.2,3790.56,758.11
4475,116.05,6,20.0,696.3,557.04,111.41
4476,425.1,8,25.0,3400.8,2550.6,510.12
4477,423.9,10,10.0,4239.0,3815.1,763.02
4478,349.03,17,25.0,5933.51,4450.13,890.03
4479,374.08,18,25.0,6733.44,5050.08,1010.02
4480,45.99,5,15.0,229.95,195.46,39.09
4481,178.74,5,20.0,893.7,714.96,142.99
4482,340.94,11,5.0,3750.34,3562.82,712.56
4483,265.48,11,15.0,2920.28,2482.24,496.45
4484,236.99,8,25.0,1895.92,1421.94,284.39
4485,79.87,4,25.0,319.48,239.61,47.92
4486,132.31,16,5.0,2116.96,2011.11,402.22
4487,487.01,2,0.0,974.02,974.02,194.8
4488,249.31,15,15.0,3739.65,3178.7,635.74
4489,339.69,19,15.0,6454.11,5485.99,1097.2
4490,280.33,9,5.0,2522.97,2396.82,479.36
4491,488.39,8,0.0,3907.12,3907.12,781.42
4492,78.9,3,15.0,236.7,201.2,40.24
4493,204.54,3,0.0,613.62,613.62,122.72
4494,137.3,13,0.0,1784.9,1784.9,356.98
4495,329.43,7,15.0,2306.01,1960.11,392.02
4496,261.41,9,0.0,2352.69,2352.69,470.54
4497,258.82,2,0.0,517.64,517.64,103.53
4498,165.55,11,0.0,1821.05,1821.05,364.21
4499,355.92,5,10.0,1779.6,1601.64,320.33
4500,333.03,6,20.0,1998.18,1598.54,319.71
4501,235.55,19,20.0,4475.45,3580.36,716.07
4502,472.25,10,20.0,4722.5,3778.0,755.6
4503,151.33,6,10.0,907.98,817.18,163.44
4504,195.59,1,15.0,195.59,166.25,33.25
4505,12.86,6,10.0,77.16,69.44,13.89
4506,328.2,11,0.0,3610.2,3610.2,722.04
4507,330.07,11,20.0,3630.77,2904.62,580.92
4508,12.97,9,0.0,116.73,116.73,23.35
4509,416.74,5,20.0,2083.7,1666.96,333.39
4510,223.04,10,15.0,2230.4,1895.84,379.17
4511,184.54,18,15.0,3321.72,2823.46,564.69
4512,207.74,3,10.0,623.22,560.9,112.18
4513,14.07,17,10.0,239.19,215.27,43.05
4514,210.61,20,25.0,4212.2,3159.15,631.83
4515,489.07,13,5.0,6357.91,6040.01,1208.0
4516,275.86,8,25.0,2206.88,1655.16,331.03
4517,483.19,2,0.0,966.38,966.38,193.28
4518,174.79,3,20.0,524.37,419.5,83.9
4519,468.71,2,15.0,937.42,796.81,159.36
4520,150.69,6,15.0,904.14,768.52,153.7
4521,9.41,5,5.0,47.05,44.7,8.94
4522,251.2,7,10.0,1758.4,1582.56,316.51
4523,207.62,14,25.0,2906.68,2180.01,436.0
4524,78.09,4,10.0,312.36,281.12,56.22
4525,380.62,13,15.0,4948.06,4205.85,841.17
4526,276.11,13,15.0,3589.43,3051.02,610.2
4527,323.31,6,25.0,1939.86,1454.89,290.98
4528,409.08,19,20.0,7772.52,6218.02,1243.6
4529,157.3,12,0.0,1887.6,1887.6,377.52
4530,227.49,17,15.0,3867.33,3287.23,657.45
4531,149.11,5,20.0,745.55,596.44,119.29
4532,295.77,13,25.0,3845.01,2883.76,576.75
4533,276.33,20,10.0,5526.6,4973.94,994.79
4534,286.99,18,10.0,5165.82,4649.24,929.85
4535,458.74,11,15.0,5046.14,4289.22,857.84
4536,257.79,5,5.0,1288.95,1224.5,244.9
4537,80.76,8,0.0,646.08,646.08,129.22
4538,418.82,16,25.0,6701.12,5025.84,1005.17
4539,194.31,13,15.0,2526.03,2147.13,429.43
4540,179.36,1,15.0,179.36,152.46,30.49
4541,292.41,7,10.0,2046.87,1842.18,368.44
4542,347.78,12,20.0,4173.36,3338.69,667.74
4543,467.45,9,25.0,4207.05,3155.29,631.06
4544,7.47,1,5.0,7.47,7.1,1.42
4545,450.94,11,15.0,4960.34,4216.29,843.26
4546,207.66,16,25.0,3322.56,2491.92,498.38
4547,43.92,9,25.0,395.28,296.46,59.29
4548,359.26,13,0.0,4670.38,4670.38,934.08
4549,226.84,5,25.0,1134.2,850.65,170.13
4550,242.04,16,5.0,3872.64,3679.01,735.8
4551,318.79,17,25.0,5419.43,4064.57,812.91
4552,74.25,9,25.0,668.25,501.19,100.24
4553,143.69,17,10.0,2442.73,2198.46,439.69
4554,144.17,2,15.0,288.34,245.09,49.02
4555,454.93,16,5.0,7278.88,6914.94,1382.99
4556,379.41,4,15.0,1517.64,1289.99,258.0
4557,94.76,19,10.0,1800.44,1620.4,324.08
4558,18.68,15,15.0,280.2,238.17,47.63
4559,383.82,20,20.0,7676.4,6141.12,1228.22
4560,446.01,16,20.0,7136.16,5708.93,1141.79
4561,175.46,18,25.0,3158.28,2368.71,473.74
4562,460.97,11,25.0,5070.67,3803.0,760.6
4563,357.48,3,20.0,1072.44,857.95,171.59
4564,27.6,5,20.0,138.0,110.4,22.08
4565,232.49,14,15.0,3254.86,2766.63,553.33
4566,274.55,15,5.0,4118.25,3912.34,782.47
4567,329.47,8,15.0,2635.76,2240.4,448.08
4568,109.86,2,10.0,219.72,197.75,39.55
4569,142.63,4,0.0,570.52,570.52,114.1
4570,318.28,3,20.0,954.84,763.87,152.77
4571,214.05,11,20.0,2354.55,1883.64,376.73
4572,433.45,1,20.0,433.45,346.76,69.35
4573,216.57,5,5.0,1082.85,1028.71,205.74
4574,365.3,17,10.0,6210.1,5589.09,1117.82
4575,155.92,9,10.0,1403.28,1262.95,252.59
4576,398.51,5,0.0,1992.55,1992.55,398.51
4577,312.65,7,20.0,2188.55,1750.84,350.17
4578,381.41,9,20.0,3432.69,2746.15,549.23
4579,84.08,5,15.0,420.4,357.34,71.47
4580,24.09,7,25.0,168.63,126.47,25.29
4581,189.96,9,5.0,1709.64,1624.16,324.83
4582,60.88,12,25.0,730.56,547.92,109.58
4583,405.43,19,25.0,7703.17,5777.38,1155.48
4584,351.31,17,5.0,5972.27,5673.66,1134.73
4585,165.59,17,20.0,2815.03,2252.02,450.4
4586,391.4,8,5.0,3131.2,2974.64,594.93
4587,296.73,11,10.0,3264.03,2937.63,587.53
4588,497.73,6,10.0,2986.38,2687.74,537.55
4589,265.24,12,15.0,3182.88,2705.45,541.09
4590,189.79,16,25.0,3036.64,2277.48,455.5
4591,251.79,12,0.0,3021.48,3021.48,604.3
4592,400.34,15,10.0,6005.1,5404.59,1080.92
4593,253.1,20,5.0,5062.0,4808.9,961.78
4594,176.19,4,5.0,704.76,669.52,133.9
4595,174.93,1,10.0,174.93,157.44,31.49
4596,132.28,12,15.0,1587.36,1349.26,269.85
4597,178.18,20,0.0,3563.6,3563.6,712.72
4598,214.09,15,0.0,3211.35,3211.35,642.27
4599,495.42,4,0.0,1981.68,1981.68,396.34
4600,283.16,11,15.0,3114.76,2647.55,529.51
4601,120.07,17,0.0,2041.19,2041.19,408.24
4602,377.55,5,10.0,1887.75,1698.98,339.8
4603,412.01,6,20.0,2472.06,1977.65,395.53
4604,272.1,10,15.0,2721.0,2312.85,462.57
4605,265.64,15,10.0,3984.6,3586.14,717.23
4606,416.65,10,0.0,4166.5,4166.5,833.3
4607,302.24,8,10.0,2417.92,2176.13,435.23
4608,167.02,1,0.0,167.02,167.02,33.4
4609,458.11,14,15.0,6413.54,5451.51,1090.3
4610,207.5,2,15.0,415.0,352.75,70.55
4611,260.24,3,0.0,780.72,780.72,156.14
4612,126.12,20,20.0,2522.4,2017.92,403.58
4613,79.34,8,15.0,634.72,539.51,107.9
4614,207.77,18,15.0,3739.86,3178.88,635.78
4615,28.67,9,5.0,258.03,245.13,49.03
4616,337.2,3,0.0,1011.6,1011.6,202.32
4617,15.94,14,20.0,223.16,178.53,35.71
4618,391.76,1,25.0,391.76,293.82,58.76
4619,156.11,5,5.0,780.55,741.52,148.3
4620,281.66,6,20.0,1689.96,1351.97,270.39
4621,457.37,5,0.0,2286.85,2286.85,457.37
4622,5.05,13,25.0,65.65,49.24,9.85
4623,147.77,4,20.0,591.08,472.86,94.57
4624,131.78,10,0.0,1317.8,1317.8,263.56
4625,492.97,10,25.0,4929.7,3697.28,739.46
4626,373.07,4,5.0,1492.28,1417.67,283.53
4627,276.53,13,0.0,3594.89,3594.89,718.98
4628,57.37,6,0.0,344.22,344.22,68.84
4629,205.99,20,15.0,4119.8,3501.83,700.37
4630,298.25,5,10.0,1491.25,1342.12,268.43
4631,68.29,12,0.0,819.48,819.48,163.9
4632,101.82,12,5.0,1221.84,1160.75,232.15
4633,429.39,12,25.0,5152.68,3864.51,772.9
4634,266.95,11,0.0,2936.45,2936.45,587.29
4635,89.12,6,15.0,534.72,454.51,90.9
4636,91.93,19,5.0,1746.67,1659.34,331.87
4637,8.96,1,0.0,8.96,8.96,1.79
4638,170.41,3,15.0,511.23,434.55,86.91
4639,117.17,12,25.0,1406.04,1054.53,210.91
4640,341.66,10,25.0,3416.6,2562.45,512.49
4641,401.89,5,15.0,2009.45,1708.03,341.61
4642,36.92,16,20.0,590.72,472.58,94.52
4643,88.67,1,10.0,88.67,79.8,15.96
4644,290.65,6,0.0,1743.9,1743.9,348.78
4645,466.31,18,15.0,8393.58,7134.54,1426.91
4646,367.32,6,25.0,2203.92,1652.94,330.59
4647,469.09,7,10.0,3283.63,2955.27,591.05
4648,230.96,10,10.0,2309.6,2078.64,415.73
4649,97.33,1,10.0,97.33,87.6,17.52
4650,83.97,14,20.0,1175.58,940.46,188.09
4651,200.63,16,25.0,3210.08,2407.56,481.51
4652,273.53,8,5.0,2188.24,2078.83,415.77
4653,129.11,19,10.0,2453.09,2207.78,441.56
4654,17.9,2,20.0,35.8,28.64,5.73
4655,382.75,7,25.0,2679.25,2009.44,401.89
4656,134.6,20,5.0,2692.0,2557.4,511.48
4657,167.59,18,0.0,3016.62,3016.62,603.32
4658,494.87,20,0.0,9897.4,9897.4,1979.48
4659,189.34,10,25.0,1893.4,1420.05,284.01
4660,169.86,18,5.0,3057.48,2904.61,580.92
4661,452.8,8,20.0,3622.4,2897.92,579.58
4662,23.44,7,15.0,164.08,139.47,27.89
4663,35.88,13,10.0,466.44,419.8,83.96
4664,424.89,6,0.0,2549.34,2549.34,509.87
4665,270.86,10,20.0,2708.6,2166.88,433.38
4666,389.84,7,0.0,2728.88,2728.88,545.78
4667,90.75,18,0.0,1633.5,1633.5,326.7
4668,236.31,15,15.0,3544.65,3012.95,602.59
4669,337.92,17,0.0,5744.64,5744.64,1148.93
4670,309.13,3,10.0,927.39,834.65,166.93
4671,172.16,18,15.0,3098.88,2634.05,526.81
4672,313.33,12,5.0,3759.96,3571.96,714.39
4673,35.28,1,15.0,35.28,29.99,6.0
4674,19.86,15,10.0,297.9,268.11,53.62
4675,85.16,8,10.0,681.28,613.15,122.63
4676,36.89,2,20.0,73.78,59.02,11.8
4677,270.43,4,5.0,1081.72,1027.63,205.53
4678,339.92,18,25.0,6118.56,4588.92,917.78
4679,333.49,4,5.0,1333.96,1267.26,253.45
4680,474.97,17,25.0,8074.49,6055.87,1211.17
4681,69.95,9,25.0,629.55,472.16,94.43
4682,301.25,6,25.0,1807.5,1355.62,271.12
4683,27.38,15,15.0,410.7,349.09,69.82
4684,283.77,18,15.0,5107.86,4341.68,868.34
4685,173.85,14,10.0,2433.9,2190.51,438.1
4686,247.42,6,0.0,1484.52,1484.52,296.9
4687,131.41,8,20.0,1051.28,841.02,168.2
4688,426.59,7,25.0,2986.13,2239.6,447.92
4689,112.53,18,5.0,2025.54,1924.26,384.85
4690,161.84,18,10.0,2913.12,2621.81,524.36
4691,352.52,10,0.0,3525.2,3525.2,705.04
4692,143.54,4,10.0,574.16,516.74,103.35
4693,335.03,2,0.0,670.06,670.06,134.01
4694,111.68,3,15.0,335.04,284.78,56.96
4695,239.31,1,15.0,239.31,203.41,40.68
4696,96.78,16,15.0,1548.48,1316.21,263.24
4697,309.07,17,0.0,5254.19,5254.19,1050.84
4698,91.4,15,0.0,1371.0,1371.0,274.2
4699,368.14,10,0.0,3681.4,3681.4,736.28
4700,276.78,5,0.0,1383.9,1383.9,276.78
4701,12.01,10,5.0,120.1,114.09,22.82
4702,139.55,18,10.0,2511.9,2260.71,452.14
4703,185.93,13,5.0,2417.09,2296.24,459.25
4704,496.94,4,25.0,1987.76,1490.82,298.16
4705,17.37,14,25.0,243.18,182.38,36.48
4706,423.12,19,25.0,8039.28,6029.46,1205.89
4707,323.6,13,5.0,4206.8,3996.46,799.29
4708,461.8,2,15.0,923.6,785.06,157.01
4709,103.09,9,20.0,927.81,742.25,148.45
4710,261.49,8,5.0,2091.92,1987.32,397.46
4711,428.4,1,0.0,428.4,428.4,85.68
4712,181.77,6,0.0,1090.62,1090.62,218.12
4713,272.69,3,20.0,818.07,654.46,130.89
4714,262.51,15,20.0,3937.65,3150.12,630.02
4715,477.52,14,0.0,6685.28,6685.28,1337.06
4716,115.81,6,15.0,694.86,590.63,118.13
4717,402.26,2,15.0,804.52,683.84,136.77
4718,39.23,2,15.0,78.46,66.69,13.34
4719,418.18,18,15.0,7527.24,6398.15,1279.63
4720,62.4,9,25.0,561.6,421.2,84.24
4721,84.56,1,15.0,84.56,71.88,14.38
4722,114.59,4,10.0,458.36,412.52,82.5
4723,196.61,12,5.0,2359.32,2241.35,448.27
4724,326.3,5,0.0,1631.5,1631.5,326.3
4725,5.99,8,20.0,47.92,38.34,7.67
4726,297.75,11,0.0,3275.25,3275.25,655.05
4727,72.2,5,10.0,361.0,324.9,64.98
4728,298.77,3,0.0,896.31,896.31,179.26
4729,77.63,18,25.0,1397.34,1048.0,209.6
4730,283.68,2,10.0,567.36,510.62,102.12
4731,21.84,5,10.0,109.2,98.28,19.66
4732,229.95,2,0.0,459.9,459.9,91.98
4733,155.81,10,5.0,1558.1,1480.19,296.04
4734,156.0,18,25.0,2808.0,2106.0,421.2
4735,499.98,14,25.0,6999.72,5249.79,1049.96
4736,473.34,13,25.0,6153.42,4615.07,923.01
4737,37.59,6,20.0,225.54,180.43,36.09
4738,445.97,17,15.0,7581.49,6444.27,1288.85
4739,260.32,13,25.0,3384.16,2538.12,507.62
4740,357.4,11,25.0,3931.4,2948.55,589.71
4741,298.43,5,5.0,1492.15,1417.54,283.51
4742,497.68,6,25.0,2986.08,2239.56,447.91
4743,6.83,6,20.0,40.98,32.78,6.56
4744,261.03,14,20.0,3654.42,2923.54,584.71
4745,261.4,2,15.0,522.8,444.38,88.88
4746,199.35,15,5.0,2990.25,2840.74,568.15
4747,436.22,3,0.0,1308.66,1308.66,261.73
4748,46.94,14,10.0,657.16,591.44,118.29
4749,107.55,1,10.0,107.55,96.8,19.36
4750,338.1,1,15.0,338.1,287.38,57.48
4751,419.28,1,5.0,419.28,398.32,79.66
4752,251.12,19,10.0,4771.28,4294.15,858.83
4753,352.89,6,20.0,2117.34,1693.87,338.77
4754,77.49,17,0.0,1317.33,1317.33,263.47
4755,7.68,2,20.0,15.36,12.29,2.46
4756,431.18,19,25.0,8192.42,6144.32,1228.86
4757,402.98,3,20.0,1208.94,967.15,193.43
4758,227.15,15,5.0,3407.25,3236.89,647.38
4759,456.62,12,0.0,5479.44,5479.44,1095.89
4760,425.81,18,0.0,7664.58,7664.58,1532.92
4761,393.05,19,20.0,7467.95,5974.36,1194.87
4762,387.11,17,15.0,6580.87,5593.74,1118.75
4763,52.35,12,5.0,628.2,596.79,119.36
4764,495.89,2,0.0,991.78,991.78,198.36
4765,310.75,12,25.0,3729.0,2796.75,559.35
4766,364.98,2,25.0,729.96,547.47,109.49
4767,213.9,16,25.0,3422.4,2566.8,513.36
4768,75.38,5,10.0,376.9,339.21,67.84
4769,204.31,13,5.0,2656.03,2523.23,504.65
4770,41.86,8,25.0,334.88,251.16,50.23
4771,19.49,14,15.0,272.86,231.93,46.39
4772,331.08,4,0.0,1324.32,1324.32,264.86
4773,118.48,16,25.0,1895.68,1421.76,284.35
4774,130.27,16,15.0,2084.32,1771.67,354.33
4775,206.64,14,25.0,2892.96,2169.72,433.94
4776,7.03,11,25.0,77.33,58.0,11.6
4777,162.0,7,0.0,1134.0,1134.0,226.8
4778,277.08,8,25.0,2216.64,1662.48,332.5
4779,397.75,18,0.0,7159.5,7159.5,1431.9
4780,248.31,13,0.0,3228.03,3228.03,645.61
4781,255.93,12,10.0,3071.16,2764.04,552.81
4782,124.2,10,20.0,1242.0,993.6,198.72
4783,289.5,4,25.0,1158.0,868.5,173.7
4784,440.34,17,10.0,7485.78,6737.2,1347.44
4785,441.08,13,15.0,5734.04,4873.93,974.79
4786,440.41,17,0.0,7486.97,7486.97,1497.39
4787,427.97,3,0.0,1283.91,1283.91,256.78
4788,26.56,19,20.0,504.64,403.71,80.74
4789,34.64,5,10.0,173.2,155.88,31.18
4790,43.57,17,20.0,740.69,592.55,118.51
4791,428.33,11,10.0,4711.63,4240.47,848.09
4792,134.59,9,0.0,1211.31,1211.31,242.26
4793,373.98,15,0.0,5609.7,5609.7,1121.94
4794,422.82,4,20.0,1691.28,1353.02,270.6
4795,68.34,3,25.0,205.02,153.77,30.75
4796,323.62,2,0.0,647.24,647.24,129.45
4797,434.64,6,5.0,2607.84,2477.45,495.49
4798,377.65,18,10.0,6797.7,6117.93,1223.59
4799,213.19,20,5.0,4263.8,4050.61,810.12
4800,495.43,6,5.0,2972.58,2823.95,564.79
4801,386.62,7,0.0,2706.34,2706.34,541.27
4802,179.7,18,10.0,3234.6,2911.14,582.23
4803,90.75,9,25.0,816.75,612.56,122.51
4804,53.85,7,15.0,376.95,320.41,64.08
4805,464.22,16,25.0,7427.52,5570.64,1114.13
4806,16.81,16,0.0,268.96,268.96,53.79
4807,282.12,17,20.0,4796.04,3836.83,767.37
4808,71.36,19,5.0,1355.84,1288.05,257.61
4809,465.69,14,5.0,6519.66,6193.68,1238.74
4810,380.1,2,15.0,760.2,646.17,129.23
4811,183.84,12,25.0,2206.08,1654.56,330.91
4812,287.86,1,20.0,287.86,230.29,46.06
4813,30.41,15,20.0,456.15,364.92,72.98
4814,324.97,6,25.0,1949.82,1462.37,292.47
4815,426.79,1,25.0,426.79,320.09,64.02
4816,123.35,8,5.0,986.8,937.46,187.49
4817,290.84,14,20.0,4071.76,3257.41,651.48
4818,451.51,16,25.0,7224.16,5418.12,1083.62
4819,8.86,1,5.0,8.86,8.42,1.68
4820,19.46,2,25.0,38.92,29.19,5.84
4821,102.89,14,0.0,1440.46,1440.46,288.09
4822,441.55,4,5.0,1766.2,1677.89,335.58
4823,81.63,8,0.0,653.04,653.04,130.61
4824,304.43,1,25.0,304.43,228.32,45.66
4825,331.46,20,5.0,6629.2,6297.74,1259.55
4826,61.29,4,10.0,245.16,220.64,44.13
4827,233.08,15,20.0,3496.2,2796.96,559.39
4828,469.13,12,25.0,5629.56,4222.17,844.43
4829,418.13,6,25.0,2508.78,1881.58,376.32
4830,431.3,2,10.0,862.6,776.34,155.27
4831,302.37,14,15.0,4233.18,3598.2,719.64
4832,83.77,2,15.0,167.54,142.41,28.48
4833,122.66,5,10.0,613.3,551.97,110.39
4834,430.65,11,25.0,4737.15,3552.86,710.57
4835,313.25,14,25.0,4385.5,3289.12,657.83
4836,479.14,4,5.0,1916.56,1820.73,364.15
4837,139.4,14,0.0,1951.6,1951.6,390.32
4838,398.19,2,5.0,796.38,756.56,151.31
4839,35.55,5,5.0,177.75,168.86,33.77
4840,292.28,2,10.0,584.56,526.1,105.22
4841,117.67,3,15.0,353.01,300.06,60.01
4842,47.88,2,10.0,95.76,86.18,17.24
4843,337.59,15,15.0,5063.85,4304.27,860.85
4844,458.26,5,20.0,2291.3,1833.04,366.61
4845,426.02,13,20.0,5538.26,4430.61,886.12
4846,171.64,7,15.0,1201.48,1021.26,204.25
4847,262.57,7,5.0,1837.99,1746.09,349.22
4848,79.13,18,5.0,1424.34,1353.12,270.62
4849,82.04,5,20.0,410.2,328.16,65.63
4850,194.1,14,0.0,2717.4,2717.4,543.48
4851,53.63,2,20.0,107.26,85.81,17.16
4852,92.95,12,0.0,1115.4,1115.4,223.08
4853,302.06,6,0.0,1812.36,1812.36,362.47
4854,73.88,10,5.0,738.8,701.86,140.37
4855,171.06,8,10.0,1368.48,1231.63,246.33
4856,350.37,1,5.0,350.37,332.85,66.57
4857,90.68,4,10.0,362.72,326.45,65.29
4858,226.7,4,15.0,906.8,770.78,154.16
4859,82.33,16,0.0,1317.28,1317.28,263.46
4860,463.01,5,10.0,2315.05,2083.55,416.71
4861,329.26,19,10.0,6255.94,5630.35,1126.07
4862,463.05,16,25.0,7408.8,5556.6,1111.32
4863,81.99,1,0.0,81.99,81.99,16.4
4864,12.62,11,10.0,138.82,124.94,24.99
4865,413.3,14,20.0,5786.2,4628.96,925.79
4866,447.71,16,10.0,7163.36,6447.02,1289.4
4867,220.83,19,0.0,4195.77,4195.77,839.15
4868,55.89,10,0.0,558.9,558.9,111.78
4869,295.38,5,5.0,1476.9,1403.06,280.61
4870,178.44,12,5.0,2141.28,2034.22,406.84
4871,26.16,7,10.0,183.12,164.81,32.96
4872,474.8,19,15.0,9021.2,7668.02,1533.6
4873,85.94,15,20.0,1289.1,1031.28,206.26
4874,164.39,15,5.0,2465.85,2342.56,468.51
4875,419.98,7,0.0,2939.86,2939.86,587.97
4876,82.95,10,0.0,829.5,829.5,165.9
4877,345.34,15,0.0,5180.1,5180.1,1036.02
4878,169.05,19,5.0,3211.95,3051.35,610.27
4879,304.96,14,20.0,4269.44,3415.55,683.11
4880,305.41,7,25.0,2137.87,1603.4,320.68
4881,371.34,17,25.0,6312.78,4734.59,946.92
4882,246.89,17,25.0,4197.13,3147.85,629.57
4883,129.09,6,0.0,774.54,774.54,154.91
4884,374.12,5,0.0,1870.6,1870.6,374.12
4885,39.56,17,5.0,672.52,638.89,127.78
4886,343.2,20,10.0,6864.0,6177.6,1235.52
4887,124.77,1,0.0,124.77,124.77,24.95
4888,369.17,2,5.0,738.34,701.42,140.28
4889,320.6,16,15.0,5129.6,4360.16,872.03
4890,323.79,1,0.0,323.79,323.79,64.76
4891,80.9,19,5.0,1537.1,1460.25,292.05
4892,63.03,16,25.0,1008.48,756.36,151.27
4893,140.0,3,25.0,420.0,315.0,63.0
4894,416.14,8,5.0,3329.12,3162.66,632.53
4895,284.72,8,5.0,2277.76,2163.87,432.77
4896,389.36,20,0.0,7787.2,7787.2,1557.44
4897,26.6,6,0.0,159.6,159.6,31.92
4898,454.75,16,5.0,7276.0,6912.2,1382.44
4899,167.06,18,20.0,3007.08,2405.66,481.13
4900,491.26,5,10.0,2456.3,2210.67,442.13
4901,259.81,3,15.0,779.43,662.52,132.5
4902,269.42,4,15.0,1077.68,916.03,183.21
4903,488.07,17,5.0,8297.19,7882.33,1576.47
4904,353.31,19,5.0,6712.89,6377.25,1275.45
4905,185.65,14,0.0,2599.1,2599.1,519.82
4906,88.76,10,25.0,887.6,665.7,133.14
4907,484.42,9,5.0,4359.78,4141.79,828.36
4908,184.86,2,5.0,369.72,351.23,70.25
4909,210.61,1,5.0,210.61,200.08,40.02
4910,196.97,3,15.0,590.91,502.27,100.45
4911,481.97,8,20.0,3855.76,3084.61,616.92
4912,225.37,10,5.0,2253.7,2141.01,428.2
4913,440.05,13,25.0,5720.65,4290.49,858.1
4914,393.79,17,25.0,6694.43,5020.82,1004.16
4915,363.8,1,5.0,363.8,345.61,69.12
4916,372.24,19,20.0,7072.56,5658.05,1131.61
4917,75.46,9,5.0,679.14,645.18,129.04
4918,133.76,6,20.0,802.56,642.05,128.41
4919,470.76,2,20.0,941.52,753.22,150.64
4920,467.7,3,15.0,1403.1,1192.63,238.53
4921,287.84,13,20.0,3741.92,2993.54,598.71
4922,81.59,10,10.0,815.9,734.31,146.86
4923,200.15,8,5.0,1601.2,1521.14,304.23
4924,223.98,14,10.0,3135.72,2822.15,564.43
4925,251.9,15,25.0,3778.5,2833.88,566.77
4926,11.07,20,0.0,221.4,221.4,44.28
4927,38.84,5,0.0,194.2,194.2,38.84
4928,279.49,7,15.0,1956.43,1662.97,332.59
4929,203.74,11,20.0,2241.14,1792.91,358.58
4930,413.92,16,10.0,6622.72,5960.45,1192.09
4931,224.38,19,10.0,4263.22,3836.9,767.38
4932,8.96,19,5.0,170.24,161.73,32.35
4933,220.97,10,20.0,2209.7,1767.76,353.55
4934,104.89,17,10.0,1783.13,1604.82,320.96
4935,35.33,4,20.0,141.32,113.06,22.61
4936,454.93,12,10.0,5459.16,4913.24,982.65
4937,272.81,13,15.0,3546.53,3014.55,602.91
4938,391.72,3,0.0,1175.16,1175.16,235.03
4939,290.42,7,0.0,2032.94,2032.94,406.59
4940,293.72,5,15.0,1468.6,1248.31,249.66
4941,280.65,13,20.0,3648.45,2918.76,583.75
4942,70.24,2,25.0,140.48,105.36,21.07
4943,472.53,9,5.0,4252.77,4040.13,808.03
4944,36.69,17,25.0,623.73,467.8,93.56
4945,432.84,19,5.0,8223.96,7812.76,1562.55
4946,277.27,1,15.0,277.27,235.68,47.14
4947,27.15,1,25.0,27.15,20.36,4.07
4948,119.95,4,15.0,479.8,407.83,81.57
4949,243.65,8,20.0,1949.2,1559.36,311.87
4950,199.33,5,20.0,996.65,797.32,159.46
4951,121.44,6,5.0,728.64,692.21,138.44
4952,398.64,5,20.0,1993.2,1594.56,318.91
4953,148.83,14,0.0,2083.62,2083.62,416.72
4954,131.24,9,10.0,1181.16,1063.04,212.61
4955,440.87,13,10.0,5731.31,5158.18,1031.64
4956,242.06,9,25.0,2178.54,1633.9,326.78
4957,402.16,2,0.0,804.32,804.32,160.86
4958,7.11,12,10.0,85.32,76.79,15.36
4959,220.43,6,15.0,1322.58,1124.19,224.84
4960,484.19,15,15.0,7262.85,6173.42,1234.68
4961,413.49,15,25.0,6202.35,4651.76,930.35
4962,385.28,16,5.0,6164.48,5856.26,1171.25
4963,47.58,17,10.0,808.86,727.97,145.59
4964,98.86,12,0.0,1186.32,1186.32,237.26
4965,460.37,7,5.0,3222.59,3061.46,612.29
4966,440.03,13,10.0,5720.39,5148.35,1029.67
4967,481.58,13,0.0,6260.54,6260.54,1252.11
4968,496.99,4,25.0,1987.96,1490.97,298.19
4969,400.73,5,25.0,2003.65,1502.74,300.55
4970,262.88,8,10.0,2103.04,1892.74,378.55
4971,35.97,3,5.0,107.91,102.51,20.5
4972,451.45,4,20.0,1805.8,1444.64,288.93
4973,345.46,19,20.0,6563.74,5250.99,1050.2
4974,241.33,5,5.0,1206.65,1146.32,229.26
4975,449.24,2,15.0,898.48,763.71,152.74
4976,208.65,8,20.0,1669.2,1335.36,267.07
4977,459.98,18,20.0,8279.64,6623.71,1324.74
4978,228.75,5,25.0,1143.75,857.81,171.56
4979,76.22,5,20.0,381.1,304.88,60.98
4980,416.86,12,15.0,5002.32,4251.97,850.39
4981,366.8,18,0.0,6602.4,6602.4,1320.48
4982,215.93,5,25.0,1079.65,809.74,161.95
4983,287.31,2,0.0,574.62,574.62,114.92
4984,42.03,6,25.0,252.18,189.13,37.83
4985,446.16,13,25.0,5800.08,4350.06,870.01
4986,423.11,16,10.0,6769.76,6092.78,1218.56
4987,150.39,17,10.0,2556.63,2300.97,460.19
4988,278.05,16,20.0,4448.8,3559.04,711.81
4989,19.88,3,0.0,59.64,59.64,11.93
4990,420.38,12,0.0,5044.56,5044.56,1008.91
4991,376.12,5,0.0,1880.6,1880.6,376.12
4992,100.87,12,20.0,1210.44,968.35,193.67
4993,216.51,18,10.0,3897.18,3507.46,701.49
4994,78.46,13,20.0,1019.98,815.98,163.2
4995,401.62,4,0.0,1606.48,1606.48,321.3
4996,187.31,14,5.0,2622.34,2491.22,498.24
4997,478.98,19,25.0,9100.62,6825.47,1365.09
4998,492.64,3,25.0,1477.92,1108.44,221.69
4999,399.9,10,0.0,3999.0,3999.0,799.8
5000,311.49,19,5.0,5918.31,5622.39,1124.48
5001,209.62,8,5.0,1676.96,1593.11,318.62
5002,361.97,7,15.0,2533.79,2153.72,430.74
5003,73.6,2,0.0,147.2,147.2,29.44
5004,452.05,15,20.0,6780.75,5424.6,1084.92
5005,146.08,11,25.0,1606.88,1205.16,241.03
5006,309.59,17,25.0,5263.03,3947.27,789.45
5007,247.11,2,10.0,494.22,444.8,88.96
5008,46.21,20,25.0,924.2,693.15,138.63
5009,70.72,17,15.0,1202.24,1021.9,204.38
5010,215.8,1,5.0,215.8,205.01,41.0
5011,63.25,20,20.0,1265.0,1012.0,202.4
5012,444.49,5,25.0,2222.45,1666.84,333.37
5013,303.97,14,25.0,4255.58,3191.68,638.34
5014,300.33,9,20.0,2702.97,2162.38,432.48
5015,111.2,14,25.0,1556.8,1167.6,233.52
5016,115.47,20,5.0,2309.4,2193.93,438.79
5017,227.18,8,0.0,1817.44,1817.44,363.49
5018,284.7,3,20.0,854.1,683.28,136.66
5019,365.39,2,0.0,730.78,730.78,146.16
5020,30.32,5,15.0,151.6,128.86,25.77
5021,440.93,3,25.0,1322.79,992.09,198.42
5022,299.47,9,15.0,2695.23,2290.95,458.19
5023,407.97,16,10.0,6527.52,5874.77,1174.95
5024,16.57,13,10.0,215.41,193.87,38.77
5025,310.39,20,5.0,6207.8,5897.41,1179.48
5026,134.55,10,15.0,1345.5,1143.67,228.74
5027,496.03,20,20.0,9920.6,7936.48,1587.3
5028,404.27,1,5.0,404.27,384.06,76.81
5029,494.44,18,25.0,8899.92,6674.94,1334.99
5030,56.96,12,5.0,683.52,649.34,129.87
5031,29.99,16,0.0,479.84,479.84,95.97
5032,261.1,6,20.0,1566.6,1253.28,250.66
5033,184.03,13,20.0,2392.39,1913.91,382.78
5034,221.35,20,0.0,4427.0,4427.0,885.4
5035,132.9,15,0.0,1993.5,1993.5,398.7
5036,210.51,3,5.0,631.53,599.95,119.99
5037,331.32,7,10.0,2319.24,2087.32,417.46
5038,404.32,9,5.0,3638.88,3456.94,691.39
5039,200.93,16,0.0,3214.88,3214.88,642.98
5040,272.85,17,20.0,4638.45,3710.76,742.15
5041,322.64,14,20.0,4516.96,3613.57,722.71
5042,60.46,18,10.0,1088.28,979.45,195.89
5043,102.61,8,10.0,820.88,738.79,147.76
5044,91.45,17,0.0,1554.65,1554.65,310.93
5045,293.06,11,0.0,3223.66,3223.66,644.73
5046,458.5,19,5.0,8711.5,8275.92,1655.18
5047,5.23,16,0.0,83.68,83.68,16.74
5048,110.55,2,15.0,221.1,187.94,37.59
5049,428.19,6,5.0,2569.14,2440.68,488.14
5050,360.03,2,10.0,720.06,648.05,129.61
5051,54.17,3,20.0,162.51,130.01,26.0
5052,224.8,12,5.0,2697.6,2562.72,512.54
5053,83.9,4,10.0,335.6,302.04,60.41
5054,486.54,16,20.0,7784.64,6227.71,1245.54
5055,455.95,5,25.0,2279.75,1709.81,341.96
5056,36.21,18,20.0,651.78,521.42,104.28
5057,390.16,7,0.0,2731.12,2731.12,546.22
5058,256.65,5,25.0,1283.25,962.44,192.49
5059,89.82,5,15.0,449.1,381.73,76.35
5060,300.33,9,5.0,2702.97,2567.82,513.56
5061,482.52,12,25.0,5790.24,4342.68,868.54
5062,320.9,4,5.0,1283.6,1219.42,243.88
5063,271.41,10,5.0,2714.1,2578.4,515.68
5064,281.1,11,10.0,3092.1,2782.89,556.58
5065,288.95,20,15.0,5779.0,4912.15,982.43
5066,102.05,7,10.0,714.35,642.92,128.58
5067,304.36,19,25.0,5782.84,4337.13,867.43
5068,237.49,16,10.0,3799.84,3419.86,683.97
5069,7.65,18,5.0,137.7,130.81,26.16
5070,261.78,2,10.0,523.56,471.2,94.24
5071,213.14,20,20.0,4262.8,3410.24,682.05
5072,49.61,10,25.0,496.1,372.08,74.42
5073,202.97,11,20.0,2232.67,1786.14,357.23
5074,73.82,18,10.0,1328.76,1195.88,239.18
5075,320.64,14,20.0,4488.96,3591.17,718.23
5076,425.39,3,20.0,1276.17,1020.94,204.19
5077,14.71,8,25.0,117.68,88.26,17.65
5078,13.52,13,10.0,175.76,158.18,31.64
5079,415.99,15,5.0,6239.85,5927.86,1185.57
5080,99.97,6,20.0,599.82,479.86,95.97
5081,280.28,18,0.0,5045.04,5045.04,1009.01
5082,103.36,13,5.0,1343.68,1276.5,255.3
5083,98.57,6,0.0,591.42,591.42,118.28
5084,354.8,12,10.0,4257.6,3831.84,766.37
5085,176.48,3,25.0,529.44,397.08,79.42
5086,70.51,8,20.0,564.08,451.26,90.25
5087,466.11,15,10.0,6991.65,6292.49,1258.5
5088,421.87,2,15.0,843.74,717.18,143.44
5089,49.47,15,5.0,742.05,704.95,140.99
5090,479.2,5,0.0,2396.0,2396.0,479.2
5091,443.79,16,20.0,7100.64,5680.51,1136.1
5092,138.12,19,10.0,2624.28,2361.85,472.37
5093,389.21,8,5.0,3113.68,2958.0,591.6
5094,358.05,2,15.0,716.1,608.69,121.74
5095,128.16,18,20.0,2306.88,1845.5,369.1
5096,436.38,18,20.0,7854.84,6283.87,1256.77
5097,414.13,20,0.0,8282.6,8282.6,1656.52
5098,61.02,16,0.0,976.32,976.32,195.26
5099,281.44,14,5.0,3940.16,3743.15,748.63
5100,261.51,10,20.0,2615.1,2092.08,418.42
5101,442.4,8,5.0,3539.2,3362.24,672.45
5102,68.73,4,10.0,274.92,247.43,49.49
5103,99.3,20,20.0,1986.0,1588.8,317.76
5104,168.02,1,20.0,168.02,134.42,26.88
5105,294.04,10,5.0,2940.4,2793.38,558.68
5106,426.56,15,25.0,6398.4,4798.8,959.76
5107,327.34,16,25.0,5237.44,3928.08,785.62
5108,428.16,17,0.0,7278.72,7278.72,1455.74
5109,115.68,16,25.0,1850.88,1388.16,277.63
5110,444.75,12,20.0,5337.0,4269.6,853.92
5111,241.68,10,0.0,2416.8,2416.8,483.36
5112,359.61,10,20.0,3596.1,2876.88,575.38
5113,220.08,8,25.0,1760.64,1320.48,264.1
5114,39.69,7,20.0,277.83,222.26,44.45
5115,314.84,19,15.0,5981.96,5084.67,1016.93
5116,482.99,11,10.0,5312.89,4781.6,956.32
5117,96.3,11,5.0,1059.3,1006.33,201.27
5118,320.94,14,10.0,4493.16,4043.84,808.77
5119,473.88,1,20.0,473.88,379.1,75.82
5120,209.43,8,5.0,1675.44,1591.67,318.33
5121,467.93,19,20.0,8890.67,7112.54,1422.51
5122,129.33,2,25.0,258.66,194.0,38.8
5123,378.83,6,5.0,2272.98,2159.33,431.87
5124,499.59,4,25.0,1998.36,1498.77,299.75
5125,468.15,14,15.0,6554.1,5570.98,1114.2
5126,122.01,17,20.0,2074.17,1659.34,331.87
5127,48.11,4,10.0,192.44,173.2,34.64
5128,17.2,18,10.0,309.6,278.64,55.73
5129,433.15,1,25.0,433.15,324.86,64.97
5130,316.64,11,10.0,3483.04,3134.74,626.95
5131,460.89,2,20.0,921.78,737.42,147.48
5132,353.03,4,15.0,1412.12,1200.3,240.06
5133,498.75,19,5.0,9476.25,9002.44,1800.49
5134,394.52,5,5.0,1972.6,1873.97,374.79
5135,432.53,8,0.0,3460.24,3460.24,692.05
5136,184.6,3,0.0,553.8,553.8,110.76
5137,365.04,16,5.0,5840.64,5548.61,1109.72
5138,429.36,12,20.0,5152.32,4121.86,824.37
5139,249.16,13,15.0,3239.08,2753.22,550.64
5140,132.17,9,15.0,1189.53,1011.1,202.22
5141,13.96,11,5.0,153.56,145.88,29.18
5142,236.64,10,10.0,2366.4,2129.76,425.95
5143,298.6,6,20.0,1791.6,1433.28,286.66
5144,307.03,19,25.0,5833.57,4375.18,875.04
5145,227.41,18,10.0,4093.38,3684.04,736.81
5146,202.6,6,0.0,1215.6,1215.6,243.12
5147,210.92,3,25.0,632.76,474.57,94.91
5148,5.19,16,5.0,83.04,78.89,15.78
5149,227.21,5,10.0,1136.05,1022.44,204.49
5150,142.82,3,0.0,428.46,428.46,85.69
5151,214.62,5,15.0,1073.1,912.13,182.43
5152,180.4,7,0.0,1262.8,1262.8,252.56
5153,37.39,4,20.0,149.56,119.65,23.93
5154,14.77,8,20.0,118.16,94.53,18.91
5155,346.8,17,10.0,5895.6,5306.04,1061.21
5156,244.05,1,25.0,244.05,183.04,36.61
5157,94.08,15,25.0,1411.2,1058.4,211.68
5158,340.76,13,25.0,4429.88,3322.41,664.48
5159,136.71,19,5.0,2597.49,2467.62,493.52
5160,467.66,7,10.0,3273.62,2946.26,589.25
5161,421.29,15,0.0,6319.35,6319.35,1263.87
5162,313.9,4,20.0,1255.6,1004.48,200.9
5163,462.91,7,25.0,3240.37,2430.28,486.06
5164,365.1,10,20.0,3651.0,2920.8,584.16
5165,239.17,4,0.0,956.68,956.68,191.34
5166,58.68,19,10.0,1114.92,1003.43,200.69
5167,237.13,8,5.0,1897.04,1802.19,360.44
5168,366.35,3,15.0,1099.05,934.19,186.84
5169,156.16,1,5.0,156.16,148.35,29.67
5170,292.66,12,5.0,3511.92,3336.32,667.26
5171,464.16,16,20.0,7426.56,5941.25,1188.25
5172,428.16,7,20.0,2997.12,2397.7,479.54
5173,157.09,9,5.0,1413.81,1343.12,268.62
5174,16.52,16,0.0,264.32,264.32,52.86
5175,206.09,12,10.0,2473.08,2225.77,445.15
5176,406.78,15,15.0,6101.7,5186.44,1037.29
5177,125.03,6,0.0,750.18,750.18,150.04
5178,301.74,12,25.0,3620.88,2715.66,543.13
5179,278.02,4,5.0,1112.08,1056.48,211.3
5180,50.03,15,5.0,750.45,712.93,142.59
5181,435.1,18,0.0,7831.8,7831.8,1566.36
5182,465.98,11,25.0,5125.78,3844.34,768.87
5183,442.83,3,25.0,1328.49,996.37,199.27
5184,367.21,10,15.0,3672.1,3121.28,624.26
5185,499.79,1,20.0,499.79,399.83,79.97
5186,198.66,3,20.0,595.98,476.78,95.36
5187,299.26,3,10.0,897.78,808.0,161.6
5188,219.28,20,25.0,4385.6,3289.2,657.84
5189,194.61,4,5.0,778.44,739.52,147.9
5190,465.23,4,10.0,1860.92,1674.83,334.97
5191,13.56,6,25.0,81.36,61.02,12.2
5192,213.36,1,0.0,213.36,213.36,42.67
5193,468.04,15,15.0,7020.6,5967.51,1193.5
5194,211.81,6,10.0,1270.86,1143.77,228.75
5195,171.91,4,25.0,687.64,515.73,103.15
5196,110.94,7,10.0,776.58,698.92,139.78
5197,275.07,5,15.0,1375.35,1169.05,233.81
5198,426.53,8,5.0,3412.24,3241.63,648.33
5199,427.31,9,25.0,3845.79,2884.34,576.87
5200,201.92,10,0.0,2019.2,2019.2,403.84
5201,306.03,20,10.0,6120.6,5508.54,1101.71
5202,102.58,7,15.0,718.06,610.35,122.07
5203,119.98,10,10.0,1199.8,1079.82,215.96
5204,297.4,16,25.0,4758.4,3568.8,713.76
5205,371.04,11,10.0,4081.44,3673.3,734.66
5206,445.68,7,0.0,3119.76,3119.76,623.95
5207,262.47,13,25.0,3412.11,2559.08,511.82
5208,193.29,3,0.0,579.87,579.87,115.97
5209,451.42,1,0.0,451.42,451.42,90.28
5210,230.49,4,0.0,921.96,921.96,184.39
5211,64.41,2,10.0,128.82,115.94,23.19
5212,276.76,10,25.0,2767.6,2075.7,415.14
5213,178.96,8,25.0,1431.68,1073.76,214.75
5214,206.32,1,0.0,206.32,206.32,41.26
5215,479.25,15,15.0,7188.75,6110.44,1222.09
5216,365.6,15,20.0,5484.0,4387.2,877.44
5217,91.11,17,15.0,1548.87,1316.54,263.31
5218,68.84,6,25.0,413.04,309.78,61.96
5219,422.97,9,25.0,3806.73,2855.05,571.01
5220,127.36,7,0.0,891.52,891.52,178.3
5221,193.47,10,25.0,1934.7,1451.03,290.21
5222,306.6,17,5.0,5212.2,4951.59,990.32
5223,476.46,18,15.0,8576.28,7289.84,1457.97
5224,247.61,11,15.0,2723.71,2315.15,463.03
5225,85.41,12,10.0,1024.92,922.43,184.49
5226,397.0,18,10.0,7146.0,6431.4,1286.28
5227,242.15,13,20.0,3147.95,2518.36,503.67
5228,97.03,1,25.0,97.03,72.77,14.55
5229,396.25,18,15.0,7132.5,6062.62,1212.53
5230,38.6,16,20.0,617.6,494.08,98.82
5231,380.12,7,0.0,2660.84,2660.84,532.17
5232,9.6,14,0.0,134.4,134.4,26.88
5233,42.64,14,0.0,596.96,596.96,119.39
5234,489.72,7,15.0,3428.04,2913.83,582.77
5235,127.17,7,10.0,890.19,801.17,160.23
5236,249.47,12,5.0,2993.64,2843.96,568.79
5237,130.72,12,25.0,1568.64,1176.48,235.3
5238,76.01,16,5.0,1216.16,1155.35,231.07
5239,75.71,3,10.0,227.13,204.42,40.88
5240,399.66,16,5.0,6394.56,6074.83,1214.97
5241,31.86,7,5.0,223.02,211.87,42.37
5242,292.02,11,10.0,3212.22,2891.0,578.2
5243,93.92,8,0.0,751.36,751.36,150.27
5244,421.92,20,5.0,8438.4,8016.48,1603.3
5245,372.76,18,15.0,6709.68,5703.23,1140.65
5246,219.47,6,0.0,1316.82,1316.82,263.36
5247,438.88,20,5.0,8777.6,8338.72,1667.74
5248,84.55,6,15.0,507.3,431.2,86.24
5249,354.35,3,10.0,1063.05,956.75,191.35
5250,12.26,8,25.0,98.08,73.56,14.71
5251,238.4,2,20.0,476.8,381.44,76.29
5252,439.7,17,15.0,7474.9,6353.66,1270.73
5253,251.65,15,10.0,3774.75,3397.28,679.46
5254,228.33,6,20.0,1369.98,1095.98,219.2
5255,80.58,13,15.0,1047.54,890.41,178.08
5256,63.56,12,25.0,762.72,572.04,114.41
5257,467.52,14,0.0,6545.28,6545.28,1309.06
5258,276.62,19,15.0,5255.78,4467.41,893.48
5259,214.39,2,5.0,428.78,407.34,81.47
5260,185.35,17,5.0,3150.95,2993.4,598.68
5261,200.09,2,15.0,400.18,340.15,68.03
5262,420.92,16,15.0,6734.72,5724.51,1144.9
5263,320.75,15,0.0,4811.25,4811.25,962.25
5264,209.66,8,20.0,1677.28,1341.82,268.36
5265,257.12,4,25.0,1028.48,771.36,154.27
5266,221.35,14,10.0,3098.9,2789.01,557.8
5267,343.94,10,10.0,3439.4,3095.46,619.09
5268,234.96,12,0.0,2819.52,2819.52,563.9
5269,8.9,7,5.0,62.3,59.19,11.84
5270,113.42,18,5.0,2041.56,1939.48,387.9
5271,182.66,8,25.0,1461.28,1095.96,219.19
5272,209.25,17,10.0,3557.25,3201.53,640.31
5273,263.88,2,15.0,527.76,448.6,89.72
5274,331.13,13,10.0,4304.69,3874.22,774.84
5275,211.26,12,20.0,2535.12,2028.1,405.62
5276,216.42,15,10.0,3246.3,2921.67,584.33
5277,343.17,19,5.0,6520.23,6194.22,1238.84
5278,402.9,3,0.0,1208.7,1208.7,241.74
5279,211.72,1,5.0,211.72,201.13,40.23
5280,294.37,2,5.0,588.74,559.3,111.86
5281,36.12,13,25.0,469.56,352.17,70.43
5282,117.82,20,15.0,2356.4,2002.94,400.59
5283,196.05,3,25.0,588.15,441.11,88.22
5284,71.34,2,15.0,142.68,121.28,24.26
5285,458.33,2,10.0,916.66,824.99,165.0
5286,19.3,12,5.0,231.6,220.02,44.0
5287,152.94,5,15.0,764.7,650.0,130.0
5288,308.57,7,0.0,2159.99,2159.99,432.0
5289,354.35,10,20.0,3543.5,2834.8,566.96
5290,190.2,15,15.0,2853.0,2425.05,485.01
5291,19.94,5,0.0,99.7,99.7,19.94
5292,150.16,6,0.0,900.96,900.96,180.19
5293,230.03,9,0.0,2070.27,2070.27,414.05
5294,77.71,1,10.0,77.71,69.94,13.99
5295,412.15,12,10.0,4945.8,4451.22,890.24
5296,330.3,2,5.0,660.6,627.57,125.51
5297,307.97,13,15.0,4003.61,3403.07,680.61
5298,193.48,6,20.0,1160.88,928.7,185.74
5299,94.49,7,25.0,661.43,496.07,99.21
5300,172.18,3,10.0,516.54,464.89,92.98
5301,229.19,9,20.0,2062.71,1650.17,330.03
5302,426.5,17,20.0,7250.5,5800.4,1160.08
5303,57.29,11,15.0,630.19,535.66,107.13
5304,265.86,11,20.0,2924.46,2339.57,467.91
5305,122.75,16,0.0,1964.0,1964.0,392.8
5306,473.95,14,0.0,6635.3,6635.3,1327.06
5307,410.97,13,0.0,5342.61,5342.61,1068.52
5308,241.94,13,20.0,3145.22,2516.18,503.24
5309,35.34,16,5.0,565.44,537.17,107.43
5310,454.0,6,5.0,2724.0,2587.8,517.56
5311,47.02,12,5.0,564.24,536.03,107.21
5312,447.53,8,0.0,3580.24,3580.24,716.05
5313,321.85,18,20.0,5793.3,4634.64,926.93
5314,39.5,2,0.0,79.0,79.0,15.8
5315,494.7,18,0.0,8904.6,8904.6,1780.92
5316,171.87,9,15.0,1546.83,1314.81,262.96
5317,150.12,17,5.0,2552.04,2424.44,484.89
5318,63.72,19,20.0,1210.68,968.54,193.71
5319,226.28,8,5.0,1810.24,1719.73,343.95
5320,360.98,19,25.0,6858.62,5143.97,1028.79
5321,151.46,10,5.0,1514.6,1438.87,287.77
5322,157.21,18,0.0,2829.78,2829.78,565.96
5323,75.5,14,0.0,1057.0,1057.0,211.4
5324,323.11,17,25.0,5492.87,4119.65,823.93
5325,190.46,19,10.0,3618.74,3256.87,651.37
5326,34.79,10,10.0,347.9,313.11,62.62
5327,137.71,14,10.0,1927.94,1735.15,347.03
5328,411.1,7,10.0,2877.7,2589.93,517.99
5329,116.54,6,20.0,699.24,559.39,111.88
5330,409.09,14,5.0,5727.26,5440.9,1088.18
5331,95.62,1,15.0,95.62,81.28,16.26
5332,152.12,18,25.0,2738.16,2053.62,410.72
5333,455.33,4,10.0,1821.32,1639.19,327.84
5334,147.84,4,15.0,591.36,502.66,100.53
5335,328.03,19,10.0,6232.57,5609.31,1121.86
5336,419.5,2,10.0,839.0,755.1,151.02
5337,351.45,8,25.0,2811.6,2108.7,421.74
5338,276.5,19,10.0,5253.5,4728.15,945.63
5339,432.92,16,5.0,6926.72,6580.38,1316.08
5340,109.84,10,25.0,1098.4,823.8,164.76
5341,62.86,20,15.0,1257.2,1068.62,213.72
5342,193.02,3,20.0,579.06,463.25,92.65
5343,330.38,20,15.0,6607.6,5616.46,1123.29
5344,353.17,17,10.0,6003.89,5403.5,1080.7
5345,388.55,14,25.0,5439.7,4079.77,815.95
5346,87.2,15,20.0,1308.0,1046.4,209.28
5347,288.61,7,5.0,2020.27,1919.26,383.85
5348,496.3,2,5.0,992.6,942.97,188.59
5349,396.47,15,0.0,5947.05,5947.05,1189.41
5350,239.38,9,5.0,2154.42,2046.7,409.34
5351,452.87,4,0.0,1811.48,1811.48,362.3
5352,185.71,9,20.0,1671.39,1337.11,267.42
5353,195.1,10,0.0,1951.0,1951.0,390.2
5354,87.09,10,0.0,870.9,870.9,174.18
5355,313.99,3,5.0,941.97,894.87,178.97
5356,68.93,5,25.0,344.65,258.49,51.7
5357,429.81,3,15.0,1289.43,1096.02,219.2
5358,469.31,9,20.0,4223.79,3379.03,675.81
5359,213.19,12,15.0,2558.28,2174.54,434.91
5360,298.23,6,25.0,1789.38,1342.04,268.41
5361,392.1,20,25.0,7842.0,5881.5,1176.3
5362,403.01,15,15.0,6045.15,5138.38,1027.68
5363,167.26,10,10.0,1672.6,1505.34,301.07
5364,59.16,5,20.0,295.8,236.64,47.33
5365,87.6,9,10.0,788.4,709.56,141.91
5366,154.33,7,15.0,1080.31,918.26,183.65
5367,111.98,17,15.0,1903.66,1618.11,323.62
5368,254.03,8,0.0,2032.24,2032.24,406.45
5369,116.32,12,15.0,1395.84,1186.46,237.29
5370,119.56,8,10.0,956.48,860.83,172.17
5371,31.34,20,20.0,626.8,501.44,100.29
5372,178.7,5,5.0,893.5,848.82,169.76
5373,102.18,8,20.0,817.44,653.95,130.79
5374,318.19,8,10.0,2545.52,2290.97,458.19
5375,101.21,14,0.0,1416.94,1416.94,283.39
5376,33.03,16,10.0,528.48,475.63,95.13
5377,110.66,10,10.0,1106.6,995.94,199.19
5378,356.32,1,25.0,356.32,267.24,53.45
5379,199.16,4,20.0,796.64,637.31,127.46
5380,379.7,10,5.0,3797.0,3607.15,721.43
5381,56.38,14,25.0,789.32,591.99,118.4
5382,447.03,1,25.0,447.03,335.27,67.05
5383,46.85,2,15.0,93.7,79.64,15.93
5384,420.32,18,5.0,7565.76,7187.47,1437.49
5385,484.56,6,15.0,2907.36,2471.26,494.25
5386,433.57,15,10.0,6503.55,5853.2,1170.64
5387,106.29,11,20.0,1169.19,935.35,187.07
5388,116.49,13,10.0,1514.37,1362.93,272.59
5389,34.64,5,25.0,173.2,129.9,25.98
5390,488.43,14,10.0,6838.02,6154.22,1230.84
5391,279.83,10,25.0,2798.3,2098.72,419.75
5392,463.04,18,20.0,8334.72,6667.78,1333.56
5393,383.31,17,10.0,6516.27,5864.64,1172.93
5394,87.72,13,20.0,1140.36,912.29,182.46
5395,155.06,20,0.0,3101.2,3101.2,620.24
5396,219.43,11,0.0,2413.73,2413.73,482.75
5397,232.54,2,15.0,465.08,395.32,79.06
5398,259.1,11,20.0,2850.1,2280.08,456.02
5399,349.14,12,25.0,4189.68,3142.26,628.45
5400,346.55,1,20.0,346.55,277.24,55.45
5401,62.65,9,25.0,563.85,422.89,84.58
5402,109.71,14,5.0,1535.94,1459.14,291.83
5403,496.69,3,5.0,1490.07,1415.57,283.11
5404,469.92,17,25.0,7988.64,5991.48,1198.3
5405,56.81,13,10.0,738.53,664.68,132.94
5406,228.41,2,25.0,456.82,342.62,68.52
5407,22.99,9,10.0,206.91,186.22,37.24
5408,272.48,18,25.0,4904.64,3678.48,735.7
5409,368.5,3,5.0,1105.5,1050.22,210.04
5410,83.36,3,20.0,250.08,200.06,40.01
5411,244.08,13,15.0,3173.04,2697.08,539.42
5412,356.8,2,10.0,713.6,642.24,128.45
5413,371.73,16,10.0,5947.68,5352.91,1070.58
5414,109.54,19,5.0,2081.26,1977.2,395.44
5415,366.33,9,5.0,3296.97,3132.12,626.42
5416,417.47,11,10.0,4592.17,4132.95,826.59
5417,166.13,5,10.0,830.65,747.59,149.52
5418,492.18,3,25.0,1476.54,1107.4,221.48
5419,270.98,15,20.0,4064.7,3251.76,650.35
5420,367.27,17,10.0,6243.59,5619.23,1123.85
5421,463.27,1,10.0,463.27,416.94,83.39
5422,159.75,19,0.0,3035.25,3035.25,607.05
5423,39.41,5,10.0,197.05,177.34,35.47
5424,111.76,16,20.0,1788.16,1430.53,286.11
5425,369.45,20,10.0,7389.0,6650.1,1330.02
5426,228.95,14,10.0,3205.3,2884.77,576.95
5427,481.11,8,5.0,3848.88,3656.44,731.29
5428,490.95,4,5.0,1963.8,1865.61,373.12
5429,395.12,16,25.0,6321.92,4741.44,948.29
5430,75.74,15,5.0,1136.1,1079.29,215.86
5431,165.36,18,25.0,2976.48,2232.36,446.47
5432,146.78,10,10.0,1467.8,1321.02,264.2
5433,73.5,15,5.0,1102.5,1047.38,209.48
5434,163.57,7,15.0,1144.99,973.24,194.65
5435,164.74,4,5.0,658.96,626.01,125.2
5436,115.09,10,15.0,1150.9,978.27,195.65
5437,251.31,12,20.0,3015.72,2412.58,482.52
5438,470.09,9,15.0,4230.81,3596.19,719.24
5439,483.33,14,5.0,6766.62,6428.29,1285.66
5440,314.85,14,15.0,4407.9,3746.72,749.34
5441,75.25,1,15.0,75.25,63.96,12.79
5442,233.83,17,0.0,3975.11,3975.11,795.02
5443,298.15,18,10.0,5366.7,4830.03,966.01
5444,189.9,6,20.0,1139.4,911.52,182.3
5445,213.9,20,10.0,4278.0,3850.2,770.04
5446,88.22,9,5.0,793.98,754.28,150.86
5447,145.79,2,25.0,291.58,218.69,43.74
5448,48.71,19,25.0,925.49,694.12,138.82
5449,132.06,10,10.0,1320.6,1188.54,237.71
5450,127.21,10,20.0,1272.1,1017.68,203.54
5451,227.59,20,5.0,4551.8,4324.21,864.84
5452,30.98,19,5.0,588.62,559.19,111.84
5453,489.53,14,20.0,6853.42,5482.74,1096.55
5454,144.2,2,0.0,288.4,288.4,57.68
5455,162.46,3,10.0,487.38,438.64,87.73
5456,322.28,20,0.0,6445.6,6445.6,1289.12
5457,330.55,20,5.0,6611.0,6280.45,1256.09
5458,309.64,18,0.0,5573.52,5573.52,1114.7
5459,260.33,1,10.0,260.33,234.3,46.86
5460,127.48,6,15.0,764.88,650.15,130.03
5461,33.18,16,5.0,530.88,504.34,100.87
5462,244.85,1,15.0,244.85,208.12,41.62
5463,283.55,17,25.0,4820.35,3615.26,723.05
5464,231.18,11,10.0,2542.98,2288.68,457.74
5465,279.71,14,5.0,3915.94,3720.14,744.03
5466,195.46,10,25.0,1954.6,1465.95,293.19
5467,20.77,17,5.0,353.09,335.44,67.09
5468,111.0,19,25.0,2109.0,1581.75,316.35
5469,480.6,12,5.0,5767.2,5478.84,1095.77
5470,166.91,13,20.0,2169.83,1735.86,347.17
5471,424.44,13,5.0,5517.72,5241.83,1048.37
5472,457.31,7,25.0,3201.17,2400.88,480.18
5473,338.19,10,5.0,3381.9,3212.8,642.56
5474,135.04,1,0.0,135.04,135.04,27.01
5475,262.29,12,15.0,3147.48,2675.36,535.07
5476,134.95,15,15.0,2024.25,1720.61,344.12
5477,313.38,2,10.0,626.76,564.08,112.82
5478,369.18,19,0.0,7014.42,7014.42,1402.88
5479,130.76,20,25.0,2615.2,1961.4,392.28
5480,292.06,14,10.0,4088.84,3679.96,735.99
5481,55.6,8,0.0,444.8,444.8,88.96
5482,402.87,9,0.0,3625.83,3625.83,725.17
5483,240.42,9,25.0,2163.78,1622.83,324.57
5484,27.38,5,0.0,136.9,136.9,27.38
5485,364.77,5,20.0,1823.85,1459.08,291.82
5486,452.4,16,15.0,7238.4,6152.64,1230.53
5487,442.68,16,20.0,7082.88,5666.3,1133.26
5488,307.59,2,10.0,615.18,553.66,110.73
5489,373.07,17,5.0,6342.19,6025.08,1205.02
5490,332.62,20,15.0,6652.4,5654.54,1130.91
5491,323.73,17,5.0,5503.41,5228.24,1045.65
5492,24.17,17,0.0,410.89,410.89,82.18
5493,457.96,5,5.0,2289.8,2175.31,435.06
5494,189.67,9,0.0,1707.03,1707.03,341.41
5495,100.88,13,20.0,1311.44,1049.15,209.83
5496,68.32,7,10.0,478.24,430.42,86.08
5497,52.46,15,0.0,786.9,786.9,157.38
5498,154.16,19,25.0,2929.04,2196.78,439.36
5499,202.22,14,0.0,2831.08,2831.08,566.22
5500,407.49,1,15.0,407.49,346.37,69.27
5501,336.43,13,15.0,4373.59,3717.55,743.51
5502,331.56,2,5.0,663.12,629.96,125.99
5503,338.88,18,10.0,6099.84,5489.86,1097.97
5504,129.18,12,10.0,1550.16,1395.14,279.03
5505,425.03,4,0.0,1700.12,1700.12,340.02
5506,409.51,19,20.0,7780.69,6224.55,1244.91
5507,481.56,3,5.0,1444.68,1372.45,274.49
5508,369.9,9,20.0,3329.1,2663.28,532.66
5509,428.58,12,0.0,5142.96,5142.96,1028.59
5510,417.98,4,5.0,1671.92,1588.32,317.66
5511,488.85,9,10.0,4399.65,3959.69,791.94
5512,236.45,5,20.0,1182.25,945.8,189.16
5513,51.46,16,10.0,823.36,741.02,148.2
5514,149.41,13,5.0,1942.33,1845.21,369.04
5515,483.67,5,15.0,2418.35,2055.6,411.12
5516,367.68,2,0.0,735.36,735.36,147.07
5517,264.45,8,10.0,2115.6,1904.04,380.81
5518,142.06,2,15.0,284.12,241.5,48.3
5519,299.65,6,15.0,1797.9,1528.21,305.64
5520,367.6,5,5.0,1838.0,1746.1,349.22
5521,67.1,9,25.0,603.9,452.92,90.58
5522,413.58,17,5.0,7030.86,6679.32,1335.86
5523,216.53,18,25.0,3897.54,2923.15,584.63
5524,294.47,14,20.0,4122.58,3298.06,659.61
5525,53.03,1,15.0,53.03,45.08,9.02
5526,186.51,18,0.0,3357.18,3357.18,671.44
5527,76.72,18,20.0,1380.96,1104.77,220.95
5528,475.46,1,25.0,475.46,356.59,71.32
5529,137.96,8,5.0,1103.68,1048.5,209.7
5530,423.74,8,0.0,3389.92,3389.92,677.98
5531,303.84,10,10.0,3038.4,2734.56,546.91
5532,178.24,14,5.0,2495.36,2370.59,474.12
5533,273.66,10,0.0,2736.6,2736.6,547.32
5534,309.05,4,25.0,1236.2,927.15,185.43
5535,202.57,14,25.0,2835.98,2126.99,425.4
5536,105.29,19,0.0,2000.51,2000.51,400.1
5537,409.04,4,10.0,1636.16,1472.54,294.51
5538,465.8,2,0.0,931.6,931.6,186.32
5539,59.04,7,25.0,413.28,309.96,61.99
5540,243.19,20,25.0,4863.8,3647.85,729.57
5541,463.27,8,25.0,3706.16,2779.62,555.92
5542,281.13,16,20.0,4498.08,3598.46,719.69
5543,483.5,16,5.0,7736.0,7349.2,1469.84
5544,309.31,1,10.0,309.31,278.38,55.68
5545,415.75,10,20.0,4157.5,3326.0,665.2
5546,35.32,8,20.0,282.56,226.05,45.21
5547,115.03,3,15.0,345.09,293.33,58.67
5548,37.7,14,25.0,527.8,395.85,79.17
5549,202.63,9,15.0,1823.67,1550.12,310.02
5550,418.49,8,25.0,3347.92,2510.94,502.19
5551,338.06,8,5.0,2704.48,2569.26,513.85
5552,328.89,19,15.0,6248.91,5311.57,1062.31
5553,308.27,20,0.0,6165.4,6165.4,1233.08
5554,419.59,1,5.0,419.59,398.61,79.72
5555,395.91,9,20.0,3563.19,2850.55,570.11
5556,338.66,17,25.0,5757.22,4317.91,863.58
5557,217.77,17,25.0,3702.09,2776.57,555.31
5558,34.46,15,10.0,516.9,465.21,93.04
5559,413.25,12,10.0,4959.0,4463.1,892.62
5560,246.77,2,10.0,493.54,444.19,88.84
5561,270.36,12,15.0,3244.32,2757.67,551.53
5562,85.11,6,25.0,510.66,383.0,76.6
5563,203.93,17,15.0,3466.81,2946.79,589.36
5564,72.78,20,0.0,1455.6,1455.6,291.12
5565,252.81,8,25.0,2022.48,1516.86,303.37
5566,431.33,19,20.0,8195.27,6556.22,1311.24
5567,458.25,18,20.0,8248.5,6598.8,1319.76
5568,373.76,14,5.0,5232.64,4971.01,994.2
5569,27.44,19,20.0,521.36,417.09,83.42
5570,39.43,11,15.0,433.73,368.67,73.73
5571,59.98,7,10.0,419.86,377.87,75.57
5572,239.05,12,15.0,2868.6,2438.31,487.66
5573,236.24,4,25.0,944.96,708.72,141.74
5574,244.6,1,5.0,244.6,232.37,46.47
5575,114.88,7,15.0,804.16,683.54,136.71
5576,143.8,12,25.0,1725.6,1294.2,258.84
5577,194.22,9,0.0,1747.98,1747.98,349.6
5578,251.25,9,20.0,2261.25,1809.0,361.8
5579,88.08,3,10.0,264.24,237.82,47.56
5580,474.53,7,10.0,3321.71,2989.54,597.91
5581,407.92,16,10.0,6526.72,5874.05,1174.81
5582,267.81,15,25.0,4017.15,3012.86,602.57
5583,300.46,7,20.0,2103.22,1682.58,336.52
5584,308.52,12,20.0,3702.24,2961.79,592.36
5585,44.4,10,10.0,444.0,399.6,79.92
5586,289.38,1,0.0,289.38,289.38,57.88
5587,85.41,15,25.0,1281.15,960.86,192.17
5588,335.17,15,25.0,5027.55,3770.66,754.13
5589,298.94,17,20.0,5081.98,4065.58,813.12
5590,409.37,10,15.0,4093.7,3479.64,695.93
5591,368.19,12,10.0,4418.28,3976.45,795.29
5592,379.5,1,25.0,379.5,284.62,56.93
5593,491.18,9,0.0,4420.62,4420.62,884.12
5594,14.76,11,0.0,162.36,162.36,32.47
5595,356.15,6,5.0,2136.9,2030.05,406.01
5596,220.4,12,10.0,2644.8,2380.32,476.06
5597,335.12,20,15.0,6702.4,5697.04,1139.41
5598,307.72,16,5.0,4923.52,4677.34,935.47
5599,344.7,19,5.0,6549.3,6221.84,1244.37
5600,499.79,9,25.0,4498.11,3373.58,674.72
5601,22.55,19,0.0,428.45,428.45,85.69
5602,47.88,17,5.0,813.96,773.26,154.65
5603,147.0,4,20.0,588.0,470.4,94.08
5604,84.97,12,0.0,1019.64,1019.64,203.93
5605,95.61,14,20.0,1338.54,1070.83,214.17
5606,245.06,1,10.0,245.06,220.55,44.11
5607,199.48,20,5.0,3989.6,3790.12,758.02
5608,364.37,7,10.0,2550.59,2295.53,459.11
5609,28.1,1,10.0,28.1,25.29,5.06
5610,147.96,16,20.0,2367.36,1893.89,378.78
5611,426.66,7,10.0,2986.62,2687.96,537.59
5612,288.67,7,5.0,2020.69,1919.66,383.93
5613,378.64,7,15.0,2650.48,2252.91,450.58
5614,60.77,10,20.0,607.7,486.16,97.23
5615,455.89,3,15.0,1367.67,1162.52,232.5
5616,335.53,3,15.0,1006.59,855.6,171.12
5617,128.72,15,20.0,1930.8,1544.64,308.93
5618,383.92,20,0.0,7678.4,7678.4,1535.68
5619,275.41,4,5.0,1101.64,1046.56,209.31
5620,66.51,20,20.0,1330.2,1064.16,212.83
5621,77.38,5,20.0,386.9,309.52,61.9
5622,131.1,14,20.0,1835.4,1468.32,293.66
5623,404.3,4,10.0,1617.2,1455.48,291.1
5624,151.45,6,15.0,908.7,772.39,154.48
5625,331.69,2,25.0,663.38,497.53,99.51
5626,345.0,17,0.0,5865.0,5865.0,1173.0
5627,292.86,2,10.0,585.72,527.15,105.43
5628,423.09,13,15.0,5500.17,4675.14,935.03
5629,418.79,7,0.0,2931.53,2931.53,586.31
5630,299.51,11,15.0,3294.61,2800.42,560.08
5631,132.37,1,15.0,132.37,112.51,22.5
5632,195.75,9,5.0,1761.75,1673.66,334.73
5633,378.09,16,5.0,6049.44,5746.97,1149.39
5634,495.03,3,10.0,1485.09,1336.58,267.32
5635,401.07,10,15.0,4010.7,3409.09,681.82
5636,95.19,3,20.0,285.57,228.46,45.69
5637,379.54,19,20.0,7211.26,5769.01,1153.8
5638,402.81,19,10.0,7653.39,6888.05,1377.61
5639,53.46,15,10.0,801.9,721.71,144.34
5640,45.4,4,0.0,181.6,181.6,36.32
5641,115.58,9,25.0,1040.22,780.16,156.03
5642,326.33,1,15.0,326.33,277.38,55.48
5643,197.79,10,15.0,1977.9,1681.21,336.24
5644,220.81,9,0.0,1987.29,1987.29,397.46
5645,461.88,15,25.0,6928.2,5196.15,1039.23
5646,270.99,11,20.0,2980.89,2384.71,476.94
5647,258.33,5,0.0,1291.65,1291.65,258.33
5648,163.55,7,0.0,1144.85,1144.85,228.97
5649,200.49,10,5.0,2004.9,1904.65,380.93
5650,365.53,13,25.0,4751.89,3563.92,712.78
5651,84.55,17,25.0,1437.35,1078.01,215.6
5652,379.19,1,25.0,379.19,284.39,56.88
5653,419.61,1,10.0,419.61,377.65,75.53
5654,433.03,17,0.0,7361.51,7361.51,1472.3
5655,323.88,14,20.0,4534.32,3627.46,725.49
5656,119.99,13,15.0,1559.87,1325.89,265.18
5657,152.55,11,15.0,1678.05,1426.34,285.27
5658,29.37,16,0.0,469.92,469.92,93.98
5659,479.67,11,5.0,5276.37,5012.55,1002.51
5660,488.18,20,5.0,9763.6,9275.42,1855.08
5661,120.69,8,25.0,965.52,724.14,144.83
5662,188.1,2,20.0,376.2,300.96,60.19
5663,382.95,11,25.0,4212.45,3159.34,631.87
5664,324.97,8,20.0,2599.76,2079.81,415.96
5665,57.11,6,10.0,342.66,308.39,61.68
5666,128.23,12,15.0,1538.76,1307.95,261.59
5667,445.89,8,20.0,3567.12,2853.7,570.74
5668,346.29,2,15.0,692.58,588.69,117.74
5669,122.53,5,15.0,612.65,520.75,104.15
5670,48.86,14,20.0,684.04,547.23,109.45
5671,349.75,13,20.0,4546.75,3637.4,727.48
5672,376.01,4,15.0,1504.04,1278.43,255.69
5673,450.61,11,0.0,4956.71,4956.71,991.34
5674,160.01,7,15.0,1120.07,952.06,190.41
5675,246.48,6,5.0,1478.88,1404.94,280.99
5676,110.66,8,15.0,885.28,752.49,150.5
5677,93.34,18,20.0,1680.12,1344.1,268.82
5678,85.85,20,25.0,1717.0,1287.75,257.55
5679,52.32,20,15.0,1046.4,889.44,177.89
5680,278.75,20,5.0,5575.0,5296.25,1059.25
5681,455.18,4,0.0,1820.72,1820.72,364.14
5682,50.8,14,20.0,711.2,568.96,113.79
5683,366.52,6,10.0,2199.12,1979.21,395.84
5684,186.17,1,15.0,186.17,158.24,31.65
5685,446.12,15,20.0,6691.8,5353.44,1070.69
5686,185.56,13,15.0,2412.28,2050.44,410.09
5687,260.62,15,25.0,3909.3,2931.98,586.4
5688,213.8,20,15.0,4276.0,3634.6,726.92
5689,287.5,16,10.0,4600.0,4140.0,828.0
5690,439.05,19,0.0,8341.95,8341.95,1668.39
5691,399.9,17,20.0,6798.3,5438.64,1087.73
5692,153.38,9,20.0,1380.42,1104.34,220.87
5693,112.28,12,5.0,1347.36,1279.99,256.0
5694,456.9,9,5.0,4112.1,3906.49,781.3
5695,162.26,5,10.0,811.3,730.17,146.03
5696,402.2,7,15.0,2815.4,2393.09,478.62
5697,288.18,2,0.0,576.36,576.36,115.27
5698,74.74,10,10.0,747.4,672.66,134.53
5699,241.45,13,5.0,3138.85,2981.91,596.38
5700,309.98,9,0.0,2789.82,2789.82,557.96
5701,124.9,17,25.0,2123.3,1592.48,318.5
5702,156.66,18,15.0,2819.88,2396.9,479.38
5703,181.68,5,5.0,908.4,862.98,172.6
5704,456.5,10,15.0,4565.0,3880.25,776.05
5705,311.13,14,15.0,4355.82,3702.45,740.49
5706,63.85,19,20.0,1213.15,970.52,194.1
5707,192.97,16,10.0,3087.52,2778.77,555.75
5708,17.63,13,10.0,229.19,206.27,41.25
5709,147.54,16,0.0,2360.64,2360.64,472.13
5710,317.45,5,5.0,1587.25,1507.89,301.58
5711,5.05,16,15.0,80.8,68.68,13.74
5712,284.68,16,10.0,4554.88,4099.39,819.88
5713,468.54,9,5.0,4216.86,4006.02,801.2
5714,130.7,14,0.0,1829.8,1829.8,365.96
5715,226.04,11,0.0,2486.44,2486.44,497.29
5716,261.03,16,10.0,4176.48,3758.83,751.77
5717,331.73,3,15.0,995.19,845.91,169.18
5718,415.35,4,25.0,1661.4,1246.05,249.21
5719,84.94,18,25.0,1528.92,1146.69,229.34
5720,388.32,9,10.0,3494.88,3145.39,629.08
5721,194.14,19,0.0,3688.66,3688.66,737.73
5722,457.31,6,5.0,2743.86,2606.67,521.33
5723,275.99,17,10.0,4691.83,4222.65,844.53
5724,462.4,16,0.0,7398.4,7398.4,1479.68
5725,102.04,6,5.0,612.24,581.63,116.33
5726,382.29,17,5.0,6498.93,6173.98,1234.8
5727,412.65,4,20.0,1650.6,1320.48,264.1
5728,155.67,16,20.0,2490.72,1992.58,398.52
5729,142.97,6,0.0,857.82,857.82,171.56
5730,329.95,14,5.0,4619.3,4388.34,877.67
5731,236.55,20,10.0,4731.0,4257.9,851.58
5732,235.91,10,25.0,2359.1,1769.32,353.87
5733,68.16,13,5.0,886.08,841.78,168.36
5734,301.38,15,15.0,4520.7,3842.59,768.52
5735,151.17,15,10.0,2267.55,2040.79,408.16
5736,362.66,18,15.0,6527.88,5548.7,1109.74
5737,464.32,11,10.0,5107.52,4596.77,919.35
5738,493.91,10,5.0,4939.1,4692.15,938.43
5739,82.93,5,20.0,414.65,331.72,66.34
5740,258.24,10,5.0,2582.4,2453.28,490.66
5741,368.61,7,15.0,2580.27,2193.23,438.65
5742,187.09,9,25.0,1683.81,1262.86,252.57
5743,407.28,13,20.0,5294.64,4235.71,847.14
5744,133.62,18,10.0,2405.16,2164.64,432.93
5745,419.02,12,0.0,5028.24,5028.24,1005.65
5746,114.12,19,15.0,2168.28,1843.04,368.61
5747,92.46,15,0.0,1386.9,1386.9,277.38
5748,68.83,12,25.0,825.96,619.47,123.89
5749,100.61,3,15.0,301.83,256.56,51.31
5750,179.3,16,20.0,2868.8,2295.04,459.01
5751,26.13,6,5.0,156.78,148.94,29.79
5752,428.53,19,20.0,8142.07,6513.66,1302.73
5753,297.31,16,25.0,4756.96,3567.72,713.54
5754,185.39,10,20.0,1853.9,1483.12,296.62
5755,22.67,8,10.0,181.36,163.22,32.64
5756,254.83,8,25.0,2038.64,1528.98,305.8
5757,315.83,20,10.0,6316.6,5684.94,1136.99
5758,372.0,15,20.0,5580.0,4464.0,892.8
5759,203.37,20,5.0,4067.4,3864.03,772.81
5760,293.89,20,25.0,5877.8,4408.35,881.67
5761,496.23,6,20.0,2977.38,2381.9,476.38
5762,315.18,16,5.0,5042.88,4790.74,958.15
5763,329.96,6,10.0,1979.76,1781.78,356.36
5764,443.47,11,0.0,4878.17,4878.17,975.63
5765,346.1,10,0.0,3461.0,3461.0,692.2
5766,476.72,17,0.0,8104.24,8104.24,1620.85
5767,82.31,2,25.0,164.62,123.47,24.69
5768,146.12,12,20.0,1753.44,1402.75,280.55
5769,326.54,9,20.0,2938.86,2351.09,470.22
5770,431.03,1,15.0,431.03,366.38,73.28
5771,184.1,10,15.0,1841.0,1564.85,312.97
5772,219.37,13,25.0,2851.81,2138.86,427.77
5773,496.66,20,25.0,9933.2,7449.9,1489.98
5774,46.17,14,5.0,646.38,614.06,122.81
5775,46.77,15,10.0,701.55,631.4,126.28
5776,383.46,8,10.0,3067.68,2760.91,552.18
5777,159.62,14,0.0,2234.68,2234.68,446.94
5778,335.65,18,20.0,6041.7,4833.36,966.67
5779,115.48,20,20.0,2309.6,1847.68,369.54
5780,149.33,11,15.0,1642.63,1396.24,279.25
5781,440.39,10,20.0,4403.9,3523.12,704.62
5782,413.4,2,15.0,826.8,702.78,140.56
5783,438.68,8,25.0,3509.44,2632.08,526.42
5784,487.11,11,20.0,5358.21,4286.57,857.31
5785,431.45,6,25.0,2588.7,1941.52,388.31
5786,83.73,11,10.0,921.03,828.93,165.79
5787,32.02,15,10.0,480.3,432.27,86.45
5788,404.49,1,5.0,404.49,384.27,76.85
5789,265.55,8,20.0,2124.4,1699.52,339.9
5790,150.88,1,10.0,150.88,135.79,27.16
5791,41.67,9,15.0,375.03,318.78,63.76
5792,73.63,17,25.0,1251.71,938.78,187.76
5793,413.09,7,5.0,2891.63,2747.05,549.41
5794,81.42,17,5.0,1384.14,1314.93,262.99
5795,475.72,12,25.0,5708.64,4281.48,856.3
5796,276.26,1,10.0,276.26,248.63,49.73
5797,126.4,15,0.0,1896.0,1896.0,379.2
5798,121.21,16,25.0,1939.36,1454.52,290.9
5799,476.77,2,20.0,953.54,762.83,152.57
5800,291.42,1,20.0,291.42,233.14,46.63
5801,65.95,19,15.0,1253.05,1065.09,213.02
5802,75.1,16,20.0,1201.6,961.28,192.26
5803,115.85,11,20.0,1274.35,1019.48,203.9
5804,363.14,2,25.0,726.28,544.71,108.94
5805,248.1,12,15.0,2977.2,2530.62,506.12
5806,428.93,16,25.0,6862.88,5147.16,1029.43
5807,311.48,8,15.0,2491.84,2118.06,423.61
5808,236.9,4,25.0,947.6,710.7,142.14
5809,361.26,15,10.0,5418.9,4877.01,975.4
5810,197.03,13,5.0,2561.39,2433.32,486.66
5811,483.43,12,10.0,5801.16,5221.04,1044.21
5812,102.99,14,10.0,1441.86,1297.67,259.53
5813,368.82,6,5.0,2212.92,2102.27,420.45
5814,140.69,16,25.0,2251.04,1688.28,337.66
5815,174.21,4,0.0,696.84,696.84,139.37
5816,60.16,6,0.0,360.96,360.96,72.19
5817,422.37,7,15.0,2956.59,2513.1,502.62
5818,430.94,12,0.0,5171.28,5171.28,1034.26
5819,349.71,2,20.0,699.42,559.54,111.91
5820,303.18,3,0.0,909.54,909.54,181.91
5821,378.04,12,15.0,4536.48,3856.01,771.2
5822,239.89,16,5.0,3838.24,3646.33,729.27
5823,11.56,13,20.0,150.28,120.22,24.04
5824,54.74,1,15.0,54.74,46.53,9.31
5825,201.62,14,15.0,2822.68,2399.28,479.86
5826,222.91,17,25.0,3789.47,2842.1,568.42
5827,42.06,20,25.0,841.2,630.9,126.18
5828,253.77,9,20.0,2283.93,1827.14,365.43
5829,328.9,19,25.0,6249.1,4686.82,937.37
5830,273.78,1,15.0,273.78,232.71,46.54
5831,300.01,9,10.0,2700.09,2430.08,486.02
5832,275.01,10,10.0,2750.1,2475.09,495.02
5833,274.34,13,25.0,3566.42,2674.81,534.96
5834,240.07,13,10.0,3120.91,2808.82,561.76
5835,307.35,19,0.0,5839.65,5839.65,1167.93
5836,211.71,11,0.0,2328.81,2328.81,465.76
5837,389.88,17,10.0,6627.96,5965.16,1193.03
5838,417.51,10,15.0,4175.1,3548.84,709.77
5839,206.11,14,15.0,2885.54,2452.71,490.54
5840,123.1,14,10.0,1723.4,1551.06,310.21
5841,158.95,6,5.0,953.7,906.01,181.2
5842,53.35,20,20.0,1067.0,853.6,170.72
5843,26.75,7,5.0,187.25,177.89,35.58
5844,283.56,1,10.0,283.56,255.2,51.04
5845,446.28,15,10.0,6694.2,6024.78,1204.96
5846,330.14,11,25.0,3631.54,2723.65,544.73
5847,292.78,6,15.0,1756.68,1493.18,298.64
5848,175.61,15,0.0,2634.15,2634.15,526.83
5849,107.98,1,15.0,107.98,91.78,18.36
5850,87.28,7,0.0,610.96,610.96,122.19
5851,87.08,1,0.0,87.08,87.08,17.42
5852,51.02,8,15.0,408.16,346.94,69.39
5853,403.7,18,15.0,7266.6,6176.61,1235.32
5854,298.03,5,25.0,1490.15,1117.61,223.52
5855,24.61,11,0.0,270.71,270.71,54.14
5856,315.48,15,25.0,4732.2,3549.15,709.83
5857,368.54,5,0.0,1842.7,1842.7,368.54
5858,167.29,2,15.0,334.58,284.39,56.88
5859,115.25,19,5.0,2189.75,2080.26,416.05
5860,47.71,1,10.0,47.71,42.94,8.59
5861,392.99,8,5.0,3143.92,2986.72,597.34
5862,65.19,4,15.0,260.76,221.65,44.33
5863,272.17,10,0.0,2721.7,2721.7,544.34
5864,321.57,10,5.0,3215.7,3054.91,610.98
5865,275.94,16,5.0,4415.04,4194.29,838.86
5866,495.25,15,10.0,7428.75,6685.88,1337.18
5867,105.29,20,20.0,2105.8,1684.64,336.93
5868,107.98,20,5.0,2159.6,2051.62,410.32
5869,61.51,10,15.0,615.1,522.84,104.57
5870,323.82,14,15.0,4533.48,3853.46,770.69
5871,131.02,2,10.0,262.04,235.84,47.17
5872,399.96,4,15.0,1599.84,1359.86,271.97
5873,119.97,6,5.0,719.82,683.83,136.77
5874,169.24,10,15.0,1692.4,1438.54,287.71
5875,383.25,19,20.0,7281.75,5825.4,1165.08
5876,319.73,18,25.0,5755.14,4316.36,863.27
5877,395.52,8,15.0,3164.16,2689.54,537.91
5878,154.28,4,10.0,617.12,555.41,111.08
5879,399.26,2,15.0,798.52,678.74,135.75
5880,496.08,5,20.0,2480.4,1984.32,396.86
5881,348.84,17,0.0,5930.28,5930.28,1186.06
5882,479.34,13,20.0,6231.42,4985.14,997.03
5883,26.08,16,15.0,417.28,354.69,70.94
5884,448.89,10,0.0,4488.9,4488.9,897.78
5885,129.87,4,5.0,519.48,493.51,98.7
5886,44.76,5,25.0,223.8,167.85,33.57
5887,387.72,19,5.0,7366.68,6998.35,1399.67
5888,478.21,2,25.0,956.42,717.31,143.46
5889,234.77,2,5.0,469.54,446.06,89.21
5890,478.62,1,20.0,478.62,382.9,76.58
5891,160.38,9,0.0,1443.42,1443.42,288.68
5892,316.98,1,5.0,316.98,301.13,60.23
5893,32.67,11,0.0,359.37,359.37,71.87
5894,495.13,19,0.0,9407.47,9407.47,1881.49
5895,45.69,7,10.0,319.83,287.85,57.57
5896,338.2,3,20.0,1014.6,811.68,162.34
5897,173.14,9,25.0,1558.26,1168.69,233.74
5898,285.52,6,20.0,1713.12,1370.5,274.1
5899,395.98,17,0.0,6731.66,6731.66,1346.33
5900,160.75,11,15.0,1768.25,1503.01,300.6
5901,14.97,12,5.0,179.64,170.66,34.13
5902,270.03,12,0.0,3240.36,3240.36,648.07
5903,195.04,4,15.0,780.16,663.14,132.63
5904,158.89,6,5.0,953.34,905.67,181.13
5905,348.5,12,25.0,4182.0,3136.5,627.3
5906,399.83,16,15.0,6397.28,5437.69,1087.54
5907,119.77,19,20.0,2275.63,1820.5,364.1
5908,126.98,20,10.0,2539.6,2285.64,457.13
5909,48.26,17,20.0,820.42,656.34,131.27
5910,408.31,10,20.0,4083.1,3266.48,653.3
5911,456.61,6,25.0,2739.66,2054.74,410.95
5912,387.99,5,10.0,1939.95,1745.96,349.19
5913,52.59,5,10.0,262.95,236.66,47.33
5914,63.01,5,15.0,315.05,267.79,53.56
5915,189.11,4,5.0,756.44,718.62,143.72
5916,184.32,17,25.0,3133.44,2350.08,470.02
5917,59.74,7,25.0,418.18,313.63,62.73
5918,189.94,8,10.0,1519.52,1367.57,273.51
5919,52.17,18,20.0,939.06,751.25,150.25
5920,106.06,1,10.0,106.06,95.45,19.09
5921,466.98,6,20.0,2801.88,2241.5,448.3
5922,231.38,17,10.0,3933.46,3540.11,708.02
5923,75.51,2,5.0,151.02,143.47,28.69
5924,324.71,12,5.0,3896.52,3701.69,740.34
5925,31.03,6,5.0,186.18,176.87,35.37
5926,402.91,15,15.0,6043.65,5137.1,1027.42
5927,32.73,16,25.0,523.68,392.76,78.55
5928,20.17,16,15.0,322.72,274.31,54.86
5929,193.85,18,20.0,3489.3,2791.44,558.29
5930,357.25,15,5.0,5358.75,5090.81,1018.16
5931,82.9,9,25.0,746.1,559.58,111.92
5932,117.01,6,20.0,702.06,561.65,112.33
5933,13.72,12,5.0,164.64,156.41,31.28
5934,329.94,5,25.0,1649.7,1237.28,247.46
5935,44.89,2,20.0,89.78,71.82,14.36
5936,490.7,3,20.0,1472.1,1177.68,235.54
5937,75.7,15,20.0,1135.5,908.4,181.68
5938,48.33,7,10.0,338.31,304.48,60.9
5939,224.05,16,5.0,3584.8,3405.56,681.11
5940,30.55,16,10.0,488.8,439.92,87.98
5941,44.59,7,25.0,312.13,234.1,46.82
5942,307.3,8,10.0,2458.4,2212.56,442.51
5943,135.36,9,0.0,1218.24,1218.24,243.65
5944,224.87,13,10.0,2923.31,2630.98,526.2
5945,75.91,13,10.0,986.83,888.15,177.63
5946,71.31,15,5.0,1069.65,1016.17,203.23
5947,14.71,9,20.0,132.39,105.91,21.18
5948,234.34,3,10.0,703.02,632.72,126.54
5949,141.53,10,20.0,1415.3,1132.24,226.45
5950,105.66,14,25.0,1479.24,1109.43,221.89
5951,298.68,5,20.0,1493.4,1194.72,238.94
5952,95.89,3,0.0,287.67,287.67,57.53
5953,433.95,11,20.0,4773.45,3818.76,763.75
5954,179.64,19,15.0,3413.16,2901.19,580.24
5955,328.19,12,20.0,3938.28,3150.62,630.12
5956,57.16,14,5.0,800.24,760.23,152.05
5957,474.74,19,15.0,9020.06,7667.05,1533.41
5958,336.13,7,5.0,2352.91,2235.26,447.05
5959,174.77,20,10.0,3495.4,3145.86,629.17
5960,26.29,7,10.0,184.03,165.63,33.13
5961,33.45,18,20.0,602.1,481.68,96.34
5962,26.64,12,20.0,319.68,255.74,51.15
5963,11.9,2,20.0,23.8,19.04,3.81
5964,25.64,5,5.0,128.2,121.79,24.36
5965,213.66,6,10.0,1281.96,1153.76,230.75
5966,9.2,16,5.0,147.2,139.84,27.97
5967,337.52,20,20.0,6750.4,5400.32,1080.06
5968,324.3,10,0.0,3243.0,3243.0,648.6
5969,184.16,16,5.0,2946.56,2799.23,559.85
5970,317.2,12,25.0,3806.4,2854.8,570.96
5971,115.73,1,0.0,115.73,115.73,23.15
5972,95.52,9,10.0,859.68,773.71,154.74
5973,120.28,20,15.0,2405.6,2044.76,408.95
5974,135.51,8,0.0,1084.08,1084.08,216.82
5975,262.74,2,15.0,525.48,446.66,89.33
5976,312.31,14,5.0,4372.34,4153.72,830.74
5977,53.46,3,5.0,160.38,152.36,30.47
5978,332.75,4,5.0,1331.0,1264.45,252.89
5979,48.92,9,5.0,440.28,418.27,83.65
5980,224.53,8,20.0,1796.24,1436.99,287.4
5981,365.19,3,10.0,1095.57,986.01,197.2
5982,115.69,20,25.0,2313.8,1735.35,347.07
5983,120.1,12,10.0,1441.2,1297.08,259.42
5984,428.52,6,25.0,2571.12,1928.34,385.67
5985,370.99,8,0.0,2967.92,2967.92,593.58
5986,380.85,6,15.0,2285.1,1942.34,388.47
5987,65.77,3,25.0,197.31,147.98,29.6
5988,287.22,14,0.0,4021.08,4021.08,804.22
5989,149.33,7,15.0,1045.31,888.51,177.7
5990,317.55,10,25.0,3175.5,2381.62,476.33
5991,345.08,12,10.0,4140.96,3726.86,745.37
5992,70.67,20,10.0,1413.4,1272.06,254.41
5993,340.93,14,10.0,4773.02,4295.72,859.14
5994,288.68,6,25.0,1732.08,1299.06,259.81
5995,239.86,13,20.0,3118.18,2494.54,498.91
5996,385.4,6,15.0,2312.4,1965.54,393.11
5997,376.61,8,15.0,3012.88,2560.95,512.19
5998,475.36,12,20.0,5704.32,4563.46,912.69
5999,104.69,14,25.0,1465.66,1099.24,219.85
6000,229.57,12,0.0,2754.84,2754.84,550.97
6001,303.47,3,10.0,910.41,819.37,163.87
6002,122.15,20,20.0,2443.0,1954.4,390.88
6003,362.94,4,15.0,1451.76,1234.0,246.8
6004,146.43,1,0.0,146.43,146.43,29.29
6005,261.8,1,15.0,261.8,222.53,44.51
6006,291.58,14,20.0,4082.12,3265.7,653.14
6007,388.74,8,0.0,3109.92,3109.92,621.98
6008,339.36,16,5.0,5429.76,5158.27,1031.65
6009,303.28,7,25.0,2122.96,1592.22,318.44
6010,61.5,18,20.0,1107.0,885.6,177.12
6011,5.02,7,5.0,35.14,33.38,6.68
6012,207.77,12,10.0,2493.24,2243.92,448.78
6013,452.18,10,25.0,4521.8,3391.35,678.27
6014,124.17,14,10.0,1738.38,1564.54,312.91
6015,473.48,20,0.0,9469.6,9469.6,1893.92
6016,450.44,17,15.0,7657.48,6508.86,1301.77
6017,325.38,4,10.0,1301.52,1171.37,234.27
6018,261.59,7,0.0,1831.13,1831.13,366.23
6019,192.3,2,10.0,384.6,346.14,69.23
6020,151.12,16,20.0,2417.92,1934.34,386.87
6021,273.79,7,0.0,1916.53,1916.53,383.31
6022,213.34,7,15.0,1493.38,1269.37,253.87
6023,319.21,19,20.0,6064.99,4851.99,970.4
6024,9.34,14,20.0,130.76,104.61,20.92
6025,190.86,15,0.0,2862.9,2862.9,572.58
6026,278.1,1,10.0,278.1,250.29,50.06
6027,353.33,7,5.0,2473.31,2349.64,469.93
6028,490.58,20,10.0,9811.6,8830.44,1766.09
6029,313.39,16,10.0,5014.24,4512.82,902.56
6030,311.73,15,10.0,4675.95,4208.36,841.67
6031,107.39,18,15.0,1933.02,1643.07,328.61
6032,191.22,11,10.0,2103.42,1893.08,378.62
6033,474.34,9,15.0,4269.06,3628.7,725.74
6034,129.01,12,15.0,1548.12,1315.9,263.18
6035,214.35,4,0.0,857.4,857.4,171.48
6036,69.81,19,25.0,1326.39,994.79,198.96
6037,406.53,10,15.0,4065.3,3455.5,691.1
6038,262.06,5,0.0,1310.3,1310.3,262.06
6039,464.6,1,15.0,464.6,394.91,78.98
6040,369.1,15,25.0,5536.5,4152.38,830.48
6041,75.51,17,0.0,1283.67,1283.67,256.73
6042,430.84,7,0.0,3015.88,3015.88,603.18
6043,255.51,14,15.0,3577.14,3040.57,608.11
6044,347.33,5,0.0,1736.65,1736.65,347.33
6045,421.67,19,20.0,8011.73,6409.38,1281.88
6046,477.41,13,10.0,6206.33,5585.7,1117.14
6047,20.3,20,10.0,406.0,365.4,73.08
6048,290.97,16,10.0,4655.52,4189.97,837.99
6049,419.75,7,0.0,2938.25,2938.25,587.65
6050,200.54,11,15.0,2205.94,1875.05,375.01
6051,131.9,2,5.0,263.8,250.61,50.12
6052,67.91,3,25.0,203.73,152.8,30.56
6053,405.59,12,0.0,4867.08,4867.08,973.42
6054,286.12,10,10.0,2861.2,2575.08,515.02
6055,252.87,18,25.0,4551.66,3413.74,682.75
6056,82.88,15,15.0,1243.2,1056.72,211.34
6057,405.79,13,15.0,5275.27,4483.98,896.8
6058,435.74,5,15.0,2178.7,1851.89,370.38
6059,151.0,18,25.0,2718.0,2038.5,407.7
6060,13.17,20,0.0,263.4,263.4,52.68
6061,475.33,3,20.0,1425.99,1140.79,228.16
6062,260.39,5,0.0,1301.95,1301.95,260.39
6063,320.87,17,0.0,5454.79,5454.79,1090.96
6064,314.6,20,0.0,6292.0,6292.0,1258.4
6065,166.45,6,5.0,998.7,948.76,189.75
6066,454.49,10,15.0,4544.9,3863.16,772.63
6067,81.4,8,25.0,651.2,488.4,97.68
6068,62.37,4,20.0,249.48,199.58,39.92
6069,6.08,8,10.0,48.64,43.78,8.76
6070,92.39,15,20.0,1385.85,1108.68,221.74
6071,396.77,2,20.0,793.54,634.83,126.97
6072,441.93,5,0.0,2209.65,2209.65,441.93
6073,81.05,4,0.0,324.2,324.2,64.84
6074,244.76,7,15.0,1713.32,1456.32,291.26
6075,443.06,20,15.0,8861.2,7532.02,1506.4
6076,123.16,7,10.0,862.12,775.91,155.18
6077,478.54,14,15.0,6699.56,5694.63,1138.93
6078,113.72,6,20.0,682.32,545.86,109.17
6079,392.83,16,25.0,6285.28,4713.96,942.79
6080,246.09,8,10.0,1968.72,1771.85,354.37
6081,141.1,3,20.0,423.3,338.64,67.73
6082,403.92,18,20.0,7270.56,5816.45,1163.29
6083,101.96,12,25.0,1223.52,917.64,183.53
6084,66.36,18,10.0,1194.48,1075.03,215.01
6085,364.17,5,5.0,1820.85,1729.81,345.96
6086,251.15,1,10.0,251.15,226.03,45.21
6087,22.85,18,0.0,411.3,411.3,82.26
6088,436.46,16,25.0,6983.36,5237.52,1047.5
6089,453.98,6,15.0,2723.88,2315.3,463.06
6090,187.46,15,15.0,2811.9,2390.12,478.02
6091,339.26,3,25.0,1017.78,763.34,152.67
6092,323.59,18,10.0,5824.62,5242.16,1048.43
6093,364.67,7,20.0,2552.69,2042.15,408.43
6094,156.43,10,0.0,1564.3,1564.3,312.86
6095,432.87,6,5.0,2597.22,2467.36,493.47
6096,105.06,12,20.0,1260.72,1008.58,201.72
6097,476.3,7,15.0,3334.1,2833.98,566.8
6098,163.2,1,25.0,163.2,122.4,24.48
6099,400.26,14,25.0,5603.64,4202.73,840.55
6100,382.8,16,25.0,6124.8,4593.6,918.72
6101,8.86,9,15.0,79.74,67.78,13.56
6102,257.16,15,25.0,3857.4,2893.05,578.61
6103,17.71,7,25.0,123.97,92.98,18.6
6104,195.23,15,0.0,2928.45,2928.45,585.69
6105,195.94,13,25.0,2547.22,1910.41,382.08
6106,234.87,11,20.0,2583.57,2066.86,413.37
6107,266.2,12,5.0,3194.4,3034.68,606.94
6108,493.15,17,0.0,8383.55,8383.55,1676.71
6109,497.93,1,10.0,497.93,448.14,89.63
6110,125.5,3,10.0,376.5,338.85,67.77
6111,48.46,20,25.0,969.2,726.9,145.38
6112,384.62,8,0.0,3076.96,3076.96,615.39
6113,281.49,18,25.0,5066.82,3800.11,760.02
6114,383.78,1,15.0,383.78,326.21,65.24
6115,186.76,12,20.0,2241.12,1792.9,358.58
6116,417.17,12,0.0,5006.04,5006.04,1001.21
6117,470.29,10,5.0,4702.9,4467.76,893.55
6118,405.4,13,25.0,5270.2,3952.65,790.53
6119,231.13,3,5.0,693.39,658.72,131.74
6120,201.59,7,15.0,1411.13,1199.46,239.89
6121,120.7,3,5.0,362.1,344.0,68.8
6122,19.96,6,25.0,119.76,89.82,17.96
6123,114.42,15,0.0,1716.3,1716.3,343.26
6124,244.53,9,20.0,2200.77,1760.62,352.12
6125,333.02,5,10.0,1665.1,1498.59,299.72
6126,98.32,15,0.0,1474.8,1474.8,294.96
6127,476.51,2,10.0,953.02,857.72,171.54
6128,413.51,1,0.0,413.51,413.51,82.7
6129,175.79,13,20.0,2285.27,1828.22,365.64
6130,169.75,11,20.0,1867.25,1493.8,298.76
6131,230.44,9,5.0,2073.96,1970.26,394.05
6132,92.73,12,10.0,1112.76,1001.48,200.3
6133,230.47,14,5.0,3226.58,3065.25,613.05
6134,498.59,15,10.0,7478.85,6730.96,1346.19
6135,285.04,1,20.0,285.04,228.03,45.61
6136,52.14,18,5.0,938.52,891.59,178.32
6137,205.33,10,15.0,2053.3,1745.31,349.06
6138,120.08,11,20.0,1320.88,1056.7,211.34
6139,157.01,12,25.0,1884.12,1413.09,282.62
6140,84.68,15,25.0,1270.2,952.65,190.53
6141,65.96,8,25.0,527.68,395.76,79.15
6142,237.42,7,15.0,1661.94,1412.65,282.53
6143,287.65,6,15.0,1725.9,1467.01,293.4
6144,328.95,15,0.0,4934.25,4934.25,986.85
6145,475.14,17,25.0,8077.38,6058.03,1211.61
6146,196.29,3,25.0,588.87,441.65,88.33
6147,461.32,8,0.0,3690.56,3690.56,738.11
6148,135.44,12,25.0,1625.28,1218.96,243.79
6149,440.91,5,5.0,2204.55,2094.32,418.86
6150,198.29,11,20.0,2181.19,1744.95,348.99
6151,377.34,7,20.0,2641.38,2113.1,422.62
6152,450.15,4,20.0,1800.6,1440.48,288.1
6153,210.13,12,5.0,2521.56,2395.48,479.1
6154,211.01,1,20.0,211.01,168.81,33.76
6155,189.19,19,25.0,3594.61,2695.96,539.19
6156,448.18,13,15.0,5826.34,4952.39,990.48
6157,427.16,14,25.0,5980.24,4485.18,897.04
6158,425.31,12,5.0,5103.72,4848.53,969.71
6159,91.67,6,25.0,550.02,412.51,82.5
6160,312.06,4,15.0,1248.24,1061.0,212.2
6161,60.65,2,10.0,121.3,109.17,21.83
6162,149.93,4,20.0,599.72,479.78,95.96
6163,331.38,17,5.0,5633.46,5351.79,1070.36
6164,70.25,3,25.0,210.75,158.06,31.61
6165,432.23,9,10.0,3890.07,3501.06,700.21
6166,231.35,20,5.0,4627.0,4395.65,879.13
6167,498.92,8,10.0,3991.36,3592.22,718.44
6168,473.24,6,20.0,2839.44,2271.55,454.31
6169,483.98,11,25.0,5323.78,3992.84,798.57
6170,404.21,17,0.0,6871.57,6871.57,1374.31
6171,386.0,10,5.0,3860.0,3667.0,733.4
6172,124.14,14,25.0,1737.96,1303.47,260.69
6173,101.85,6,15.0,611.1,519.43,103.89
6174,488.56,16,20.0,7816.96,6253.57,1250.71
6175,79.27,5,5.0,396.35,376.53,75.31
6176,397.39,9,0.0,3576.51,3576.51,715.3
6177,26.53,20,10.0,530.6,477.54,95.51
6178,150.77,7,5.0,1055.39,1002.62,200.52
6179,488.73,18,20.0,8797.14,7037.71,1407.54
6180,179.74,9,15.0,1617.66,1375.01,275.0
6181,379.62,16,10.0,6073.92,5466.53,1093.31
6182,48.45,9,0.0,436.05,436.05,87.21
6183,335.49,16,5.0,5367.84,5099.45,1019.89
6184,87.7,19,10.0,1666.3,1499.67,299.93
6185,133.51,17,25.0,2269.67,1702.25,340.45
6186,144.93,13,20.0,1884.09,1507.27,301.45
6187,416.42,6,15.0,2498.52,2123.74,424.75
6188,166.2,10,15.0,1662.0,1412.7,282.54
6189,86.27,17,15.0,1466.59,1246.6,249.32
6190,107.16,20,0.0,2143.2,2143.2,428.64
6191,56.14,12,5.0,673.68,640.0,128.0
6192,250.63,18,20.0,4511.34,3609.07,721.81
6193,353.41,15,20.0,5301.15,4240.92,848.18
6194,313.04,9,10.0,2817.36,2535.62,507.12
6195,7.42,9,10.0,66.78,60.1,12.02
6196,138.26,10,15.0,1382.6,1175.21,235.04
6197,53.95,13,0.0,701.35,701.35,140.27
6198,272.31,11,0.0,2995.41,2995.41,599.08
6199,24.01,3,5.0,72.03,68.43,13.69
6200,9.45,7,25.0,66.15,49.61,9.92
6201,450.2,6,15.0,2701.2,2296.02,459.2
6202,465.69,1,25.0,465.69,349.27,69.85
6203,382.34,18,10.0,6882.12,6193.91,1238.78
6204,260.34,9,5.0,2343.06,2225.91,445.18
6205,18.66,20,10.0,373.2,335.88,67.18
6206,170.51,18,10.0,3069.18,2762.26,552.45
6207,379.63,7,15.0,2657.41,2258.8,451.76
6208,45.06,3,0.0,135.18,135.18,27.04
6209,33.41,19,20.0,634.79,507.83,101.57
6210,478.48,16,5.0,7655.68,7272.9,1454.58
6211,89.92,12,20.0,1079.04,863.23,172.65
6212,433.4,10,10.0,4334.0,3900.6,780.12
6213,448.03,19,0.0,8512.57,8512.57,1702.51
6214,306.84,13,0.0,3988.92,3988.92,797.78
6215,362.04,9,10.0,3258.36,2932.52,586.5
6216,123.09,6,25.0,738.54,553.9,110.78
6217,92.7,9,15.0,834.3,709.16,141.83
6218,231.63,2,15.0,463.26,393.77,78.75
6219,322.06,4,10.0,1288.24,1159.42,231.88
6220,366.56,1,20.0,366.56,293.25,58.65
6221,152.85,5,0.0,764.25,764.25,152.85
6222,260.42,16,15.0,4166.72,3541.71,708.34
6223,341.08,16,20.0,5457.28,4365.82,873.16
6224,146.75,8,10.0,1174.0,1056.6,211.32
6225,173.95,12,25.0,2087.4,1565.55,313.11
6226,311.18,10,15.0,3111.8,2645.03,529.01
6227,266.42,14,25.0,3729.88,2797.41,559.48
6228,201.17,11,10.0,2212.87,1991.58,398.32
6229,393.81,17,10.0,6694.77,6025.29,1205.06
6230,484.1,6,20.0,2904.6,2323.68,464.74
6231,58.58,19,15.0,1113.02,946.07,189.21
6232,40.36,13,25.0,524.68,393.51,78.7
6233,397.14,16,25.0,6354.24,4765.68,953.14
6234,359.68,14,0.0,5035.52,5035.52,1007.1
6235,430.57,18,10.0,7750.26,6975.23,1395.05
6236,310.07,20,10.0,6201.4,5581.26,1116.25
6237,210.23,2,5.0,420.46,399.44,79.89
6238,23.39,5,20.0,116.95,93.56,18.71
6239,12.16,12,25.0,145.92,109.44,21.89
6240,126.5,6,15.0,759.0,645.15,129.03
6241,427.15,6,10.0,2562.9,2306.61,461.32
6242,103.14,9,20.0,928.26,742.61,148.52
6243,498.27,6,5.0,2989.62,2840.14,568.03
6244,175.54,7,25.0,1228.78,921.59,184.32
6245,474.05,7,5.0,3318.35,3152.43,630.49
6246,26.27,13,25.0,341.51,256.13,51.23
6247,188.17,17,10.0,3198.89,2879.0,575.8
6248,117.74,6,0.0,706.44,706.44,141.29
6249,488.8,5,20.0,2444.0,1955.2,391.04
6250,98.02,11,15.0,1078.22,916.49,183.3
6251,87.93,20,5.0,1758.6,1670.67,334.13
6252,262.82,12,0.0,3153.84,3153.84,630.77
6253,140.23,15,10.0,2103.45,1893.1,378.62
6254,181.42,9,10.0,1632.78,1469.5,293.9
6255,334.42,5,20.0,1672.1,1337.68,267.54
6256,97.9,20,5.0,1958.0,1860.1,372.02
6257,226.1,7,0.0,1582.7,1582.7,316.54
6258,473.08,8,0.0,3784.64,3784.64,756.93
6259,457.43,15,10.0,6861.45,6175.31,1235.06
6260,158.0,9,20.0,1422.0,1137.6,227.52
6261,487.54,20,5.0,9750.8,9263.26,1852.65
6262,327.32,6,10.0,1963.92,1767.53,353.51
6263,226.07,7,10.0,1582.49,1424.24,284.85
6264,203.04,20,0.0,4060.8,4060.8,812.16
6265,167.81,14,20.0,2349.34,1879.47,375.89
6266,336.78,7,10.0,2357.46,2121.71,424.34
6267,87.57,1,20.0,87.57,70.06,14.01
6268,256.32,4,10.0,1025.28,922.75,184.55
6269,164.24,2,25.0,328.48,246.36,49.27
6270,289.19,13,0.0,3759.47,3759.47,751.89
6271,398.62,8,5.0,3188.96,3029.51,605.9
6272,279.02,20,10.0,5580.4,5022.36,1004.47
6273,152.36,13,10.0,1980.68,1782.61,356.52
6274,149.57,10,20.0,1495.7,1196.56,239.31
6275,461.19,17,0.0,7840.23,7840.23,1568.05
6276,191.15,17,0.0,3249.55,3249.55,649.91
6277,389.94,19,25.0,7408.86,5556.64,1111.33
6278,281.21,6,20.0,1687.26,1349.81,269.96
6279,311.61,8,5.0,2492.88,2368.24,473.65
6280,229.21,9,0.0,2062.89,2062.89,412.58
6281,162.46,9,15.0,1462.14,1242.82,248.56
6282,490.55,10,5.0,4905.5,4660.22,932.04
6283,185.2,16,5.0,2963.2,2815.04,563.01
6284,246.05,7,25.0,1722.35,1291.76,258.35
6285,300.91,13,5.0,3911.83,3716.24,743.25
6286,270.97,16,5.0,4335.52,4118.74,823.75
6287,465.0,2,15.0,930.0,790.5,158.1
6288,154.5,17,20.0,2626.5,2101.2,420.24
6289,128.58,5,20.0,642.9,514.32,102.86
6290,230.66,8,0.0,1845.28,1845.28,369.06
6291,145.03,5,10.0,725.15,652.63,130.53
6292,313.33,11,20.0,3446.63,2757.3,551.46
6293,385.93,15,0.0,5788.95,5788.95,1157.79
6294,384.31,20,15.0,7686.2,6533.27,1306.65
6295,212.49,14,0.0,2974.86,2974.86,594.97
6296,367.86,11,15.0,4046.46,3439.49,687.9
6297,202.2,1,20.0,202.2,161.76,32.35
6298,135.99,7,20.0,951.93,761.54,152.31
6299,161.87,4,25.0,647.48,485.61,97.12
6300,118.83,13,20.0,1544.79,1235.83,247.17
6301,100.74,18,5.0,1813.32,1722.65,344.53
6302,283.06,7,25.0,1981.42,1486.07,297.21
6303,453.02,10,0.0,4530.2,4530.2,906.04
6304,396.71,9,5.0,3570.39,3391.87,678.37
6305,339.45,7,10.0,2376.15,2138.54,427.71
6306,185.89,14,5.0,2602.46,2472.34,494.47
6307,282.7,4,0.0,1130.8,1130.8,226.16
6308,25.73,8,0.0,205.84,205.84,41.17
6309,125.33,18,0.0,2255.94,2255.94,451.19
6310,326.53,8,0.0,2612.24,2612.24,522.45
6311,290.84,12,15.0,3490.08,2966.57,593.31
6312,231.14,2,0.0,462.28,462.28,92.46
6313,286.39,18,20.0,5155.02,4124.02,824.8
6314,56.94,4,10.0,227.76,204.98,41.0
6315,285.75,10,15.0,2857.5,2428.88,485.78
6316,193.31,7,15.0,1353.17,1150.19,230.04
6317,53.91,6,15.0,323.46,274.94,54.99
6318,75.76,17,10.0,1287.92,1159.13,231.83
6319,129.31,15,15.0,1939.65,1648.7,329.74
6320,418.58,8,25.0,3348.64,2511.48,502.3
6321,54.51,9,5.0,490.59,466.06,93.21
6322,238.9,9,20.0,2150.1,1720.08,344.02
6323,144.59,15,20.0,2168.85,1735.08,347.02
6324,6.55,2,15.0,13.1,11.13,2.23
6325,369.63,9,10.0,3326.67,2994.0,598.8
6326,310.11,19,0.0,5892.09,5892.09,1178.42
6327,207.4,15,10.0,3111.0,2799.9,559.98
6328,126.11,9,10.0,1134.99,1021.49,204.3
6329,157.81,2,20.0,315.62,252.5,50.5
6330,199.8,16,5.0,3196.8,3036.96,607.39
6331,209.87,17,5.0,3567.79,3389.4,677.88
6332,208.05,1,10.0,208.05,187.25,37.45
6333,408.58,13,25.0,5311.54,3983.65,796.73
6334,153.92,15,5.0,2308.8,2193.36,438.67
6335,364.66,13,25.0,4740.58,3555.43,711.09
6336,22.18,11,5.0,243.98,231.78,46.36
6337,267.53,17,25.0,4548.01,3411.01,682.2
6338,407.81,13,10.0,5301.53,4771.38,954.28
6339,118.95,11,25.0,1308.45,981.34,196.27
6340,443.23,19,25.0,8421.37,6316.03,1263.21
6341,438.7,16,5.0,7019.2,6668.24,1333.65
6342,236.86,20,20.0,4737.2,3789.76,757.95
6343,160.48,1,10.0,160.48,144.43,28.89
6344,150.91,20,5.0,3018.2,2867.29,573.46
6345,452.47,7,10.0,3167.29,2850.56,570.11
6346,238.67,9,10.0,2148.03,1933.23,386.65
6347,167.13,5,10.0,835.65,752.09,150.42
6348,223.06,15,10.0,3345.9,3011.31,602.26
6349,145.94,12,0.0,1751.28,1751.28,350.26
6350,226.71,20,15.0,4534.2,3854.07,770.81
6351,440.04,14,0.0,6160.56,6160.56,1232.11
6352,210.91,8,0.0,1687.28,1687.28,337.46
6353,480.61,7,5.0,3364.27,3196.06,639.21
6354,357.18,18,15.0,6429.24,5464.85,1092.97
6355,343.87,6,20.0,2063.22,1650.58,330.12
6356,13.9,10,15.0,139.0,118.15,23.63
6357,71.18,6,5.0,427.08,405.73,81.15
6358,327.94,15,0.0,4919.1,4919.1,983.82
6359,63.8,7,15.0,446.6,379.61,75.92
6360,490.33,16,15.0,7845.28,6668.49,1333.7
6361,191.15,7,15.0,1338.05,1137.34,227.47
6362,494.19,20,25.0,9883.8,7412.85,1482.57
6363,270.93,12,5.0,3251.16,3088.6,617.72
6364,495.17,4,15.0,1980.68,1683.58,336.72
6365,160.75,3,5.0,482.25,458.14,91.63
6366,63.52,15,15.0,952.8,809.88,161.98
6367,406.77,17,10.0,6915.09,6223.58,1244.72
6368,407.64,10,20.0,4076.4,3261.12,652.22
6369,142.58,3,15.0,427.74,363.58,72.72
6370,339.23,8,5.0,2713.84,2578.15,515.63
6371,174.27,20,5.0,3485.4,3311.13,662.23
6372,116.97,6,5.0,701.82,666.73,133.35
6373,374.49,8,15.0,2995.92,2546.53,509.31
6374,359.36,19,0.0,6827.84,6827.84,1365.57
6375,380.57,6,20.0,2283.42,1826.74,365.35
6376,387.56,3,25.0,1162.68,872.01,174.4
6377,77.98,15,25.0,1169.7,877.28,175.46
6378,389.22,6,25.0,2335.32,1751.49,350.3
6379,413.59,9,25.0,3722.31,2791.73,558.35
6380,423.08,14,10.0,5923.12,5330.81,1066.16
6381,147.63,3,25.0,442.89,332.17,66.43
6382,195.96,14,0.0,2743.44,2743.44,548.69
6383,145.52,17,10.0,2473.84,2226.46,445.29
6384,395.67,14,0.0,5539.38,5539.38,1107.88
6385,250.74,9,5.0,2256.66,2143.83,428.77
6386,243.52,8,20.0,1948.16,1558.53,311.71
6387,395.12,16,20.0,6321.92,5057.54,1011.51
6388,67.94,9,15.0,611.46,519.74,103.95
6389,55.22,5,10.0,276.1,248.49,49.7
6390,38.56,15,20.0,578.4,462.72,92.54
6391,91.8,20,10.0,1836.0,1652.4,330.48
6392,483.74,14,10.0,6772.36,6095.12,1219.02
6393,138.49,6,5.0,830.94,789.39,157.88
6394,116.58,19,10.0,2215.02,1993.52,398.7
6395,402.77,2,15.0,805.54,684.71,136.94
6396,18.04,8,0.0,144.32,144.32,28.86
6397,277.94,2,10.0,555.88,500.29,100.06
6398,62.81,3,15.0,188.43,160.17,32.03
6399,312.55,7,5.0,2187.85,2078.46,415.69
6400,436.82,9,25.0,3931.38,2948.53,589.71
6401,187.72,12,0.0,2252.64,2252.64,450.53
6402,56.33,12,5.0,675.96,642.16,128.43
6403,242.27,18,20.0,4360.86,3488.69,697.74
6404,209.79,2,10.0,419.58,377.62,75.52
6405,66.55,5,5.0,332.75,316.11,63.22
6406,484.75,10,20.0,4847.5,3878.0,775.6
6407,199.58,6,0.0,1197.48,1197.48,239.5
6408,58.53,11,15.0,643.83,547.26,109.45
6409,265.62,7,15.0,1859.34,1580.44,316.09
6410,216.41,13,15.0,2813.33,2391.33,478.27
6411,140.95,19,15.0,2678.05,2276.34,455.27
6412,491.12,6,20.0,2946.72,2357.38,471.48
6413,288.46,8,25.0,2307.68,1730.76,346.15
6414,462.1,11,20.0,5083.1,4066.48,813.3
6415,253.37,20,15.0,5067.4,4307.29,861.46
6416,476.81,18,5.0,8582.58,8153.45,1630.69
6417,230.42,5,20.0,1152.1,921.68,184.34
6418,35.56,16,0.0,568.96,568.96,113.79
6419,428.82,5,10.0,2144.1,1929.69,385.94
6420,366.83,3,20.0,1100.49,880.39,176.08
6421,165.14,8,20.0,1321.12,1056.9,211.38
6422,350.33,5,20.0,1751.65,1401.32,280.26
6423,101.16,17,15.0,1719.72,1461.76,292.35
6424,28.45,9,20.0,256.05,204.84,40.97
6425,186.82,11,15.0,2055.02,1746.77,349.35
6426,446.21,20,5.0,8924.2,8477.99,1695.6
6427,83.25,20,25.0,1665.0,1248.75,249.75
6428,495.43,11,25.0,5449.73,4087.3,817.46
6429,484.66,14,0.0,6785.24,6785.24,1357.05
6430,112.63,19,5.0,2139.97,2032.97,406.59
6431,154.53,8,15.0,1236.24,1050.8,210.16
6432,384.88,17,15.0,6542.96,5561.52,1112.3
6433,203.9,14,10.0,2854.6,2569.14,513.83
6434,342.21,2,10.0,684.42,615.98,123.2
6435,299.17,20,5.0,5983.4,5684.23,1136.85
6436,152.97,12,20.0,1835.64,1468.51,293.7
6437,65.1,8,15.0,520.8,442.68,88.54
6438,115.72,8,25.0,925.76,694.32,138.86
6439,409.41,10,5.0,4094.1,3889.39,777.88
6440,174.55,14,25.0,2443.7,1832.78,366.56
6441,88.57,19,15.0,1682.83,1430.41,286.08
6442,475.23,8,20.0,3801.84,3041.47,608.29
6443,199.94,19,15.0,3798.86,3229.03,645.81
6444,426.15,5,15.0,2130.75,1811.14,362.23
6445,354.61,15,25.0,5319.15,3989.36,797.87
6446,217.04,13,10.0,2821.52,2539.37,507.87
6447,244.34,5,5.0,1221.7,1160.62,232.12
6448,65.21,20,10.0,1304.2,1173.78,234.76
6449,23.94,12,5.0,287.28,272.92,54.58
6450,384.35,12,5.0,4612.2,4381.59,876.32
6451,327.44,2,15.0,654.88,556.65,111.33
6452,473.01,17,20.0,8041.17,6432.94,1286.59
6453,134.06,19,25.0,2547.14,1910.36,382.07
6454,106.78,4,10.0,427.12,384.41,76.88
6455,155.1,10,15.0,1551.0,1318.35,263.67
6456,370.01,6,5.0,2220.06,2109.06,421.81
6457,173.09,7,10.0,1211.63,1090.47,218.09
6458,344.69,1,20.0,344.69,275.75,55.15
6459,291.52,20,25.0,5830.4,4372.8,874.56
6460,186.05,10,25.0,1860.5,1395.38,279.07
6461,322.04,16,0.0,5152.64,5152.64,1030.53
6462,109.92,14,25.0,1538.88,1154.16,230.83
6463,458.84,7,25.0,3211.88,2408.91,481.78
6464,487.55,19,10.0,9263.45,8337.11,1667.42
6465,167.6,8,0.0,1340.8,1340.8,268.16
6466,498.04,3,25.0,1494.12,1120.59,224.12
6467,387.99,18,0.0,6983.82,6983.82,1396.76
6468,481.41,18,25.0,8665.38,6499.04,1299.81
6469,24.78,17,15.0,421.26,358.07,71.61
6470,166.3,9,25.0,1496.7,1122.53,224.51
6471,482.89,6,15.0,2897.34,2462.74,492.55
6472,365.61,1,20.0,365.61,292.49,58.5
6473,5.99,16,25.0,95.84,71.88,14.38
6474,425.59,16,5.0,6809.44,6468.97,1293.79
6475,366.24,1,25.0,366.24,274.68,54.94
6476,95.16,17,20.0,1617.72,1294.18,258.84
6477,332.96,2,10.0,665.92,599.33,119.87
6478,116.24,14,25.0,1627.36,1220.52,244.1
6479,429.43,3,10.0,1288.29,1159.46,231.89
6480,375.6,10,10.0,3756.0,3380.4,676.08
6481,277.18,1,25.0,277.18,207.88,41.58
6482,296.76,13,10.0,3857.88,3472.09,694.42
6483,499.3,17,0.0,8488.1,8488.1,1697.62
6484,312.28,15,0.0,4684.2,4684.2,936.84
6485,259.76,13,15.0,3376.88,2870.35,574.07
6486,450.96,20,20.0,9019.2,7215.36,1443.07
6487,140.39,17,10.0,2386.63,2147.97,429.59
6488,378.06,18,25.0,6805.08,5103.81,1020.76
6489,312.22,16,5.0,4995.52,4745.74,949.15
6490,135.61,10,25.0,1356.1,1017.08,203.42
6491,37.74,4,10.0,150.96,135.86,27.17
6492,383.44,6,5.0,2300.64,2185.61,437.12
6493,227.86,13,15.0,2962.18,2517.85,503.57
6494,89.02,11,10.0,979.22,881.3,176.26
6495,212.62,9,0.0,1913.58,1913.58,382.72
6496,151.63,16,20.0,2426.08,1940.86,388.17
6497,490.14,20,10.0,9802.8,8822.52,1764.5
6498,315.64,1,5.0,315.64,299.86,59.97
6499,485.44,18,15.0,8737.92,7427.23,1485.45
6500,5.66,11,5.0,62.26,59.15,11.83
6501,155.5,8,25.0,1244.0,933.0,186.6
6502,47.53,4,10.0,190.12,171.11,34.22
6503,152.66,2,25.0,305.32,228.99,45.8
6504,299.55,14,5.0,4193.7,3984.01,796.8
6505,101.57,4,5.0,406.28,385.97,77.19
6506,309.68,8,10.0,2477.44,2229.7,445.94
6507,36.23,13,15.0,470.99,400.34,80.07
6508,72.59,3,5.0,217.77,206.88,41.38
6509,46.1,1,10.0,46.1,41.49,8.3
6510,443.47,20,20.0,8869.4,7095.52,1419.1
6511,128.45,18,5.0,2312.1,2196.49,439.3
6512,143.95,17,20.0,2447.15,1957.72,391.54
6513,352.29,17,0.0,5988.93,5988.93,1197.79
6514,125.42,12,25.0,1505.04,1128.78,225.76
6515,278.11,13,0.0,3615.43,3615.43,723.09
6516,173.65,7,0.0,1215.55,1215.55,243.11
6517,369.65,5,10.0,1848.25,1663.42,332.69
6518,214.39,4,0.0,857.56,857.56,171.51
6519,404.99,15,20.0,6074.85,4859.88,971.98
6520,88.56,1,25.0,88.56,66.42,13.28
6521,324.45,13,25.0,4217.85,3163.39,632.68
6522,282.51,5,15.0,1412.55,1200.67,240.13
6523,440.67,5,5.0,2203.35,2093.18,418.64
6524,153.21,17,15.0,2604.57,2213.88,442.78
6525,354.89,7,10.0,2484.23,2235.81,447.16
6526,443.31,7,10.0,3103.17,2792.85,558.57
6527,220.45,18,5.0,3968.1,3769.69,753.94
6528,495.21,3,5.0,1485.63,1411.35,282.27
6529,252.37,11,0.0,2776.07,2776.07,555.21
6530,300.31,2,0.0,600.62,600.62,120.12
6531,469.14,16,25.0,7506.24,5629.68,1125.94
6532,278.96,17,25.0,4742.32,3556.74,711.35
6533,12.88,4,25.0,51.52,38.64,7.73
6534,440.41,11,0.0,4844.51,4844.51,968.9
6535,183.02,3,20.0,549.06,439.25,87.85
6536,258.81,19,15.0,4917.39,4179.78,835.96
6537,58.13,4,15.0,232.52,197.64,39.53
6538,327.29,5,5.0,1636.45,1554.63,310.93
6539,259.94,6,20.0,1559.64,1247.71,249.54
6540,6.71,14,15.0,93.94,79.85,15.97
6541,347.86,9,25.0,3130.74,2348.06,469.61
6542,283.76,7,20.0,1986.32,1589.06,317.81
6543,251.56,14,25.0,3521.84,2641.38,528.28
6544,30.16,10,0.0,301.6,301.6,60.32
6545,489.4,7,5.0,3425.8,3254.51,650.9
6546,358.69,9,20.0,3228.21,2582.57,516.51
6547,390.58,8,10.0,3124.64,2812.18,562.44
6548,383.67,19,15.0,7289.73,6196.27,1239.25
6549,428.23,1,10.0,428.23,385.41,77.08
6550,76.55,9,10.0,688.95,620.05,124.01
6551,231.49,4,20.0,925.96,740.77,148.15
6552,253.03,19,25.0,4807.57,3605.68,721.14
6553,33.83,12,0.0,405.96,405.96,81.19
6554,157.68,5,0.0,788.4,788.4,157.68
6555,170.96,6,25.0,1025.76,769.32,153.86
6556,454.12,12,0.0,5449.44,5449.44,1089.89
6557,427.16,9,0.0,3844.44,3844.44,768.89
6558,113.85,3,20.0,341.55,273.24,54.65
6559,419.23,8,10.0,3353.84,3018.46,603.69
6560,12.79,18,10.0,230.22,207.2,41.44
6561,246.6,19,0.0,4685.4,4685.4,937.08
6562,458.24,18,15.0,8248.32,7011.07,1402.21
6563,475.53,12,20.0,5706.36,4565.09,913.02
6564,165.84,9,5.0,1492.56,1417.93,283.59
6565,403.76,20,5.0,8075.2,7671.44,1534.29
6566,312.42,4,15.0,1249.68,1062.23,212.45
6567,468.86,9,25.0,4219.74,3164.8,632.96
6568,436.9,9,20.0,3932.1,3145.68,629.14
6569,429.93,18,0.0,7738.74,7738.74,1547.75
6570,352.1,15,10.0,5281.5,4753.35,950.67
6571,214.75,15,10.0,3221.25,2899.12,579.83
6572,135.59,16,15.0,2169.44,1844.02,368.8
6573,51.22,16,15.0,819.52,696.59,139.32
6574,356.69,1,20.0,356.69,285.35,57.07
6575,340.17,7,25.0,2381.19,1785.89,357.18
6576,324.99,6,25.0,1949.94,1462.45,292.49
6577,212.07,18,20.0,3817.26,3053.81,610.76
6578,263.63,8,20.0,2109.04,1687.23,337.45
6579,235.41,12,5.0,2824.92,2683.67,536.73
6580,408.07,4,5.0,1632.28,1550.67,310.13
6581,413.91,7,5.0,2897.37,2752.5,550.5
6582,56.39,16,25.0,902.24,676.68,135.34
6583,35.18,19,0.0,668.42,668.42,133.68
6584,202.44,6,25.0,1214.64,910.98,182.2
6585,55.39,14,0.0,775.46,775.46,155.09
6586,58.87,14,20.0,824.18,659.34,131.87
6587,324.72,17,20.0,5520.24,4416.19,883.24
6588,139.79,3,25.0,419.37,314.53,62.91
6589,135.9,16,5.0,2174.4,2065.68,413.14
6590,41.63,9,5.0,374.67,355.94,71.19
6591,317.94,4,15.0,1271.76,1081.0,216.2
6592,33.49,8,10.0,267.92,241.13,48.23
6593,404.33,17,0.0,6873.61,6873.61,1374.72
6594,327.42,18,0.0,5893.56,5893.56,1178.71
6595,318.58,1,25.0,318.58,238.94,47.79
6596,114.9,8,15.0,919.2,781.32,156.26
6597,467.88,11,0.0,5146.68,5146.68,1029.34
6598,9.86,16,15.0,157.76,134.1,26.82
6599,21.1,1,25.0,21.1,15.83,3.17
6600,138.44,6,20.0,830.64,664.51,132.9
6601,463.88,20,20.0,9277.6,7422.08,1484.42
6602,161.41,5,25.0,807.05,605.29,121.06
6603,81.19,9,5.0,730.71,694.17,138.83
6604,303.61,14,20.0,4250.54,3400.43,680.09
6605,65.66,13,5.0,853.58,810.9,162.18
6606,290.63,16,15.0,4650.08,3952.57,790.51
6607,64.74,1,5.0,64.74,61.5,12.3
6608,470.44,11,25.0,5174.84,3881.13,776.23
6609,416.42,7,25.0,2914.94,2186.2,437.24
6610,225.56,6,20.0,1353.36,1082.69,216.54
6611,403.11,6,20.0,2418.66,1934.93,386.99
6612,445.76,1,5.0,445.76,423.47,84.69
6613,472.75,17,5.0,8036.75,7634.91,1526.98
6614,21.84,18,10.0,393.12,353.81,70.76
6615,271.92,17,5.0,4622.64,4391.51,878.3
6616,384.67,8,15.0,3077.36,2615.76,523.15
6617,181.53,10,5.0,1815.3,1724.53,344.91
6618,254.77,13,20.0,3312.01,2649.61,529.92
6619,431.91,2,10.0,863.82,777.44,155.49
6620,379.25,4,10.0,1517.0,1365.3,273.06
6621,83.54,2,0.0,167.08,167.08,33.42
6622,307.27,20,20.0,6145.4,4916.32,983.26
6623,99.39,17,5.0,1689.63,1605.15,321.03
6624,46.72,11,10.0,513.92,462.53,92.51
6625,57.77,15,15.0,866.55,736.57,147.31
6626,487.36,6,25.0,2924.16,2193.12,438.62
6627,494.27,10,25.0,4942.7,3707.02,741.4
6628,313.5,18,10.0,5643.0,5078.7,1015.74
6629,122.29,19,5.0,2323.51,2207.33,441.47
6630,356.2,4,10.0,1424.8,1282.32,256.46
6631,260.12,20,0.0,5202.4,5202.4,1040.48
6632,7.9,5,15.0,39.5,33.57,6.71
6633,63.42,15,15.0,951.3,808.61,161.72
6634,259.65,12,20.0,3115.8,2492.64,498.53
6635,35.75,4,5.0,143.0,135.85,27.17
6636,482.69,3,0.0,1448.07,1448.07,289.61
6637,238.58,1,10.0,238.58,214.72,42.94
6638,385.65,11,0.0,4242.15,4242.15,848.43
6639,87.38,11,10.0,961.18,865.06,173.01
6640,205.15,16,10.0,3282.4,2954.16,590.83
6641,411.85,17,15.0,7001.45,5951.23,1190.25
6642,116.85,20,20.0,2337.0,1869.6,373.92
6643,416.12,3,10.0,1248.36,1123.52,224.7
6644,63.81,1,5.0,63.81,60.62,12.12
6645,211.17,11,5.0,2322.87,2206.73,441.35
6646,109.7,17,15.0,1864.9,1585.16,317.03
6647,359.59,14,10.0,5034.26,4530.83,906.17
6648,486.18,15,10.0,7292.7,6563.43,1312.69
6649,14.89,2,25.0,29.78,22.34,4.47
6650,441.63,8,10.0,3533.04,3179.74,635.95
6651,252.61,9,15.0,2273.49,1932.47,386.49
6652,71.52,18,25.0,1287.36,965.52,193.1
6653,476.14,4,5.0,1904.56,1809.33,361.87
6654,358.54,13,10.0,4661.02,4194.92,838.98
6655,398.06,17,25.0,6767.02,5075.27,1015.05
6656,408.08,16,20.0,6529.28,5223.42,1044.68
6657,127.03,6,0.0,762.18,762.18,152.44
6658,348.95,19,20.0,6630.05,5304.04,1060.81
6659,484.5,15,25.0,7267.5,5450.62,1090.12
6660,121.39,20,0.0,2427.8,2427.8,485.56
6661,179.4,8,10.0,1435.2,1291.68,258.34
6662,259.56,13,0.0,3374.28,3374.28,674.86
6663,469.96,16,5.0,7519.36,7143.39,1428.68
6664,283.99,11,0.0,3123.89,3123.89,624.78
6665,439.96,16,15.0,7039.36,5983.46,1196.69
6666,49.01,20,5.0,980.2,931.19,186.24
6667,222.21,8,25.0,1777.68,1333.26,266.65
6668,327.6,19,20.0,6224.4,4979.52,995.9
6669,343.77,18,0.0,6187.86,6187.86,1237.57
6670,491.55,16,0.0,7864.8,7864.8,1572.96
6671,277.36,1,15.0,277.36,235.76,47.15
6672,221.74,14,0.0,3104.36,3104.36,620.87
6673,124.03,4,0.0,496.12,496.12,99.22
6674,8.38,19,0.0,159.22,159.22,31.84
6675,167.11,20,25.0,3342.2,2506.65,501.33
6676,280.08,10,15.0,2800.8,2380.68,476.14
6677,488.03,9,20.0,4392.27,3513.82,702.76
6678,276.23,13,10.0,3590.99,3231.89,646.38
6679,204.97,7,25.0,1434.79,1076.09,215.22
6680,482.92,1,25.0,482.92,362.19,72.44
6681,405.01,6,10.0,2430.06,2187.05,437.41
6682,383.4,18,25.0,6901.2,5175.9,1035.18
6683,197.52,20,15.0,3950.4,3357.84,671.57
6684,175.49,14,25.0,2456.86,1842.64,368.53
6685,251.64,6,15.0,1509.84,1283.36,256.67
6686,337.27,5,25.0,1686.35,1264.76,252.95
6687,141.01,6,10.0,846.06,761.45,152.29
6688,265.32,1,20.0,265.32,212.26,42.45
6689,273.76,20,15.0,5475.2,4653.92,930.78
6690,127.82,13,0.0,1661.66,1661.66,332.33
6691,34.65,6,0.0,207.9,207.9,41.58
6692,32.16,15,5.0,482.4,458.28,91.66
6693,404.95,11,0.0,4454.45,4454.45,890.89
6694,439.79,6,25.0,2638.74,1979.06,395.81
6695,330.23,19,15.0,6274.37,5333.21,1066.64
6696,221.4,19,20.0,4206.6,3365.28,673.06
6697,384.82,19,20.0,7311.58,5849.26,1169.85
6698,139.96,11,10.0,1539.56,1385.6,277.12
6699,95.98,7,15.0,671.86,571.08,114.22
6700,17.29,6,20.0,103.74,82.99,16.6
6701,262.22,11,15.0,2884.42,2451.76,490.35
6702,127.3,20,5.0,2546.0,2418.7,483.74
6703,210.52,9,5.0,1894.68,1799.95,359.99
6704,53.19,7,10.0,372.33,335.1,67.02
6705,447.77,18,20.0,8059.86,6447.89,1289.58
6706,95.16,9,5.0,856.44,813.62,162.72
6707,60.96,7,15.0,426.72,362.71,72.54
6708,155.59,9,0.0,1400.31,1400.31,280.06
6709,56.79,2,10.0,113.58,102.22,20.44
6710,132.55,19,20.0,2518.45,2014.76,402.95
6711,279.03,19,25.0,5301.57,3976.18,795.24
6712,494.78,17,20.0,8411.26,6729.01,1345.8
6713,457.22,13,10.0,5943.86,5349.47,1069.89
6714,319.35,7,15.0,2235.45,1900.13,380.03
6715,8.65,16,25.0,138.4,103.8,20.76
6716,17.83,20,15.0,356.6,303.11,60.62
6717,389.48,14,25.0,5452.72,4089.54,817.91
6718,377.29,8,15.0,3018.32,2565.57,513.11
6719,411.44,15,0.0,6171.6,6171.6,1234.32
6720,216.24,2,10.0,432.48,389.23,77.85
6721,261.45,8,15.0,2091.6,1777.86,355.57
6722,89.03,9,15.0,801.27,681.08,136.22
6723,221.34,6,25.0,1328.04,996.03,199.21
6724,311.41,2,15.0,622.82,529.4,105.88
6725,324.22,17,5.0,5511.74,5236.15,1047.23
6726,316.51,10,15.0,3165.1,2690.34,538.07
6727,307.41,15,0.0,4611.15,4611.15,922.23
6728,206.18,7,15.0,1443.26,1226.77,245.35
6729,355.89,9,5.0,3203.01,3042.86,608.57
6730,78.9,11,25.0,867.9,650.93,130.19
6731,74.91,4,0.0,299.64,299.64,59.93
6732,119.62,8,5.0,956.96,909.11,181.82
6733,341.03,8,15.0,2728.24,2319.0,463.8
6734,201.98,13,15.0,2625.74,2231.88,446.38
6735,17.25,7,5.0,120.75,114.71,22.94
6736,369.38,14,5.0,5171.32,4912.75,982.55
6737,116.71,19,20.0,2217.49,1773.99,354.8
6738,278.32,18,0.0,5009.76,5009.76,1001.95
6739,135.86,11,20.0,1494.46,1195.57,239.11
6740,341.06,1,5.0,341.06,324.01,64.8
6741,445.31,9,25.0,4007.79,3005.84,601.17
6742,289.22,7,15.0,2024.54,1720.86,344.17
6743,86.14,5,10.0,430.7,387.63,77.53
6744,428.11,10,15.0,4281.1,3638.94,727.79
6745,10.15,5,25.0,50.75,38.06,7.61
6746,170.57,20,15.0,3411.4,2899.69,579.94
6747,399.59,7,20.0,2797.13,2237.7,447.54
6748,185.8,18,5.0,3344.4,3177.18,635.44
6749,276.09,11,10.0,3036.99,2733.29,546.66
6750,209.15,17,20.0,3555.55,2844.44,568.89
6751,164.99,13,25.0,2144.87,1608.65,321.73
6752,43.96,11,0.0,483.56,483.56,96.71
6753,222.29,1,25.0,222.29,166.72,33.34
6754,24.09,19,20.0,457.71,366.17,73.23
6755,401.13,9,25.0,3610.17,2707.63,541.53
6756,85.05,3,10.0,255.15,229.63,45.93
6757,332.79,13,10.0,4326.27,3893.64,778.73
6758,189.06,4,10.0,756.24,680.62,136.12
6759,266.95,14,20.0,3737.3,2989.84,597.97
6760,306.01,19,0.0,5814.19,5814.19,1162.84
6761,291.52,14,20.0,4081.28,3265.02,653.0
6762,12.5,16,5.0,200.0,190.0,38.0
6763,439.88,1,0.0,439.88,439.88,87.98
6764,7.58,7,20.0,53.06,42.45,8.49
6765,240.45,6,10.0,1442.7,1298.43,259.69
6766,56.15,9,20.0,505.35,404.28,80.86
6767,8.07,8,10.0,64.56,58.1,11.62
6768,467.55,18,15.0,8415.9,7153.51,1430.7
6769,266.66,8,20.0,2133.28,1706.62,341.32
6770,185.41,10,5.0,1854.1,1761.39,352.28
6771,389.17,18,10.0,7005.06,6304.55,1260.91
6772,10.03,8,25.0,80.24,60.18,12.04
6773,141.6,11,20.0,1557.6,1246.08,249.22
6774,384.48,9,20.0,3460.32,2768.26,553.65
6775,410.26,14,5.0,5743.64,5456.46,1091.29
6776,90.85,15,20.0,1362.75,1090.2,218.04
6777,377.73,13,25.0,4910.49,3682.87,736.57
6778,427.8,8,10.0,3422.4,3080.16,616.03
6779,407.28,10,0.0,4072.8,4072.8,814.56
6780,361.39,10,10.0,3613.9,3252.51,650.5
6781,44.83,8,10.0,358.64,322.78,64.56
6782,308.19,3,0.0,924.57,924.57,184.91
6783,463.79,2,0.0,927.58,927.58,185.52
6784,325.77,5,10.0,1628.85,1465.96,293.19
6785,288.38,18,0.0,5190.84,5190.84,1038.17
6786,446.14,19,0.0,8476.66,8476.66,1695.33
6787,285.81,12,0.0,3429.72,3429.72,685.94
6788,91.42,15,10.0,1371.3,1234.17,246.83
6789,6.5,13,20.0,84.5,67.6,13.52
6790,175.98,14,10.0,2463.72,2217.35,443.47
6791,193.49,13,0.0,2515.37,2515.37,503.07
6792,334.68,12,15.0,4016.16,3413.74,682.75
6793,259.51,8,20.0,2076.08,1660.86,332.17
6794,489.72,14,0.0,6856.08,6856.08,1371.22
6795,306.64,16,0.0,4906.24,4906.24,981.25
6796,41.34,11,0.0,454.74,454.74,90.95
6797,248.18,15,25.0,3722.7,2792.03,558.41
6798,12.52,1,10.0,12.52,11.27,2.25
6799,167.32,4,15.0,669.28,568.89,113.78
6800,194.01,8,0.0,1552.08,1552.08,310.42
6801,127.89,9,10.0,1151.01,1035.91,207.18
6802,381.38,12,15.0,4576.56,3890.08,778.02
6803,100.4,7,0.0,702.8,702.8,140.56
6804,100.48,8,0.0,803.84,803.84,160.77
6805,467.61,2,5.0,935.22,888.46,177.69
6806,63.46,14,5.0,888.44,844.02,168.8
6807,298.07,19,15.0,5663.33,4813.83,962.77
6808,64.1,2,5.0,128.2,121.79,24.36
6809,59.46,3,15.0,178.38,151.62,30.32
6810,347.57,11,10.0,3823.27,3440.94,688.19
6811,282.16,8,0.0,2257.28,2257.28,451.46
6812,374.2,9,20.0,3367.8,2694.24,538.85
6813,337.42,13,10.0,4386.46,3947.81,789.56
6814,364.35,8,0.0,2914.8,2914.8,582.96
6815,289.04,18,20.0,5202.72,4162.18,832.44
6816,271.82,3,20.0,815.46,652.37,130.47
6817,73.66,17,0.0,1252.22,1252.22,250.44
6818,272.54,18,10.0,4905.72,4415.15,883.03
6819,447.27,13,10.0,5814.51,5233.06,1046.61
6820,312.55,6,10.0,1875.3,1687.77,337.55
6821,424.77,18,15.0,7645.86,6498.98,1299.8
6822,246.12,15,25.0,3691.8,2768.85,553.77
6823,15.75,16,0.0,252.0,252.0,50.4
6824,56.03,20,15.0,1120.6,952.51,190.5
6825,170.44,19,0.0,3238.36,3238.36,647.67
6826,193.1,1,5.0,193.1,183.44,36.69
6827,459.91,17,0.0,7818.47,7818.47,1563.69
6828,120.02,20,10.0,2400.4,2160.36,432.07
6829,211.82,3,25.0,635.46,476.6,95.32
6830,271.06,15,0.0,4065.9,4065.9,813.18
6831,376.73,4,5.0,1506.92,1431.57,286.31
6832,259.83,9,5.0,2338.47,2221.55,444.31
6833,115.15,12,5.0,1381.8,1312.71,262.54
6834,410.54,17,15.0,6979.18,5932.3,1186.46
6835,174.82,2,15.0,349.64,297.19,59.44
6836,369.72,18,0.0,6654.96,6654.96,1330.99
6837,491.37,5,10.0,2456.85,2211.16,442.23
6838,40.09,1,5.0,40.09,38.09,7.62
6839,173.42,17,0.0,2948.14,2948.14,589.63
6840,123.92,6,0.0,743.52,743.52,148.7
6841,173.29,8,15.0,1386.32,1178.37,235.67
6842,367.5,15,15.0,5512.5,4685.62,937.12
6843,166.52,10,10.0,1665.2,1498.68,299.74
6844,304.81,11,25.0,3352.91,2514.68,502.94
6845,488.85,16,0.0,7821.6,7821.6,1564.32
6846,369.68,5,20.0,1848.4,1478.72,295.74
6847,205.05,5,10.0,1025.25,922.73,184.55
6848,387.92,11,20.0,4267.12,3413.7,682.74
6849,124.38,1,0.0,124.38,124.38,24.88
6850,313.72,15,25.0,4705.8,3529.35,705.87
6851,460.74,15,10.0,6911.1,6219.99,1244.0
6852,107.62,20,5.0,2152.4,2044.78,408.96
6853,167.73,5,25.0,838.65,628.99,125.8
6854,7.09,9,10.0,63.81,57.43,11.49
6855,170.19,16,15.0,2723.04,2314.58,462.92
6856,23.91,2,5.0,47.82,45.43,9.09
6857,45.13,11,15.0,496.43,421.97,84.39
6858,326.15,19,25.0,6196.85,4647.64,929.53
6859,442.81,13,20.0,5756.53,4605.22,921.04
6860,41.24,14,20.0,577.36,461.89,92.38
6861,478.53,20,15.0,9570.6,8135.01,1627.0
6862,466.12,5,5.0,2330.6,2214.07,442.81
6863,35.34,7,15.0,247.38,210.27,42.05
6864,241.45,15,10.0,3621.75,3259.58,651.92
6865,231.63,2,10.0,463.26,416.93,83.39
6866,433.21,14,25.0,6064.94,4548.7,909.74
6867,131.65,13,20.0,1711.45,1369.16,273.83
6868,80.13,20,5.0,1602.6,1522.47,304.49
6869,242.76,19,10.0,4612.44,4151.2,830.24
6870,75.58,16,0.0,1209.28,1209.28,241.86
6871,124.81,17,0.0,2121.77,2121.77,424.35
6872,340.6,4,25.0,1362.4,1021.8,204.36
6873,11.89,7,0.0,83.23,83.23,16.65
6874,313.38,6,5.0,1880.28,1786.27,357.25
6875,298.39,19,20.0,5669.41,4535.53,907.11
6876,497.03,4,0.0,1988.12,1988.12,397.62
6877,199.33,18,15.0,3587.94,3049.75,609.95
6878,387.81,14,15.0,5429.34,4614.94,922.99
6879,144.91,12,5.0,1738.92,1651.97,330.39
6880,305.87,3,5.0,917.61,871.73,174.35
6881,139.86,20,5.0,2797.2,2657.34,531.47
6882,453.62,14,0.0,6350.68,6350.68,1270.14
6883,175.46,18,0.0,3158.28,3158.28,631.66
6884,91.49,15,10.0,1372.35,1235.12,247.02
6885,25.69,18,25.0,462.42,346.81,69.36
6886,60.0,15,15.0,900.0,765.0,153.0
6887,123.69,16,5.0,1979.04,1880.09,376.02
6888,354.92,11,25.0,3904.12,2928.09,585.62
6889,264.86,11,10.0,2913.46,2622.11,524.42
6890,490.55,16,5.0,7848.8,7456.36,1491.27
6891,39.94,3,20.0,119.82,95.86,19.17
6892,491.5,13,20.0,6389.5,5111.6,1022.32
6893,16.8,7,0.0,117.6,117.6,23.52
6894,427.66,10,0.0,4276.6,4276.6,855.32
6895,76.92,19,15.0,1461.48,1242.26,248.45
6896,15.83,4,5.0,63.32,60.15,12.03
6897,360.59,8,15.0,2884.72,2452.01,490.4
6898,371.55,18,0.0,6687.9,6687.9,1337.58
6899,499.81,6,25.0,2998.86,2249.14,449.83
6900,443.44,1,20.0,443.44,354.75,70.95
6901,65.12,4,15.0,260.48,221.41,44.28
6902,468.7,12,15.0,5624.4,4780.74,956.15
6903,220.96,5,25.0,1104.8,828.6,165.72
6904,290.43,17,5.0,4937.31,4690.44,938.09
6905,40.07,18,20.0,721.26,577.01,115.4
6906,133.59,7,25.0,935.13,701.35,140.27
6907,323.55,2,25.0,647.1,485.33,97.07
6908,218.82,19,0.0,4157.58,4157.58,831.52
6909,57.65,10,25.0,576.5,432.38,86.48
6910,39.96,3,20.0,119.88,95.9,19.18
6911,26.67,18,20.0,480.06,384.05,76.81
6912,97.04,14,20.0,1358.56,1086.85,217.37
6913,171.73,19,0.0,3262.87,3262.87,652.57
6914,19.21,9,0.0,172.89,172.89,34.58
6915,395.66,4,10.0,1582.64,1424.38,284.88
6916,291.81,4,0.0,1167.24,1167.24,233.45
6917,465.2,8,15.0,3721.6,3163.36,632.67
6918,85.42,15,5.0,1281.3,1217.23,243.45
6919,285.25,11,20.0,3137.75,2510.2,502.04
6920,269.21,11,25.0,2961.31,2220.98,444.2
6921,148.37,19,25.0,2819.03,2114.27,422.85
6922,277.94,6,15.0,1667.64,1417.49,283.5
6923,15.85,5,5.0,79.25,75.29,15.06
6924,456.0,8,20.0,3648.0,2918.4,583.68
6925,312.1,9,20.0,2808.9,2247.12,449.42
6926,203.02,15,5.0,3045.3,2893.03,578.61
6927,36.68,13,5.0,476.84,453.0,90.6
6928,318.06,19,20.0,6043.14,4834.51,966.9
6929,436.61,11,5.0,4802.71,4562.57,912.51
6930,265.33,17,15.0,4510.61,3834.02,766.8
6931,10.71,7,0.0,74.97,74.97,14.99
6932,459.41,20,15.0,9188.2,7809.97,1561.99
6933,361.27,8,10.0,2890.16,2601.14,520.23
6934,462.12,19,15.0,8780.28,7463.24,1492.65
6935,105.38,11,20.0,1159.18,927.34,185.47
6936,342.32,6,5.0,2053.92,1951.22,390.24
6937,482.45,11,20.0,5306.95,4245.56,849.11
6938,174.94,2,10.0,349.88,314.89,62.98
6939,107.09,6,25.0,642.54,481.9,96.38
6940,277.06,16,10.0,4432.96,3989.66,797.93
6941,161.16,19,0.0,3062.04,3062.04,612.41
6942,163.09,6,10.0,978.54,880.69,176.14
6943,125.81,2,25.0,251.62,188.72,37.74
6944,116.12,2,25.0,232.24,174.18,34.84
6945,71.02,2,5.0,142.04,134.94,26.99
6946,303.67,18,5.0,5466.06,5192.76,1038.55
6947,25.47,18,20.0,458.46,366.77,73.35
6948,135.15,13,0.0,1756.95,1756.95,351.39
6949,137.18,7,20.0,960.26,768.21,153.64
6950,422.6,19,15.0,8029.4,6824.99,1365.0
6951,447.05,9,20.0,4023.45,3218.76,643.75
6952,112.59,12,0.0,1351.08,1351.08,270.22
6953,465.36,18,10.0,8376.48,7538.83,1507.77
6954,129.52,15,25.0,1942.8,1457.1,291.42
6955,451.37,12,5.0,5416.44,5145.62,1029.12
6956,293.03,8,0.0,2344.24,2344.24,468.85
6957,442.59,15,0.0,6638.85,6638.85,1327.77
6958,65.43,1,5.0,65.43,62.16,12.43
6959,201.85,6,20.0,1211.1,968.88,193.78
6960,202.53,10,15.0,2025.3,1721.5,344.3
6961,66.95,16,20.0,1071.2,856.96,171.39
6962,491.23,19,0.0,9333.37,9333.37,1866.67
6963,178.97,3,10.0,536.91,483.22,96.64
6964,181.01,14,15.0,2534.14,2154.02,430.8
6965,154.4,2,15.0,308.8,262.48,52.5
6966,424.23,18,0.0,7636.14,7636.14,1527.23
6967,325.71,2,15.0,651.42,553.71,110.74
6968,301.52,5,25.0,1507.6,1130.7,226.14
6969,259.86,11,15.0,2858.46,2429.69,485.94
6970,146.68,9,5.0,1320.12,1254.11,250.82
6971,392.3,6,15.0,2353.8,2000.73,400.15
6972,310.13,5,10.0,1550.65,1395.59,279.12
6973,79.19,12,0.0,950.28,950.28,190.06
6974,101.86,5,15.0,509.3,432.9,86.58
6975,399.03,17,25.0,6783.51,5087.63,1017.53
6976,480.16,2,15.0,960.32,816.27,163.25
6977,91.78,4,0.0,367.12,367.12,73.42
6978,330.17,2,5.0,660.34,627.32,125.46
6979,477.39,18,15.0,8593.02,7304.07,1460.81
6980,178.28,6,0.0,1069.68,1069.68,213.94
6981,98.53,10,10.0,985.3,886.77,177.35
6982,154.24,1,20.0,154.24,123.39,24.68
6983,131.78,11,0.0,1449.58,1449.58,289.92
6984,242.02,2,20.0,484.04,387.23,77.45
6985,366.09,12,10.0,4393.08,3953.77,790.75
6986,480.83,6,5.0,2884.98,2740.73,548.15
6987,357.62,15,20.0,5364.3,4291.44,858.29
6988,101.8,1,15.0,101.8,86.53,17.31
6989,470.11,15,10.0,7051.65,6346.49,1269.3
6990,91.79,14,20.0,1285.06,1028.05,205.61
6991,479.13,16,25.0,7666.08,5749.56,1149.91
6992,253.48,5,0.0,1267.4,1267.4,253.48
6993,388.84,17,15.0,6610.28,5618.74,1123.75
6994,8.92,19,25.0,169.48,127.11,25.42
6995,313.68,2,5.0,627.36,595.99,119.2
6996,141.53,9,0.0,1273.77,1273.77,254.75
6997,242.35,4,10.0,969.4,872.46,174.49
6998,54.08,20,5.0,1081.6,1027.52,205.5
6999,167.86,8,10.0,1342.88,1208.59,241.72
7000,313.56,9,20.0,2822.04,2257.63,451.53
7001,275.73,13,5.0,3584.49,3405.27,681.05
7002,29.17,8,5.0,233.36,221.69,44.34
7003,180.33,10,25.0,1803.3,1352.48,270.5
7004,339.08,10,25.0,3390.8,2543.1,508.62
7005,55.13,5,10.0,275.65,248.09,49.62
7006,486.21,19,25.0,9237.99,6928.49,1385.7
7007,326.15,15,20.0,4892.25,3913.8,782.76
7008,490.71,10,5.0,4907.1,4661.74,932.35
7009,332.1,17,10.0,5645.7,5081.13,1016.23
7010,133.05,11,10.0,1463.55,1317.2,263.44
7011,493.88,8,10.0,3951.04,3555.94,711.19
7012,113.94,15,20.0,1709.1,1367.28,273.46
7013,364.25,6,25.0,2185.5,1639.12,327.83
7014,340.23,12,15.0,4082.76,3470.35,694.07
7015,394.03,2,5.0,788.06,748.66,149.73
7016,66.33,2,10.0,132.66,119.39,23.88
7017,107.45,10,25.0,1074.5,805.88,161.18
7018,328.7,12,25.0,3944.4,2958.3,591.66
7019,240.44,15,15.0,3606.6,3065.61,613.12
7020,200.19,14,15.0,2802.66,2382.26,476.45
7021,350.39,3,20.0,1051.17,840.94,168.19
7022,414.69,5,25.0,2073.45,1555.09,311.02
7023,60.13,4,25.0,240.52,180.39,36.08
7024,9.78,17,10.0,166.26,149.63,29.93
7025,271.92,10,0.0,2719.2,2719.2,543.84
7026,236.76,2,15.0,473.52,402.49,80.5
7027,108.18,1,5.0,108.18,102.77,20.55
7028,432.33,2,0.0,864.66,864.66,172.93
7029,484.35,15,25.0,7265.25,5448.94,1089.79
7030,166.4,14,5.0,2329.6,2213.12,442.62
7031,64.84,1,20.0,64.84,51.87,10.37
7032,31.92,18,15.0,574.56,488.38,97.68
7033,499.18,2,20.0,998.36,798.69,159.74
7034,318.69,15,20.0,4780.35,3824.28,764.86
7035,323.9,13,20.0,4210.7,3368.56,673.71
7036,325.3,12,0.0,3903.6,3903.6,780.72
7037,369.2,3,10.0,1107.6,996.84,199.37
7038,161.58,15,0.0,2423.7,2423.7,484.74
7039,67.46,2,20.0,134.92,107.94,21.59
7040,494.13,8,10.0,3953.04,3557.74,711.55
7041,497.87,2,25.0,995.74,746.81,149.36
7042,396.46,4,0.0,1585.84,1585.84,317.17
7043,360.21,3,0.0,1080.63,1080.63,216.13
7044,123.62,6,15.0,741.72,630.46,126.09
7045,93.16,14,15.0,1304.24,1108.6,221.72
7046,129.43,17,25.0,2200.31,1650.23,330.05
7047,397.81,6,5.0,2386.86,2267.52,453.5
7048,235.71,17,15.0,4007.07,3406.01,681.2
7049,72.95,3,5.0,218.85,207.91,41.58
7050,401.47,3,20.0,1204.41,963.53,192.71
7051,264.89,10,15.0,2648.9,2251.56,450.31
7052,128.84,16,5.0,2061.44,1958.37,391.67
7053,190.53,6,20.0,1143.18,914.54,182.91
7054,280.54,9,10.0,2524.86,2272.37,454.47
7055,330.91,9,20.0,2978.19,2382.55,476.51
7056,316.45,20,20.0,6329.0,5063.2,1012.64
7057,497.15,14,15.0,6960.1,5916.08,1183.22
7058,435.96,10,5.0,4359.6,4141.62,828.32
7059,358.87,20,20.0,7177.4,5741.92,1148.38
7060,463.13,9,0.0,4168.17,4168.17,833.63
7061,308.65,20,5.0,6173.0,5864.35,1172.87
7062,195.19,5,5.0,975.95,927.15,185.43
7063,21.27,3,15.0,63.81,54.24,10.85
7064,464.8,11,0.0,5112.8,5112.8,1022.56
7065,181.25,8,10.0,1450.0,1305.0,261.0
7066,478.02,12,10.0,5736.24,5162.62,1032.52
7067,168.5,11,10.0,1853.5,1668.15,333.63
7068,376.08,13,0.0,4889.04,4889.04,977.81
7069,44.32,13,0.0,576.16,576.16,115.23
7070,68.62,7,5.0,480.34,456.32,91.26
7071,203.65,8,20.0,1629.2,1303.36,260.67
7072,475.36,12,20.0,5704.32,4563.46,912.69
7073,342.81,5,20.0,1714.05,1371.24,274.25
7074,77.99,11,20.0,857.89,686.31,137.26
7075,399.47,13,20.0,5193.11,4154.49,830.9
7076,171.31,1,0.0,171.31,171.31,34.26
7077,6.33,4,5.0,25.32,24.05,4.81
7078,239.53,18,5.0,4311.54,4095.96,819.19
7079,409.85,14,0.0,5737.9,5737.9,1147.58
7080,366.5,17,15.0,6230.5,5295.93,1059.19
7081,249.18,6,0.0,1495.08,1495.08,299.02
7082,399.01,16,25.0,6384.16,4788.12,957.62
7083,116.0,18,25.0,2088.0,1566.0,313.2
7084,318.44,5,10.0,1592.2,1432.98,286.6
7085,424.12,15,15.0,6361.8,5407.53,1081.51
7086,316.78,2,15.0,633.56,538.53,107.71
7087,487.81,8,5.0,3902.48,3707.36,741.47
7088,450.88,9,20.0,4057.92,3246.34,649.27
7089,415.65,9,20.0,3740.85,2992.68,598.54
7090,320.69,10,15.0,3206.9,2725.86,545.17
7091,36.78,6,20.0,220.68,176.54,35.31
7092,72.92,16,5.0,1166.72,1108.38,221.68
7093,307.43,7,0.0,2152.01,2152.01,430.4
7094,448.92,8,20.0,3591.36,2873.09,574.62
7095,313.91,13,0.0,4080.83,4080.83,816.17
7096,16.07,5,0.0,80.35,80.35,16.07
7097,322.02,18,25.0,5796.36,4347.27,869.45
7098,210.8,5,25.0,1054.0,790.5,158.1
7099,419.25,7,0.0,2934.75,2934.75,586.95
7100,414.79,19,0.0,7881.01,7881.01,1576.2
7101,53.73,13,20.0,698.49,558.79,111.76
7102,318.69,5,20.0,1593.45,1274.76,254.95
7103,161.74,18,15.0,2911.32,2474.62,494.92
7104,288.04,18,0.0,5184.72,5184.72,1036.94
7105,195.25,15,20.0,2928.75,2343.0,468.6
7106,360.47,17,0.0,6127.99,6127.99,1225.6
7107,341.26,8,5.0,2730.08,2593.58,518.72
7108,291.0,9,15.0,2619.0,2226.15,445.23
7109,195.17,19,10.0,3708.23,3337.41,667.48
7110,102.49,6,0.0,614.94,614.94,122.99
7111,29.53,13,5.0,383.89,364.7,72.94
7112,251.3,19,20.0,4774.7,3819.76,763.95
7113,186.79,18,0.0,3362.22,3362.22,672.44
7114,207.72,11,5.0,2284.92,2170.67,434.13
7115,45.6,6,5.0,273.6,259.92,51.98
7116,289.02,12,0.0,3468.24,3468.24,693.65
7117,260.06,8,25.0,2080.48,1560.36,312.07
7118,283.84,19,5.0,5392.96,5123.31,1024.66
7119,489.24,6,25.0,2935.44,2201.58,440.32
7120,43.76,10,10.0,437.6,393.84,78.77
7121,116.31,13,5.0,1512.03,1436.43,287.29
7122,438.34,4,0.0,1753.36,1753.36,350.67
7123,441.1,13,5.0,5734.3,5447.59,1089.52
7124,105.62,15,0.0,1584.3,1584.3,316.86
7125,140.44,14,20.0,1966.16,1572.93,314.59
7126,448.51,20,20.0,8970.2,7176.16,1435.23
7127,193.77,18,0.0,3487.86,3487.86,697.57
7128,305.3,5,20.0,1526.5,1221.2,244.24
7129,368.94,3,5.0,1106.82,1051.48,210.3
7130,234.11,4,0.0,936.44,936.44,187.29
7131,299.12,12,15.0,3589.44,3051.02,610.2
7132,125.93,4,0.0,503.72,503.72,100.74
7133,253.4,15,25.0,3801.0,2850.75,570.15
7134,96.75,3,10.0,290.25,261.23,52.25
7135,215.21,14,10.0,3012.94,2711.65,542.33
7136,190.74,9,0.0,1716.66,1716.66,343.33
7137,479.29,8,10.0,3834.32,3450.89,690.18
7138,156.61,16,10.0,2505.76,2255.18,451.04
7139,340.05,9,15.0,3060.45,2601.38,520.28
7140,463.94,6,25.0,2783.64,2087.73,417.55
7141,66.81,19,25.0,1269.39,952.04,190.41
7142,445.54,5,0.0,2227.7,2227.7,445.54
7143,348.16,17,0.0,5918.72,5918.72,1183.74
7144,281.72,20,5.0,5634.4,5352.68,1070.54
7145,129.4,14,15.0,1811.6,1539.86,307.97
7146,328.78,4,15.0,1315.12,1117.85,223.57
7147,414.45,2,0.0,828.9,828.9,165.78
7148,426.55,2,5.0,853.1,810.44,162.09
7149,25.97,20,25.0,519.4,389.55,77.91
7150,39.11,12,10.0,469.32,422.39,84.48
7151,43.22,14,5.0,605.08,574.83,114.97
7152,309.47,9,10.0,2785.23,2506.71,501.34
7153,279.04,11,5.0,3069.44,2915.97,583.19
7154,487.89,3,25.0,1463.67,1097.75,219.55
7155,156.53,12,10.0,1878.36,1690.52,338.1
7156,343.83,16,5.0,5501.28,5226.22,1045.24
7157,181.36,6,0.0,1088.16,1088.16,217.63
7158,119.75,10,20.0,1197.5,958.0,191.6
7159,317.52,9,5.0,2857.68,2714.8,542.96
7160,302.55,18,0.0,5445.9,5445.9,1089.18
7161,261.48,6,25.0,1568.88,1176.66,235.33
7162,368.81,19,0.0,7007.39,7007.39,1401.48
7163,171.88,7,25.0,1203.16,902.37,180.47
7164,255.7,7,5.0,1789.9,1700.4,340.08
7165,39.37,13,0.0,511.81,511.81,102.36
7166,59.75,18,10.0,1075.5,967.95,193.59
7167,196.32,3,25.0,588.96,441.72,88.34
7168,341.4,7,0.0,2389.8,2389.8,477.96
7169,32.99,5,10.0,164.95,148.46,29.69
7170,393.91,7,0.0,2757.37,2757.37,551.47
7171,74.05,5,10.0,370.25,333.23,66.65
7172,129.64,20,20.0,2592.8,2074.24,414.85
7173,320.49,20,25.0,6409.8,4807.35,961.47
7174,315.37,6,25.0,1892.22,1419.16,283.83
7175,222.58,2,10.0,445.16,400.64,80.13
7176,67.19,19,20.0,1276.61,1021.29,204.26
7177,148.5,8,0.0,1188.0,1188.0,237.6
7178,100.87,13,15.0,1311.31,1114.61,222.92
7179,355.03,15,20.0,5325.45,4260.36,852.07
7180,77.39,15,10.0,1160.85,1044.76,208.95
7181,195.48,4,20.0,781.92,625.54,125.11
7182,23.63,4,0.0,94.52,94.52,18.9
7183,495.01,6,10.0,2970.06,2673.05,534.61
7184,137.73,16,10.0,2203.68,1983.31,396.66
7185,158.33,5,25.0,791.65,593.74,118.75
7186,40.54,14,10.0,567.56,510.8,102.16
7187,26.98,14,25.0,377.72,283.29,56.66
7188,224.03,5,10.0,1120.15,1008.14,201.63
7189,324.39,4,5.0,1297.56,1232.68,246.54
7190,198.92,1,5.0,198.92,188.97,37.79
7191,63.1,11,25.0,694.1,520.58,104.12
7192,80.06,2,5.0,160.12,152.11,30.42
7193,31.78,7,20.0,222.46,177.97,35.59
7194,13.59,19,10.0,258.21,232.39,46.48
7195,71.18,7,5.0,498.26,473.35,94.67
7196,271.03,20,15.0,5420.6,4607.51,921.5
7197,140.67,19,5.0,2672.73,2539.09,507.82
7198,454.72,18,5.0,8184.96,7775.71,1555.14
7199,348.05,14,25.0,4872.7,3654.52,730.9
7200,245.4,13,5.0,3190.2,3030.69,606.14
7201,488.37,10,15.0,4883.7,4151.14,830.23
7202,77.4,1,15.0,77.4,65.79,13.16
7203,45.89,19,25.0,871.91,653.93,130.79
7204,18.91,6,20.0,113.46,90.77,18.15
7205,48.79,15,15.0,731.85,622.07,124.41
7206,246.76,3,5.0,740.28,703.27,140.65
7207,436.03,18,20.0,7848.54,6278.83,1255.77
7208,35.92,1,10.0,35.92,32.33,6.47
7209,250.25,6,20.0,1501.5,1201.2,240.24
7210,125.78,9,0.0,1132.02,1132.02,226.4
7211,328.96,17,5.0,5592.32,5312.7,1062.54
7212,414.83,19,15.0,7881.77,6699.5,1339.9
7213,380.78,14,10.0,5330.92,4797.83,959.57
7214,407.3,5,0.0,2036.5,2036.5,407.3
7215,184.69,6,20.0,1108.14,886.51,177.3
7216,69.73,19,0.0,1324.87,1324.87,264.97
7217,334.51,16,20.0,5352.16,4281.73,856.35
7218,418.68,6,5.0,2512.08,2386.48,477.3
7219,235.44,10,5.0,2354.4,2236.68,447.34
7220,39.59,20,20.0,791.8,633.44,126.69
7221,307.94,15,25.0,4619.1,3464.33,692.87
7222,227.96,10,25.0,2279.6,1709.7,341.94
7223,211.61,18,5.0,3808.98,3618.53,723.71
7224,352.59,9,10.0,3173.31,2855.98,571.2
7225,224.6,5,5.0,1123.0,1066.85,213.37
7226,236.82,6,25.0,1420.92,1065.69,213.14
7227,77.72,13,0.0,1010.36,1010.36,202.07
7228,453.32,12,25.0,5439.84,4079.88,815.98
7229,9.9,15,20.0,148.5,118.8,23.76
7230,438.48,4,15.0,1753.92,1490.83,298.17
7231,273.96,8,15.0,2191.68,1862.93,372.59
7232,64.27,1,10.0,64.27,57.84,11.57
7233,48.77,18,0.0,877.86,877.86,175.57
7234,70.33,19,20.0,1336.27,1069.02,213.8
7235,376.31,1,15.0,376.31,319.86,63.97
7236,5.05,17,15.0,85.85,72.97,14.59
7237,325.46,6,20.0,1952.76,1562.21,312.44
7238,251.19,19,0.0,4772.61,4772.61,954.52
7239,476.65,19,25.0,9056.35,6792.26,1358.45
7240,125.68,7,25.0,879.76,659.82,131.96
7241,416.5,15,15.0,6247.5,5310.38,1062.08
7242,132.08,4,0.0,528.32,528.32,105.66
7243,150.01,14,15.0,2100.14,1785.12,357.02
7244,102.95,6,0.0,617.7,617.7,123.54
7245,241.11,1,5.0,241.11,229.05,45.81
7246,495.05,1,10.0,495.05,445.55,89.11
7247,173.82,12,5.0,2085.84,1981.55,396.31
7248,131.64,7,20.0,921.48,737.18,147.44
7249,154.59,14,25.0,2164.26,1623.2,324.64
7250,285.4,18,0.0,5137.2,5137.2,1027.44
7251,38.16,5,0.0,190.8,190.8,38.16
7252,383.56,9,15.0,3452.04,2934.23,586.85
7253,211.81,12,20.0,2541.72,2033.38,406.68
7254,290.4,18,5.0,5227.2,4965.84,993.17
7255,363.71,11,20.0,4000.81,3200.65,640.13
7256,466.84,13,5.0,6068.92,5765.47,1153.09
7257,309.1,14,20.0,4327.4,3461.92,692.38
7258,182.72,11,15.0,2009.92,1708.43,341.69
7259,123.87,3,25.0,371.61,278.71,55.74
7260,203.19,18,25.0,3657.42,2743.07,548.61
7261,18.18,5,25.0,90.9,68.18,13.64
7262,224.37,2,25.0,448.74,336.56,67.31
7263,452.35,3,25.0,1357.05,1017.79,203.56
7264,264.52,12,25.0,3174.24,2380.68,476.14
7265,465.75,9,15.0,4191.75,3562.99,712.6
7266,199.95,18,15.0,3599.1,3059.23,611.85
7267,365.34,2,5.0,730.68,694.15,138.83
7268,376.87,18,0.0,6783.66,6783.66,1356.73
7269,305.49,11,0.0,3360.39,3360.39,672.08
7270,372.29,12,5.0,4467.48,4244.11,848.82
7271,460.88,20,20.0,9217.6,7374.08,1474.82
7272,37.64,3,10.0,112.92,101.63,20.33
7273,334.22,17,10.0,5681.74,5113.57,1022.71
7274,109.65,11,10.0,1206.15,1085.54,217.11
7275,67.87,16,0.0,1085.92,1085.92,217.18
7276,256.83,12,0.0,3081.96,3081.96,616.39
7277,111.08,4,0.0,444.32,444.32,88.86
7278,193.23,6,15.0,1159.38,985.47,197.09
7279,403.31,1,20.0,403.31,322.65,64.53
7280,142.45,17,10.0,2421.65,2179.48,435.9
7281,53.02,20,20.0,1060.4,848.32,169.66
7282,126.35,3,0.0,379.05,379.05,75.81
7283,471.55,3,0.0,1414.65,1414.65,282.93
7284,146.54,19,25.0,2784.26,2088.19,417.64
7285,32.25,3,15.0,96.75,82.24,16.45
7286,10.75,4,15.0,43.0,36.55,7.31
7287,249.54,16,5.0,3992.64,3793.01,758.6
7288,339.58,15,5.0,5093.7,4839.01,967.8
7289,271.32,15,15.0,4069.8,3459.33,691.87
7290,24.9,14,25.0,348.6,261.45,52.29
7291,443.6,6,20.0,2661.6,2129.28,425.86
7292,286.92,15,20.0,4303.8,3443.04,688.61
7293,137.51,2,10.0,275.02,247.52,49.5
7294,256.54,2,25.0,513.08,384.81,76.96
7295,115.72,9,25.0,1041.48,781.11,156.22
7296,32.58,18,5.0,586.44,557.12,111.42
7297,416.99,12,25.0,5003.88,3752.91,750.58
7298,158.45,15,15.0,2376.75,2020.24,404.05
7299,412.47,10,15.0,4124.7,3506.0,701.2
7300,315.15,10,0.0,3151.5,3151.5,630.3
7301,164.25,10,15.0,1642.5,1396.12,279.23
7302,213.42,7,20.0,1493.94,1195.15,239.03
7303,228.82,13,15.0,2974.66,2528.46,505.69
7304,256.6,18,10.0,4618.8,4156.92,831.38
7305,268.93,17,15.0,4571.81,3886.04,777.21
7306,373.77,6,0.0,2242.62,2242.62,448.52
7307,369.72,14,10.0,5176.08,4658.47,931.69
7308,170.78,20,25.0,3415.6,2561.7,512.34
7309,151.41,20,10.0,3028.2,2725.38,545.08
7310,312.63,3,15.0,937.89,797.21,159.44
7311,386.37,20,15.0,7727.4,6568.29,1313.66
7312,359.42,10,5.0,3594.2,3414.49,682.9
7313,128.5,10,20.0,1285.0,1028.0,205.6
7314,13.84,16,10.0,221.44,199.3,39.86
7315,6.27,16,25.0,100.32,75.24,15.05
7316,321.62,6,5.0,1929.72,1833.23,366.65
7317,219.03,17,15.0,3723.51,3164.98,633.0
7318,265.01,11,15.0,2915.11,2477.84,495.57
7319,491.51,14,10.0,6881.14,6193.03,1238.61
7320,253.24,3,10.0,759.72,683.75,136.75
7321,38.41,20,0.0,768.2,768.2,153.64
7322,203.96,15,15.0,3059.4,2600.49,520.1
7323,345.32,18,5.0,6215.76,5904.97,1180.99
7324,497.23,4,5.0,1988.92,1889.47,377.89
7325,260.05,16,25.0,4160.8,3120.6,624.12
7326,193.49,3,15.0,580.47,493.4,98.68
7327,209.56,20,15.0,4191.2,3562.52,712.5
7328,298.1,2,5.0,596.2,566.39,113.28
7329,432.69,18,5.0,7788.42,7399.0,1479.8
7330,448.58,6,10.0,2691.48,2422.33,484.47
7331,196.87,20,20.0,3937.4,3149.92,629.98
7332,285.49,20,15.0,5709.8,4853.33,970.67
7333,492.59,17,10.0,8374.03,7536.63,1507.33
7334,56.07,2,0.0,112.14,112.14,22.43
7335,119.99,10,15.0,1199.9,1019.91,203.98
7336,468.63,2,0.0,937.26,937.26,187.45
7337,110.35,4,0.0,441.4,441.4,88.28
7338,310.9,17,20.0,5285.3,4228.24,845.65
7339,461.36,18,5.0,8304.48,7889.26,1577.85
7340,346.76,20,25.0,6935.2,5201.4,1040.28
7341,91.73,6,0.0,550.38,550.38,110.08
7342,120.98,3,5.0,362.94,344.79,68.96
7343,36.03,8,10.0,288.24,259.42,51.88
7344,261.39,16,25.0,4182.24,3136.68,627.34
7345,187.15,11,0.0,2058.65,2058.65,411.73
7346,30.03,16,10.0,480.48,432.43,86.49
7347,458.05,19,10.0,8702.95,7832.66,1566.53
7348,280.36,17,10.0,4766.12,4289.51,857.9
7349,94.16,5,10.0,470.8,423.72,84.74
7350,274.12,10,25.0,2741.2,2055.9,411.18
7351,42.46,10,5.0,424.6,403.37,80.67
7352,259.78,10,20.0,2597.8,2078.24,415.65
7353,395.56,18,10.0,7120.08,6408.07,1281.61
7354,287.63,3,0.0,862.89,862.89,172.58
7355,9.84,6,15.0,59.04,50.18,10.04
7356,295.89,17,10.0,5030.13,4527.12,905.42
7357,45.14,5,20.0,225.7,180.56,36.11
7358,96.25,19,20.0,1828.75,1463.0,292.6
7359,314.0,19,10.0,5966.0,5369.4,1073.88
7360,289.47,2,20.0,578.94,463.15,92.63
7361,35.35,13,10.0,459.55,413.6,82.72
7362,282.14,13,25.0,3667.82,2750.86,550.17
7363,15.93,12,25.0,191.16,143.37,28.67
7364,274.19,8,25.0,2193.52,1645.14,329.03
7365,446.36,2,10.0,892.72,803.45,160.69
7366,232.83,16,0.0,3725.28,3725.28,745.06
7367,7.42,7,20.0,51.94,41.55,8.31
7368,492.77,18,0.0,8869.86,8869.86,1773.97
7369,243.25,4,10.0,973.0,875.7,175.14
7370,191.6,3,25.0,574.8,431.1,86.22
7371,26.07,4,20.0,104.28,83.42,16.68
7372,410.7,16,20.0,6571.2,5256.96,1051.39
7373,37.45,6,25.0,224.7,168.53,33.71
7374,91.05,10,20.0,910.5,728.4,145.68
7375,113.21,12,15.0,1358.52,1154.74,230.95
7376,44.51,2,10.0,89.02,80.12,16.02
7377,184.76,6,25.0,1108.56,831.42,166.28
7378,358.71,19,20.0,6815.49,5452.39,1090.48
7379,185.62,20,20.0,3712.4,2969.92,593.98
7380,28.01,6,20.0,168.06,134.45,26.89
7381,130.34,7,5.0,912.38,866.76,173.35
7382,281.95,20,10.0,5639.0,5075.1,1015.02
7383,351.63,7,15.0,2461.41,2092.2,418.44
7384,33.15,16,0.0,530.4,530.4,106.08
7385,141.63,6,15.0,849.78,722.31,144.46
7386,80.65,4,5.0,322.6,306.47,61.29
7387,37.55,20,10.0,751.0,675.9,135.18
7388,94.31,12,25.0,1131.72,848.79,169.76
7389,335.66,4,15.0,1342.64,1141.24,228.25
7390,155.18,9,25.0,1396.62,1047.47,209.49
7391,272.26,4,10.0,1089.04,980.14,196.03
7392,419.92,17,25.0,7138.64,5353.98,1070.8
7393,472.83,16,15.0,7565.28,6430.49,1286.1
7394,98.54,16,5.0,1576.64,1497.81,299.56
7395,250.01,5,15.0,1250.05,1062.54,212.51
7396,204.5,1,25.0,204.5,153.38,30.68
7397,445.83,1,20.0,445.83,356.66,71.33
7398,172.83,13,20.0,2246.79,1797.43,359.49
7399,143.37,19,20.0,2724.03,2179.22,435.84
7400,232.85,13,15.0,3027.05,2572.99,514.6
7401,402.56,2,5.0,805.12,764.86,152.97
7402,195.62,11,5.0,2151.82,2044.23,408.85
7403,394.6,14,10.0,5524.4,4971.96,994.39
7404,314.71,16,0.0,5035.36,5035.36,1007.07
7405,166.49,13,10.0,2164.37,1947.93,389.59
7406,295.21,18,10.0,5313.78,4782.4,956.48
7407,343.55,19,10.0,6527.45,5874.7,1174.94
7408,304.93,17,5.0,5183.81,4924.62,984.92
7409,267.75,15,10.0,4016.25,3614.62,722.93
7410,109.93,20,5.0,2198.6,2088.67,417.73
7411,279.93,9,15.0,2519.37,2141.46,428.29
7412,203.33,8,10.0,1626.64,1463.98,292.8
7413,338.73,5,5.0,1693.65,1608.97,321.79
7414,240.69,14,5.0,3369.66,3201.18,640.24
7415,175.44,18,25.0,3157.92,2368.44,473.69
7416,130.97,4,10.0,523.88,471.49,94.3
7417,170.79,8,0.0,1366.32,1366.32,273.26
7418,369.01,14,10.0,5166.14,4649.53,929.91
7419,256.52,14,25.0,3591.28,2693.46,538.69
7420,405.41,7,15.0,2837.87,2412.19,482.44
7421,403.58,7,0.0,2825.06,2825.06,565.01
7422,330.71,19,25.0,6283.49,4712.62,942.52
7423,377.69,7,5.0,2643.83,2511.64,502.33
7424,97.81,1,5.0,97.81,92.92,18.58
7425,126.98,13,15.0,1650.74,1403.13,280.63
7426,400.37,4,25.0,1601.48,1201.11,240.22
7427,22.3,18,20.0,401.4,321.12,64.22
7428,60.35,13,25.0,784.55,588.41,117.68
7429,209.9,13,20.0,2728.7,2182.96,436.59
7430,387.38,16,10.0,6198.08,5578.27,1115.65
7431,393.38,3,0.0,1180.14,1180.14,236.03
7432,181.38,12,10.0,2176.56,1958.9,391.78
7433,378.21,12,10.0,4538.52,4084.67,816.93
7434,130.87,6,5.0,785.22,745.96,149.19
7435,250.97,17,10.0,4266.49,3839.84,767.97
7436,162.89,16,0.0,2606.24,2606.24,521.25
7437,141.36,5,10.0,706.8,636.12,127.22
7438,461.89,15,15.0,6928.35,5889.1,1177.82
7439,336.55,9,5.0,3028.95,2877.5,575.5
7440,412.39,15,25.0,6185.85,4639.39,927.88
7441,113.65,15,0.0,1704.75,1704.75,340.95
7442,123.94,18,15.0,2230.92,1896.28,379.26
7443,237.13,11,25.0,2608.43,1956.32,391.26
7444,459.84,18,15.0,8277.12,7035.55,1407.11
7445,476.73,11,25.0,5244.03,3933.02,786.6
7446,95.49,8,15.0,763.92,649.33,129.87
7447,257.82,8,5.0,2062.56,1959.43,391.89
7448,408.46,19,0.0,7760.74,7760.74,1552.15
7449,53.17,8,20.0,425.36,340.29,68.06
7450,333.42,8,20.0,2667.36,2133.89,426.78
7451,429.61,6,25.0,2577.66,1933.24,386.65
7452,8.01,6,10.0,48.06,43.25,8.65
7453,480.95,5,20.0,2404.75,1923.8,384.76
7454,138.08,3,5.0,414.24,393.53,78.71
7455,292.08,8,25.0,2336.64,1752.48,350.5
7456,96.81,7,10.0,677.67,609.9,121.98
7457,274.58,4,25.0,1098.32,823.74,164.75
7458,294.09,6,0.0,1764.54,1764.54,352.91
7459,379.03,4,20.0,1516.12,1212.9,242.58
7460,296.09,11,15.0,3256.99,2768.44,553.69
7461,263.06,17,15.0,4472.02,3801.22,760.24
7462,339.86,19,25.0,6457.34,4843.01,968.6
7463,305.18,5,10.0,1525.9,1373.31,274.66
7464,381.51,16,10.0,6104.16,5493.74,1098.75
7465,366.06,19,20.0,6955.14,5564.11,1112.82
7466,201.76,14,5.0,2824.64,2683.41,536.68
7467,160.11,14,5.0,2241.54,2129.46,425.89
7468,236.1,4,15.0,944.4,802.74,160.55
7469,119.57,5,0.0,597.85,597.85,119.57
7470,433.04,1,0.0,433.04,433.04,86.61
7471,240.23,11,25.0,2642.53,1981.9,396.38
7472,299.66,17,25.0,5094.22,3820.66,764.13
7473,191.66,1,0.0,191.66,191.66,38.33
7474,54.16,9,15.0,487.44,414.32,82.86
7475,65.1,11,5.0,716.1,680.29,136.06
7476,390.12,11,25.0,4291.32,3218.49,643.7
7477,365.96,14,5.0,5123.44,4867.27,973.45
7478,398.26,20,0.0,7965.2,7965.2,1593.04
7479,74.25,4,5.0,297.0,282.15,56.43
7480,88.93,14,10.0,1245.02,1120.52,224.1
7481,221.59,5,10.0,1107.95,997.16,199.43
7482,438.68,2,10.0,877.36,789.62,157.92
7483,370.05,5,25.0,1850.25,1387.69,277.54
7484,301.3,14,15.0,4218.2,3585.47,717.09
7485,429.72,12,0.0,5156.64,5156.64,1031.33
7486,379.5,7,10.0,2656.5,2390.85,478.17
7487,321.24,3,15.0,963.72,819.16,163.83
7488,416.56,10,20.0,4165.6,3332.48,666.5
7489,206.11,2,20.0,412.22,329.78,65.96
7490,409.63,6,25.0,2457.78,1843.33,368.67
7491,191.91,10,0.0,1919.1,1919.1,383.82
7492,111.24,3,15.0,333.72,283.66,56.73
7493,415.84,13,15.0,5405.92,4595.03,919.01
7494,220.76,8,25.0,1766.08,1324.56,264.91
7495,204.58,16,25.0,3273.28,2454.96,490.99
7496,86.96,2,5.0,173.92,165.22,33.04
7497,413.06,3,0.0,1239.18,1239.18,247.84
7498,439.49,9,10.0,3955.41,3559.87,711.97
7499,211.08,14,20.0,2955.12,2364.1,472.82
7500,233.94,4,15.0,935.76,795.4,159.08
7501,277.01,3,20.0,831.03,664.82,132.96
7502,314.94,6,20.0,1889.64,1511.71,302.34
7503,118.27,18,25.0,2128.86,1596.64,319.33
7504,113.73,5,25.0,568.65,426.49,85.3
7505,279.2,20,10.0,5584.0,5025.6,1005.12
7506,460.31,5,0.0,2301.55,2301.55,460.31
7507,196.97,14,5.0,2757.58,2619.7,523.94
7508,103.18,3,20.0,309.54,247.63,49.53
7509,97.31,6,10.0,583.86,525.47,105.09
7510,113.92,1,5.0,113.92,108.22,21.64
7511,270.02,17,0.0,4590.34,4590.34,918.07
7512,68.49,4,25.0,273.96,205.47,41.09
7513,193.51,9,25.0,1741.59,1306.19,261.24
7514,359.93,7,20.0,2519.51,2015.61,403.12
7515,26.68,7,5.0,186.76,177.42,35.48
7516,443.55,2,5.0,887.1,842.75,168.55
7517,8.2,3,0.0,24.6,24.6,4.92
7518,196.32,14,20.0,2748.48,2198.78,439.76
7519,492.61,18,25.0,8866.98,6650.23,1330.05
7520,380.14,7,10.0,2660.98,2394.88,478.98
7521,345.93,3,10.0,1037.79,934.01,186.8
7522,430.65,17,5.0,7321.05,6955.0,1391.0
7523,8.98,11,25.0,98.78,74.09,14.82
7524,476.06,13,15.0,6188.78,5260.46,1052.09
7525,450.23,14,25.0,6303.22,4727.41,945.48
7526,176.73,15,15.0,2650.95,2253.31,450.66
7527,336.63,6,5.0,2019.78,1918.79,383.76
7528,495.38,11,5.0,5449.18,5176.72,1035.34
7529,370.08,1,25.0,370.08,277.56,55.51
7530,87.92,17,25.0,1494.64,1120.98,224.2
7531,293.0,7,10.0,2051.0,1845.9,369.18
7532,494.4,11,10.0,5438.4,4894.56,978.91
7533,408.8,8,20.0,3270.4,2616.32,523.26
7534,220.17,1,10.0,220.17,198.15,39.63
7535,483.34,5,10.0,2416.7,2175.03,435.01
7536,199.16,19,20.0,3784.04,3027.23,605.45
7537,294.04,5,5.0,1470.2,1396.69,279.34
7538,217.48,14,10.0,3044.72,2740.25,548.05
7539,118.68,2,15.0,237.36,201.76,40.35
7540,357.52,17,10.0,6077.84,5470.06,1094.01
7541,458.02,11,25.0,5038.22,3778.66,755.73
7542,333.86,19,5.0,6343.34,6026.17,1205.23
7543,119.08,3,5.0,357.24,339.38,67.88
7544,106.11,8,25.0,848.88,636.66,127.33
7545,18.63,16,10.0,298.08,268.27,53.65
7546,322.74,19,0.0,6132.06,6132.06,1226.41
7547,362.03,11,10.0,3982.33,3584.1,716.82
7548,404.57,17,0.0,6877.69,6877.69,1375.54
7549,345.2,16,20.0,5523.2,4418.56,883.71
7550,275.16,4,15.0,1100.64,935.54,187.11
7551,30.16,5,5.0,150.8,143.26,28.65
7552,163.46,5,10.0,817.3,735.57,147.11
7553,230.57,1,15.0,230.57,195.98,39.2
7554,313.53,20,0.0,6270.6,6270.6,1254.12
7555,406.3,8,20.0,3250.4,2600.32,520.06
7556,338.28,9,15.0,3044.52,2587.84,517.57
7557,378.9,17,15.0,6441.3,5475.1,1095.02
7558,250.13,14,5.0,3501.82,3326.73,665.35
7559,21.11,18,15.0,379.98,322.98,64.6
7560,50.65,4,5.0,202.6,192.47,38.49
7561,408.56,13,10.0,5311.28,4780.15,956.03
7562,294.79,20,25.0,5895.8,4421.85,884.37
7563,484.86,7,15.0,3394.02,2884.92,576.98
7564,44.07,16,5.0,705.12,669.86,133.97
7565,316.32,16,20.0,5061.12,4048.9,809.78
7566,200.77,14,10.0,2810.78,2529.7,505.94
7567,288.48,1,0.0,288.48,288.48,57.7
7568,210.4,10,20.0,2104.0,1683.2,336.64
7569,475.41,2,20.0,950.82,760.66,152.13
7570,466.08,1,0.0,466.08,466.08,93.22
7571,308.72,20,5.0,6174.4,5865.68,1173.14
7572,193.55,17,10.0,3290.35,2961.32,592.26
7573,70.48,16,5.0,1127.68,1071.3,214.26
7574,497.22,19,10.0,9447.18,8502.46,1700.49
7575,122.99,2,20.0,245.98,196.78,39.36
7576,137.23,20,10.0,2744.6,2470.14,494.03
7577,261.86,12,15.0,3142.32,2670.97,534.19
7578,366.57,4,5.0,1466.28,1392.97,278.59
7579,346.87,9,10.0,3121.83,2809.65,561.93
7580,102.59,11,20.0,1128.49,902.79,180.56
7581,24.11,2,15.0,48.22,40.99,8.2
7582,270.89,17,10.0,4605.13,4144.62,828.92
7583,173.96,15,25.0,2609.4,1957.05,391.41
7584,216.28,20,25.0,4325.6,3244.2,648.84
7585,454.02,13,0.0,5902.26,5902.26,1180.45
7586,51.97,18,15.0,935.46,795.14,159.03
7587,161.73,3,0.0,485.19,485.19,97.04
7588,69.96,2,0.0,139.92,139.92,27.98
7589,268.38,16,5.0,4294.08,4079.38,815.88
7590,356.54,11,0.0,3921.94,3921.94,784.39
7591,100.04,7,10.0,700.28,630.25,126.05
7592,244.48,15,10.0,3667.2,3300.48,660.1
7593,85.31,20,20.0,1706.2,1364.96,272.99
7594,90.23,19,0.0,1714.37,1714.37,342.87
7595,83.99,16,25.0,1343.84,1007.88,201.58
7596,358.78,9,5.0,3229.02,3067.57,613.51
7597,352.54,4,10.0,1410.16,1269.14,253.83
7598,476.35,7,0.0,3334.45,3334.45,666.89
7599,270.61,19,5.0,5141.59,4884.51,976.9
7600,183.47,10,15.0,1834.7,1559.49,311.9
7601,237.35,18,5.0,4272.3,4058.68,811.74
7602,228.05,20,25.0,4561.0,3420.75,684.15
7603,400.15,14,25.0,5602.1,4201.57,840.32
7604,387.4,17,20.0,6585.8,5268.64,1053.73
7605,447.99,6,15.0,2687.94,2284.75,456.95
7606,491.84,5,10.0,2459.2,2213.28,442.66
7607,340.5,19,20.0,6469.5,5175.6,1035.12
7608,186.83,11,10.0,2055.13,1849.62,369.92
7609,477.55,6,5.0,2865.3,2722.03,544.41
7610,280.42,17,25.0,4767.14,3575.36,715.07
7611,122.31,20,25.0,2446.2,1834.65,366.93
7612,189.64,19,10.0,3603.16,3242.84,648.57
7613,266.23,2,20.0,532.46,425.97,85.19
7614,346.51,4,10.0,1386.04,1247.44,249.49
7615,317.59,16,25.0,5081.44,3811.08,762.22
7616,339.97,8,25.0,2719.76,2039.82,407.96
7617,210.72,4,15.0,842.88,716.45,143.29
7618,128.87,5,15.0,644.35,547.7,109.54
7619,220.03,12,20.0,2640.36,2112.29,422.46
7620,13.85,7,20.0,96.95,77.56,15.51
7621,462.42,12,10.0,5549.04,4994.14,998.83
7622,254.6,13,25.0,3309.8,2482.35,496.47
7623,16.07,5,25.0,80.35,60.26,12.05
7624,339.07,12,15.0,4068.84,3458.51,691.7
7625,418.09,20,25.0,8361.8,6271.35,1254.27
7626,393.1,2,20.0,786.2,628.96,125.79
7627,298.61,9,20.0,2687.49,2149.99,430.0
7628,434.36,20,10.0,8687.2,7818.48,1563.7
7629,341.9,15,25.0,5128.5,3846.38,769.28
7630,62.4,6,25.0,374.4,280.8,56.16
7631,230.4,20,20.0,4608.0,3686.4,737.28
7632,205.41,5,15.0,1027.05,872.99,174.6
7633,122.33,4,20.0,489.32,391.46,78.29
7634,458.37,19,15.0,8709.03,7402.68,1480.54
7635,79.75,20,10.0,1595.0,1435.5,287.1
7636,239.67,9,25.0,2157.03,1617.77,323.55
7637,257.25,6,25.0,1543.5,1157.62,231.53
7638,275.07,9,5.0,2475.63,2351.85,470.37
7639,427.16,1,15.0,427.16,363.09,72.62
7640,41.63,4,5.0,166.52,158.19,31.64
7641,484.55,3,20.0,1453.65,1162.92,232.58
7642,117.43,4,15.0,469.72,399.26,79.85
7643,156.25,16,15.0,2500.0,2125.0,425.0
7644,262.25,12,15.0,3147.0,2674.95,534.99
7645,497.94,1,5.0,497.94,473.04,94.61
7646,291.39,18,5.0,5245.02,4982.77,996.55
7647,60.95,17,0.0,1036.15,1036.15,207.23
7648,95.61,15,25.0,1434.15,1075.61,215.12
7649,122.15,14,15.0,1710.1,1453.59,290.72
7650,320.09,17,20.0,5441.53,4353.22,870.64
7651,289.13,7,20.0,2023.91,1619.13,323.83
7652,382.41,15,0.0,5736.15,5736.15,1147.23
7653,458.87,7,0.0,3212.09,3212.09,642.42
7654,82.47,5,25.0,412.35,309.26,61.85
7655,398.07,6,25.0,2388.42,1791.32,358.26
7656,483.58,17,20.0,8220.86,6576.69,1315.34
7657,464.2,18,20.0,8355.6,6684.48,1336.9
7658,153.16,11,25.0,1684.76,1263.57,252.71
7659,151.62,19,0.0,2880.78,2880.78,576.16
7660,288.13,13,20.0,3745.69,2996.55,599.31
7661,277.29,10,10.0,2772.9,2495.61,499.12
7662,187.22,2,15.0,374.44,318.27,63.65
7663,199.51,5,15.0,997.55,847.92,169.58
7664,188.71,11,0.0,2075.81,2075.81,415.16
7665,98.23,7,15.0,687.61,584.47,116.89
7666,196.37,20,20.0,3927.4,3141.92,628.38
7667,441.72,6,5.0,2650.32,2517.8,503.56
7668,456.14,17,0.0,7754.38,7754.38,1550.88
7669,43.43,11,5.0,477.73,453.84,90.77
7670,429.32,1,10.0,429.32,386.39,77.28
7671,390.47,9,25.0,3514.23,2635.67,527.13
7672,18.28,3,15.0,54.84,46.61,9.32
7673,176.11,6,25.0,1056.66,792.5,158.5
7674,224.36,1,5.0,224.36,213.14,42.63
7675,407.9,11,15.0,4486.9,3813.86,762.77
7676,361.46,9,0.0,3253.14,3253.14,650.63
7677,30.61,15,20.0,459.15,367.32,73.46
7678,263.48,11,5.0,2898.28,2753.37,550.67
7679,6.44,6,15.0,38.64,32.84,6.57
7680,60.9,11,20.0,669.9,535.92,107.18
7681,40.29,10,20.0,402.9,322.32,64.46
7682,63.56,11,20.0,699.16,559.33,111.87
7683,111.98,19,10.0,2127.62,1914.86,382.97
7684,387.23,3,20.0,1161.69,929.35,185.87
7685,349.45,6,15.0,2096.7,1782.19,356.44
7686,159.99,13,10.0,2079.87,1871.88,374.38
7687,99.04,19,5.0,1881.76,1787.67,357.53
7688,296.83,14,15.0,4155.62,3532.28,706.46
7689,359.36,8,20.0,2874.88,2299.9,459.98
7690,495.29,13,10.0,6438.77,5794.89,1158.98
7691,31.13,16,20.0,498.08,398.46,79.69
7692,467.69,16,25.0,7483.04,5612.28,1122.46
7693,328.2,11,25.0,3610.2,2707.65,541.53
7694,483.12,20,20.0,9662.4,7729.92,1545.98
7695,140.18,14,15.0,1962.52,1668.14,333.63
7696,102.67,20,10.0,2053.4,1848.06,369.61
7697,457.77,15,15.0,6866.55,5836.57,1167.31
7698,242.29,2,0.0,484.58,484.58,96.92
7699,470.98,20,5.0,9419.6,8948.62,1789.72
7700,272.27,4,25.0,1089.08,816.81,163.36
7701,170.59,16,20.0,2729.44,2183.55,436.71
7702,22.04,16,5.0,352.64,335.01,67.0
7703,491.14,6,15.0,2946.84,2504.81,500.96
7704,342.59,19,15.0,6509.21,5532.83,1106.57
7705,133.64,15,5.0,2004.6,1904.37,380.87
7706,421.66,19,20.0,8011.54,6409.23,1281.85
7707,49.47,13,0.0,643.11,643.11,128.62
7708,19.92,10,25.0,199.2,149.4,29.88
7709,423.26,9,10.0,3809.34,3428.41,685.68
7710,119.94,8,15.0,959.52,815.59,163.12
7711,58.96,6,20.0,353.76,283.01,56.6
7712,54.96,18,0.0,989.28,989.28,197.86
7713,12.75,3,15.0,38.25,32.51,6.5
7714,493.97,15,0.0,7409.55,7409.55,1481.91
7715,23.09,10,25.0,230.9,173.18,34.64
7716,244.98,6,5.0,1469.88,1396.39,279.28
7717,272.7,19,15.0,5181.3,4404.11,880.82
7718,7.93,6,25.0,47.58,35.69,7.14
7719,106.77,2,25.0,213.54,160.16,32.03
7720,363.69,9,25.0,3273.21,2454.91,490.98
7721,25.99,20,15.0,519.8,441.83,88.37
7722,169.89,3,15.0,509.67,433.22,86.64
7723,130.26,5,10.0,651.3,586.17,117.23
7724,426.57,11,25.0,4692.27,3519.2,703.84
7725,19.83,9,15.0,178.47,151.7,30.34
7726,336.88,13,15.0,4379.44,3722.52,744.5
7727,122.88,5,5.0,614.4,583.68,116.74
7728,397.51,11,15.0,4372.61,3716.72,743.34
7729,414.89,16,20.0,6638.24,5310.59,1062.12
7730,135.56,10,20.0,1355.6,1084.48,216.9
7731,38.86,9,10.0,349.74,314.77,62.95
7732,252.46,6,10.0,1514.76,1363.28,272.66
7733,430.04,5,5.0,2150.2,2042.69,408.54
7734,12.65,14,10.0,177.1,159.39,31.88
7735,91.94,9,5.0,827.46,786.09,157.22
7736,156.14,8,25.0,1249.12,936.84,187.37
7737,138.73,2,20.0,277.46,221.97,44.39
7738,155.86,7,20.0,1091.02,872.82,174.56
7739,350.81,7,20.0,2455.67,1964.54,392.91
7740,78.55,10,25.0,785.5,589.12,117.83
7741,36.75,7,0.0,257.25,257.25,51.45
7742,239.56,8,15.0,1916.48,1629.01,325.8
7743,28.06,9,5.0,252.54,239.91,47.98
7744,343.48,20,20.0,6869.6,5495.68,1099.14
7745,493.53,5,20.0,2467.65,1974.12,394.82
7746,307.41,19,5.0,5840.79,5548.75,1109.75
7747,494.34,3,0.0,1483.02,1483.02,296.6
7748,470.26,20,5.0,9405.2,8934.94,1786.99
7749,93.25,9,15.0,839.25,713.36,142.67
7750,467.51,5,0.0,2337.55,2337.55,467.51
7751,193.2,19,25.0,3670.8,2753.1,550.62
7752,387.46,10,20.0,3874.6,3099.68,619.94
7753,441.27,17,20.0,7501.59,6001.27,1200.25
7754,430.38,14,25.0,6025.32,4518.99,903.8
7755,32.14,2,0.0,64.28,64.28,12.86
7756,82.97,9,20.0,746.73,597.38,119.48
7757,421.48,10,20.0,4214.8,3371.84,674.37
7758,388.99,12,5.0,4667.88,4434.49,886.9
7759,360.7,18,25.0,6492.6,4869.45,973.89
7760,187.56,14,10.0,2625.84,2363.26,472.65
7761,70.78,11,10.0,778.58,700.72,140.14
7762,248.18,9,10.0,2233.62,2010.26,402.05
7763,369.27,4,5.0,1477.08,1403.23,280.65
7764,17.51,5,20.0,87.55,70.04,14.01
7765,234.96,6,15.0,1409.76,1198.3,239.66
7766,275.17,3,0.0,825.51,825.51,165.1
7767,442.28,8,10.0,3538.24,3184.42,636.88
7768,188.31,14,5.0,2636.34,2504.52,500.9
7769,372.76,12,5.0,4473.12,4249.46,849.89
7770,429.26,5,0.0,2146.3,2146.3,429.26
7771,72.27,1,15.0,72.27,61.43,12.29
7772,317.25,2,25.0,634.5,475.88,95.18
7773,324.11,8,10.0,2592.88,2333.59,466.72
7774,345.34,3,25.0,1036.02,777.01,155.4
7775,385.63,18,0.0,6941.34,6941.34,1388.27
7776,252.9,14,10.0,3540.6,3186.54,637.31
7777,190.0,4,0.0,760.0,760.0,152.0
7778,135.29,20,25.0,2705.8,2029.35,405.87
7779,11.29,13,10.0,146.77,132.09,26.42
7780,273.64,1,15.0,273.64,232.59,46.52
7781,232.23,1,15.0,232.23,197.4,39.48
7782,126.0,18,15.0,2268.0,1927.8,385.56
7783,265.37,9,5.0,2388.33,2268.91,453.78
7784,63.89,4,25.0,255.56,191.67,38.33
7785,235.19,2,5.0,470.38,446.86,89.37
7786,102.38,7,15.0,716.66,609.16,121.83
7787,299.35,7,10.0,2095.45,1885.91,377.18
7788,480.19,14,10.0,6722.66,6050.39,1210.08
7789,299.14,14,0.0,4187.96,4187.96,837.59
7790,252.32,14,20.0,3532.48,2825.98,565.2
7791,79.91,6,0.0,479.46,479.46,95.89
7792,457.5,9,5.0,4117.5,3911.62,782.33
7793,77.42,5,15.0,387.1,329.04,65.81
7794,424.01,10,20.0,4240.1,3392.08,678.42
7795,100.66,5,25.0,503.3,377.47,75.49
7796,374.38,16,15.0,5990.08,5091.57,1018.31
7797,133.06,18,20.0,2395.08,1916.06,383.21
7798,187.19,2,20.0,374.38,299.5,59.9
7799,424.88,3,15.0,1274.64,1083.44,216.69
7800,481.9,10,25.0,4819.0,3614.25,722.85
7801,104.36,3,20.0,313.08,250.46,50.09
7802,384.42,16,20.0,6150.72,4920.58,984.12
7803,423.14,19,10.0,8039.66,7235.69,1447.14
7804,430.89,14,15.0,6032.46,5127.59,1025.52
7805,71.04,5,0.0,355.2,355.2,71.04
7806,348.35,20,0.0,6967.0,6967.0,1393.4
7807,417.59,6,10.0,2505.54,2254.99,451.0
7808,276.15,14,10.0,3866.1,3479.49,695.9
7809,406.2,1,20.0,406.2,324.96,64.99
7810,375.24,2,5.0,750.48,712.96,142.59
7811,259.39,2,15.0,518.78,440.96,88.19
7812,498.18,8,15.0,3985.44,3387.62,677.52
7813,23.29,16,5.0,372.64,354.01,70.8
7814,85.37,5,0.0,426.85,426.85,85.37
7815,291.26,20,5.0,5825.2,5533.94,1106.79
7816,451.42,7,20.0,3159.94,2527.95,505.59
7817,36.38,13,0.0,472.94,472.94,94.59
7818,159.5,19,20.0,3030.5,2424.4,484.88
7819,255.91,12,0.0,3070.92,3070.92,614.18
7820,406.57,4,10.0,1626.28,1463.65,292.73
7821,170.7,15,20.0,2560.5,2048.4,409.68
7822,79.34,4,10.0,317.36,285.62,57.12
7823,43.18,16,10.0,690.88,621.79,124.36
7824,191.6,7,0.0,1341.2,1341.2,268.24
7825,340.23,13,25.0,4422.99,3317.24,663.45
7826,95.23,17,20.0,1618.91,1295.13,259.03
7827,54.15,8,20.0,433.2,346.56,69.31
7828,68.23,1,10.0,68.23,61.41,12.28
7829,97.99,7,10.0,685.93,617.34,123.47
7830,416.52,20,0.0,8330.4,8330.4,1666.08
7831,50.98,6,0.0,305.88,305.88,61.18
7832,20.68,11,0.0,227.48,227.48,45.5
7833,371.93,2,10.0,743.86,669.47,133.89
7834,192.36,10,10.0,1923.6,1731.24,346.25
7835,300.88,16,10.0,4814.08,4332.67,866.53
7836,428.22,9,25.0,3853.98,2890.49,578.1
7837,22.41,12,20.0,268.92,215.14,43.03
7838,137.86,9,25.0,1240.74,930.56,186.11
7839,91.96,6,15.0,551.76,469.0,93.8
7840,489.6,8,15.0,3916.8,3329.28,665.86
7841,324.86,16,0.0,5197.76,5197.76,1039.55
7842,381.63,17,15.0,6487.71,5514.55,1102.91
7843,57.77,7,10.0,404.39,363.95,72.79
7844,445.04,16,0.0,7120.64,7120.64,1424.13
7845,334.33,6,20.0,2005.98,1604.78,320.96
7846,208.2,19,25.0,3955.8,2966.85,593.37
7847,72.8,4,0.0,291.2,291.2,58.24
7848,303.97,2,20.0,607.94,486.35,97.27
7849,270.37,3,15.0,811.11,689.44,137.89
7850,421.59,6,20.0,2529.54,2023.63,404.73
7851,186.22,8,25.0,1489.76,1117.32,223.46
7852,294.26,17,0.0,5002.42,5002.42,1000.48
7853,54.76,11,5.0,602.36,572.24,114.45
7854,418.52,6,0.0,2511.12,2511.12,502.22
7855,23.28,2,15.0,46.56,39.58,7.92
7856,138.06,13,20.0,1794.78,1435.82,287.16
7857,385.03,8,15.0,3080.24,2618.2,523.64
7858,311.28,18,25.0,5603.04,4202.28,840.46
7859,156.46,15,25.0,2346.9,1760.18,352.04
7860,290.75,6,20.0,1744.5,1395.6,279.12
7861,304.68,12,20.0,3656.16,2924.93,584.99
7862,253.2,14,0.0,3544.8,3544.8,708.96
7863,236.25,8,20.0,1890.0,1512.0,302.4
7864,482.97,6,20.0,2897.82,2318.26,463.65
7865,385.72,1,25.0,385.72,289.29,57.86
7866,110.96,15,20.0,1664.4,1331.52,266.3
7867,169.54,12,0.0,2034.48,2034.48,406.9
7868,255.01,20,5.0,5100.2,4845.19,969.04
7869,277.05,18,10.0,4986.9,4488.21,897.64
7870,371.65,14,20.0,5203.1,4162.48,832.5
7871,234.76,8,25.0,1878.08,1408.56,281.71
7872,39.36,13,15.0,511.68,434.93,86.99
7873,22.31,5,15.0,111.55,94.82,18.96
7874,9.93,5,5.0,49.65,47.17,9.43
7875,390.34,19,15.0,7416.46,6303.99,1260.8
7876,419.45,6,25.0,2516.7,1887.52,377.5
7877,454.05,20,25.0,9081.0,6810.75,1362.15
7878,224.59,12,5.0,2695.08,2560.33,512.07
7879,496.42,7,5.0,3474.94,3301.19,660.24
7880,174.95,5,5.0,874.75,831.01,166.2
7881,371.07,13,0.0,4823.91,4823.91,964.78
7882,339.68,2,0.0,679.36,679.36,135.87
7883,333.08,4,20.0,1332.32,1065.86,213.17
7884,40.04,9,25.0,360.36,270.27,54.05
7885,450.43,10,5.0,4504.3,4279.09,855.82
7886,484.5,7,20.0,3391.5,2713.2,542.64
7887,435.22,14,15.0,6093.08,5179.12,1035.82
7888,219.35,7,15.0,1535.45,1305.13,261.03
7889,77.8,19,25.0,1478.2,1108.65,221.73
7890,195.63,1,15.0,195.63,166.29,33.26
7891,272.02,14,5.0,3808.28,3617.87,723.57
7892,34.8,2,15.0,69.6,59.16,11.83
7893,53.41,18,20.0,961.38,769.1,153.82
7894,436.59,5,25.0,2182.95,1637.21,327.44
7895,398.26,4,10.0,1593.04,1433.74,286.75
7896,291.58,8,25.0,2332.64,1749.48,349.9
7897,172.18,8,0.0,1377.44,1377.44,275.49
7898,444.41,17,0.0,7554.97,7554.97,1510.99
7899,285.28,8,5.0,2282.24,2168.13,433.63
7900,374.11,16,5.0,5985.76,5686.47,1137.29
7901,148.93,14,10.0,2085.02,1876.52,375.3
7902,155.94,8,10.0,1247.52,1122.77,224.55
7903,84.86,6,25.0,509.16,381.87,76.37
7904,187.67,9,25.0,1689.03,1266.77,253.35
7905,108.35,16,20.0,1733.6,1386.88,277.38
7906,39.87,19,20.0,757.53,606.02,121.2
7907,111.51,7,10.0,780.57,702.51,140.5
7908,238.69,1,5.0,238.69,226.76,45.35
7909,90.36,6,10.0,542.16,487.94,97.59
7910,68.47,10,10.0,684.7,616.23,123.25
7911,95.45,5,10.0,477.25,429.53,85.91
7912,324.04,18,0.0,5832.72,5832.72,1166.54
7913,312.53,13,15.0,4062.89,3453.46,690.69
7914,354.57,15,25.0,5318.55,3988.91,797.78
7915,92.36,7,0.0,646.52,646.52,129.3
7916,414.63,15,0.0,6219.45,6219.45,1243.89
7917,432.1,7,25.0,3024.7,2268.53,453.71
7918,183.15,10,25.0,1831.5,1373.62,274.73
7919,133.13,4,20.0,532.52,426.02,85.2
7920,51.86,19,25.0,985.34,739.0,147.8
7921,272.65,17,10.0,4635.05,4171.54,834.31
7922,173.05,16,15.0,2768.8,2353.48,470.7
7923,359.58,17,10.0,6112.86,5501.57,1100.31
7924,178.26,3,0.0,534.78,534.78,106.96
7925,204.82,19,15.0,3891.58,3307.84,661.57
7926,48.77,3,10.0,146.31,131.68,26.34
7927,117.96,20,5.0,2359.2,2241.24,448.25
7928,146.75,19,10.0,2788.25,2509.43,501.89
7929,124.21,4,5.0,496.84,472.0,94.4
7930,284.85,8,10.0,2278.8,2050.92,410.18
7931,288.87,17,25.0,4910.79,3683.09,736.62
7932,362.74,7,25.0,2539.18,1904.39,380.88
7933,395.26,20,25.0,7905.2,5928.9,1185.78
7934,423.58,10,5.0,4235.8,4024.01,804.8
7935,119.7,4,5.0,478.8,454.86,90.97
7936,451.19,5,5.0,2255.95,2143.15,428.63
7937,464.2,19,20.0,8819.8,7055.84,1411.17
7938,287.2,12,20.0,3446.4,2757.12,551.42
7939,295.95,13,5.0,3847.35,3654.98,731.0
7940,206.93,18,10.0,3724.74,3352.27,670.45
7941,472.23,12,0.0,5666.76,5666.76,1133.35
7942,262.41,20,0.0,5248.2,5248.2,1049.64
7943,80.67,1,10.0,80.67,72.6,14.52
7944,138.24,5,0.0,691.2,691.2,138.24
7945,154.58,17,15.0,2627.86,2233.68,446.74
7946,272.67,5,0.0,1363.35,1363.35,272.67
7947,196.34,11,5.0,2159.74,2051.75,410.35
7948,474.32,9,25.0,4268.88,3201.66,640.33
7949,381.37,10,20.0,3813.7,3050.96,610.19
7950,413.22,2,0.0,826.44,826.44,165.29
7951,103.87,7,0.0,727.09,727.09,145.42
7952,145.56,6,10.0,873.36,786.02,157.2
7953,406.15,8,25.0,3249.2,2436.9,487.38
7954,232.03,8,15.0,1856.24,1577.8,315.56
7955,284.12,12,0.0,3409.44,3409.44,681.89
7956,309.09,4,20.0,1236.36,989.09,197.82
7957,479.46,15,25.0,7191.9,5393.92,1078.78
7958,18.26,5,0.0,91.3,91.3,18.26
7959,423.47,8,25.0,3387.76,2540.82,508.16
7960,410.97,5,5.0,2054.85,1952.11,390.42
7961,466.73,14,10.0,6534.22,5880.8,1176.16
7962,68.09,8,10.0,544.72,490.25,98.05
7963,79.37,13,0.0,1031.81,1031.81,206.36
7964,462.46,10,25.0,4624.6,3468.45,693.69
7965,210.98,5,20.0,1054.9,843.92,168.78
7966,154.29,3,5.0,462.87,439.73,87.95
7967,101.94,10,15.0,1019.4,866.49,173.3
7968,481.96,4,25.0,1927.84,1445.88,289.18
7969,177.4,16,15.0,2838.4,2412.64,482.53
7970,325.88,16,20.0,5214.08,4171.26,834.25
7971,54.57,12,10.0,654.84,589.36,117.87
7972,386.28,19,5.0,7339.32,6972.35,1394.47
7973,262.7,9,20.0,2364.3,1891.44,378.29
7974,309.88,4,25.0,1239.52,929.64,185.93
7975,303.69,14,25.0,4251.66,3188.74,637.75
7976,41.09,12,0.0,493.08,493.08,98.62
7977,433.94,13,20.0,5641.22,4512.98,902.6
7978,117.04,8,10.0,936.32,842.69,168.54
7979,392.12,6,20.0,2352.72,1882.18,376.44
7980,309.07,9,20.0,2781.63,2225.3,445.06
7981,137.96,19,20.0,2621.24,2096.99,419.4
7982,117.11,8,5.0,936.88,890.04,178.01
7983,303.33,17,5.0,5156.61,4898.78,979.76
7984,201.34,14,20.0,2818.76,2255.01,451.0
7985,338.47,11,5.0,3723.17,3537.01,707.4
7986,347.42,14,20.0,4863.88,3891.1,778.22
7987,138.31,14,5.0,1936.34,1839.52,367.9
7988,495.77,18,25.0,8923.86,6692.9,1338.58
7989,332.89,13,10.0,4327.57,3894.81,778.96
7990,335.91,4,25.0,1343.64,1007.73,201.55
7991,120.29,2,15.0,240.58,204.49,40.9
7992,115.31,2,5.0,230.62,219.09,43.82
7993,211.23,4,20.0,844.92,675.94,135.19
7994,124.6,3,20.0,373.8,299.04,59.81
7995,129.77,9,0.0,1167.93,1167.93,233.59
7996,285.71,15,25.0,4285.65,3214.24,642.85
7997,411.5,14,5.0,5761.0,5472.95,1094.59
7998,366.66,6,25.0,2199.96,1649.97,329.99
7999,78.97,3,15.0,236.91,201.37,40.27
8000,478.02,17,15.0,8126.34,6907.39,1381.48
8001,396.22,20,20.0,7924.4,6339.52,1267.9
8002,11.58,4,20.0,46.32,37.06,7.41
8003,21.13,2,15.0,42.26,35.92,7.18
8004,491.56,1,20.0,491.56,393.25,78.65
8005,249.04,6,0.0,1494.24,1494.24,298.85
8006,199.1,9,20.0,1791.9,1433.52,286.7
8007,228.58,8,10.0,1828.64,1645.78,329.16
8008,367.68,19,15.0,6985.92,5938.03,1187.61
8009,370.92,2,25.0,741.84,556.38,111.28
8010,195.11,14,15.0,2731.54,2321.81,464.36
8011,410.38,7,25.0,2872.66,2154.49,430.9
8012,84.88,10,10.0,848.8,763.92,152.78
8013,351.06,4,5.0,1404.24,1334.03,266.81
8014,144.5,14,25.0,2023.0,1517.25,303.45
8015,193.0,6,25.0,1158.0,868.5,173.7
8016,29.59,8,20.0,236.72,189.38,37.88
8017,185.09,19,5.0,3516.71,3340.87,668.17
8018,103.66,9,10.0,932.94,839.65,167.93
8019,381.44,11,20.0,4195.84,3356.67,671.33
8020,479.68,13,10.0,6235.84,5612.26,1122.45
8021,61.94,7,10.0,433.58,390.22,78.04
8022,318.01,3,20.0,954.03,763.22,152.64
8023,72.02,12,10.0,864.24,777.82,155.56
8024,353.26,13,0.0,4592.38,4592.38,918.48
8025,193.51,20,10.0,3870.2,3483.18,696.64
8026,314.85,4,5.0,1259.4,1196.43,239.29
8027,171.55,2,20.0,343.1,274.48,54.9
8028,257.69,3,5.0,773.07,734.42,146.88
8029,284.5,11,20.0,3129.5,2503.6,500.72
8030,393.69,7,0.0,2755.83,2755.83,551.17
8031,33.88,12,15.0,406.56,345.58,69.12
8032,436.43,19,10.0,8292.17,7462.95,1492.59
8033,229.72,15,15.0,3445.8,2928.93,585.79
8034,423.13,16,0.0,6770.08,6770.08,1354.02
8035,232.83,10,5.0,2328.3,2211.89,442.38
8036,92.96,4,15.0,371.84,316.06,63.21
8037,295.82,15,0.0,4437.3,4437.3,887.46
8038,188.22,8,5.0,1505.76,1430.47,286.09
8039,260.31,2,20.0,520.62,416.5,83.3
8040,416.34,11,20.0,4579.74,3663.79,732.76
8041,404.44,11,0.0,4448.84,4448.84,889.77
8042,392.64,15,20.0,5889.6,4711.68,942.34
8043,281.76,2,5.0,563.52,535.34,107.07
8044,290.82,4,0.0,1163.28,1163.28,232.66
8045,283.61,18,15.0,5104.98,4339.23,867.85
8046,349.74,14,15.0,4896.36,4161.91,832.38
8047,7.22,5,20.0,36.1,28.88,5.78
8048,351.97,9,15.0,3167.73,2692.57,538.51
8049,244.09,5,5.0,1220.45,1159.43,231.89
8050,438.14,3,20.0,1314.42,1051.54,210.31
8051,189.59,7,25.0,1327.13,995.35,199.07
8052,476.82,4,10.0,1907.28,1716.55,343.31
8053,150.52,19,15.0,2859.88,2430.9,486.18
8054,16.27,8,10.0,130.16,117.14,23.43
8055,36.05,9,15.0,324.45,275.78,55.16
8056,231.65,11,0.0,2548.15,2548.15,509.63
8057,164.42,6,5.0,986.52,937.19,187.44
8058,289.72,10,10.0,2897.2,2607.48,521.5
8059,298.89,4,15.0,1195.56,1016.23,203.25
8060,38.9,16,15.0,622.4,529.04,105.81
8061,297.34,1,20.0,297.34,237.87,47.57
8062,240.15,9,25.0,2161.35,1621.01,324.2
8063,336.16,9,15.0,3025.44,2571.62,514.32
8064,94.6,10,5.0,946.0,898.7,179.74
8065,248.02,9,25.0,2232.18,1674.14,334.83
8066,342.04,18,20.0,6156.72,4925.38,985.08
8067,106.54,5,15.0,532.7,452.8,90.56
8068,176.53,11,20.0,1941.83,1553.46,310.69
8069,269.87,17,15.0,4587.79,3899.62,779.92
8070,153.52,19,0.0,2916.88,2916.88,583.38
8071,31.3,4,10.0,125.2,112.68,22.54
8072,87.14,6,0.0,522.84,522.84,104.57
8073,73.91,2,25.0,147.82,110.86,22.17
8074,108.88,14,5.0,1524.32,1448.1,289.62
8075,262.84,2,5.0,525.68,499.4,99.88
8076,371.72,4,15.0,1486.88,1263.85,252.77
8077,159.74,11,20.0,1757.14,1405.71,281.14
8078,473.45,2,20.0,946.9,757.52,151.5
8079,129.02,16,10.0,2064.32,1857.89,371.58
8080,404.68,6,10.0,2428.08,2185.27,437.05
8081,328.51,2,25.0,657.02,492.76,98.55
8082,18.7,10,25.0,187.0,140.25,28.05
8083,450.69,14,0.0,6309.66,6309.66,1261.93
8084,230.36,14,25.0,3225.04,2418.78,483.76
8085,194.66,7,20.0,1362.62,1090.1,218.02
8086,422.27,14,0.0,5911.78,5911.78,1182.36
8087,469.67,15,0.0,7045.05,7045.05,1409.01
8088,441.87,19,0.0,8395.53,8395.53,1679.11
8089,234.96,8,20.0,1879.68,1503.74,300.75
8090,475.03,20,10.0,9500.6,8550.54,1710.11
8091,5.72,2,0.0,11.44,11.44,2.29
8092,460.18,19,20.0,8743.42,6994.74,1398.95
8093,274.16,3,25.0,822.48,616.86,123.37
8094,122.41,9,10.0,1101.69,991.52,198.3
8095,277.96,2,20.0,555.92,444.74,88.95
8096,99.69,15,15.0,1495.35,1271.05,254.21
8097,79.91,5,5.0,399.55,379.57,75.91
8098,60.16,6,10.0,360.96,324.86,64.97
8099,55.87,16,0.0,893.92,893.92,178.78
8100,68.65,11,0.0,755.15,755.15,151.03
8101,194.01,5,5.0,970.05,921.55,184.31
8102,97.57,14,0.0,1365.98,1365.98,273.2
8103,87.97,7,0.0,615.79,615.79,123.16
8104,108.2,2,25.0,216.4,162.3,32.46
8105,65.91,7,20.0,461.37,369.1,73.82
8106,65.78,19,20.0,1249.82,999.86,199.97
8107,44.37,5,25.0,221.85,166.39,33.28
8108,313.64,14,15.0,4390.96,3732.32,746.46
8109,235.19,20,20.0,4703.8,3763.04,752.61
8110,279.78,14,15.0,3916.92,3329.38,665.88
8111,457.53,4,10.0,1830.12,1647.11,329.42
8112,81.49,1,20.0,81.49,65.19,13.04
8113,478.48,7,0.0,3349.36,3349.36,669.87
8114,133.21,1,10.0,133.21,119.89,23.98
8115,271.49,5,20.0,1357.45,1085.96,217.19
8116,42.82,5,5.0,214.1,203.39,40.68
8117,148.64,2,25.0,297.28,222.96,44.59
8118,350.68,7,5.0,2454.76,2332.02,466.4
8119,346.44,9,5.0,3117.96,2962.06,592.41
8120,278.41,18,5.0,5011.38,4760.81,952.16
8121,384.31,4,25.0,1537.24,1152.93,230.59
8122,99.71,3,15.0,299.13,254.26,50.85
8123,257.58,10,20.0,2575.8,2060.64,412.13
8124,419.56,5,5.0,2097.8,1992.91,398.58
8125,352.69,17,10.0,5995.73,5396.16,1079.23
8126,117.63,19,25.0,2234.97,1676.23,335.25
8127,182.64,5,5.0,913.2,867.54,173.51
8128,254.79,9,15.0,2293.11,1949.14,389.83
8129,130.86,4,25.0,523.44,392.58,78.52
8130,228.03,9,20.0,2052.27,1641.82,328.36
8131,401.57,14,15.0,5621.98,4778.68,955.74
8132,232.17,20,15.0,4643.4,3946.89,789.38
8133,130.95,20,10.0,2619.0,2357.1,471.42
8134,241.84,17,25.0,4111.28,3083.46,616.69
8135,87.04,16,25.0,1392.64,1044.48,208.9
8136,254.18,9,20.0,2287.62,1830.1,366.02
8137,430.82,17,15.0,7323.94,6225.35,1245.07
8138,285.79,3,0.0,857.37,857.37,171.47
8139,190.38,16,5.0,3046.08,2893.78,578.76
8140,91.55,13,25.0,1190.15,892.61,178.52
8141,36.51,20,25.0,730.2,547.65,109.53
8142,170.5,13,10.0,2216.5,1994.85,398.97
8143,482.39,9,20.0,4341.51,3473.21,694.64
8144,397.05,16,20.0,6352.8,5082.24,1016.45
8145,33.21,20,20.0,664.2,531.36,106.27
8146,86.17,12,20.0,1034.04,827.23,165.45
8147,411.99,4,15.0,1647.96,1400.77,280.15
8148,62.22,4,5.0,248.88,236.44,47.29
8149,141.35,10,20.0,1413.5,1130.8,226.16
8150,188.48,9,20.0,1696.32,1357.06,271.41
8151,376.54,4,20.0,1506.16,1204.93,240.99
8152,234.99,9,5.0,2114.91,2009.16,401.83
8153,232.54,12,5.0,2790.48,2650.96,530.19
8154,181.23,20,15.0,3624.6,3080.91,616.18
8155,53.86,6,20.0,323.16,258.53,51.71
8156,238.69,19,10.0,4535.11,4081.6,816.32
8157,474.04,12,20.0,5688.48,4550.78,910.16
8158,49.65,7,10.0,347.55,312.8,62.56
8159,438.09,3,10.0,1314.27,1182.84,236.57
8160,59.7,1,0.0,59.7,59.7,11.94
8161,344.6,16,5.0,5513.6,5237.92,1047.58
8162,168.53,18,15.0,3033.54,2578.51,515.7
8163,303.18,4,5.0,1212.72,1152.08,230.42
8164,228.4,7,0.0,1598.8,1598.8,319.76
8165,482.84,8,10.0,3862.72,3476.45,695.29
8166,441.55,13,10.0,5740.15,5166.14,1033.23
8167,437.65,1,20.0,437.65,350.12,70.02
8168,449.89,1,10.0,449.89,404.9,80.98
8169,342.39,9,5.0,3081.51,2927.43,585.49
8170,13.35,2,15.0,26.7,22.7,4.54
8171,467.05,14,0.0,6538.7,6538.7,1307.74
8172,465.76,8,10.0,3726.08,3353.47,670.69
8173,245.41,1,20.0,245.41,196.33,39.27
8174,266.43,16,10.0,4262.88,3836.59,767.32
8175,167.9,19,25.0,3190.1,2392.57,478.51
8176,297.17,13,0.0,3863.21,3863.21,772.64
8177,275.92,19,20.0,5242.48,4193.98,838.8
8178,429.08,1,5.0,429.08,407.63,81.53
8179,214.76,14,20.0,3006.64,2405.31,481.06
8180,403.75,7,5.0,2826.25,2684.94,536.99
8181,245.08,13,25.0,3186.04,2389.53,477.91
8182,106.11,12,5.0,1273.32,1209.65,241.93
8183,387.94,3,5.0,1163.82,1105.63,221.13
8184,453.3,9,20.0,4079.7,3263.76,652.75
8185,417.74,10,10.0,4177.4,3759.66,751.93
8186,28.43,11,20.0,312.73,250.18,50.04
8187,336.27,8,0.0,2690.16,2690.16,538.03
8188,393.12,4,5.0,1572.48,1493.86,298.77
8189,126.96,19,5.0,2412.24,2291.63,458.33
8190,72.27,2,15.0,144.54,122.86,24.57
8191,352.35,2,10.0,704.7,634.23,126.85
8192,19.98,13,10.0,259.74,233.77,46.75
8193,13.03,17,15.0,221.51,188.28,37.66
8194,202.54,5,20.0,1012.7,810.16,162.03
8195,372.15,5,10.0,1860.75,1674.67,334.94
8196,473.32,3,25.0,1419.96,1064.97,212.99
8197,264.03,7,25.0,1848.21,1386.16,277.23
8198,395.61,5,15.0,1978.05,1681.34,336.27
8199,165.94,16,25.0,2655.04,1991.28,398.26
8200,223.98,13,5.0,2911.74,2766.15,553.23
8201,47.18,11,5.0,518.98,493.03,98.61
8202,385.18,13,0.0,5007.34,5007.34,1001.47
8203,155.1,3,5.0,465.3,442.03,88.41
8204,429.05,1,20.0,429.05,343.24,68.65
8205,475.08,6,25.0,2850.48,2137.86,427.57
8206,467.13,13,20.0,6072.69,4858.15,971.63
8207,331.69,7,5.0,2321.83,2205.74,441.15
8208,163.4,16,0.0,2614.4,2614.4,522.88
8209,200.14,14,15.0,2801.96,2381.67,476.33
8210,489.31,17,0.0,8318.27,8318.27,1663.65
8211,461.9,19,25.0,8776.1,6582.08,1316.42
8212,235.2,9,5.0,2116.8,2010.96,402.19
8213,300.24,8,15.0,2401.92,2041.63,408.33
8214,54.29,14,5.0,760.06,722.06,144.41
8215,461.47,9,5.0,4153.23,3945.57,789.11
8216,202.6,15,20.0,3039.0,2431.2,486.24
8217,463.97,10,0.0,4639.7,4639.7,927.94
8218,111.37,4,25.0,445.48,334.11,66.82
8219,490.88,3,20.0,1472.64,1178.11,235.62
8220,210.31,9,15.0,1892.79,1608.87,321.77
8221,68.43,3,15.0,205.29,174.5,34.9
8222,366.12,11,15.0,4027.32,3423.22,684.64
8223,314.98,19,0.0,5984.62,5984.62,1196.92
8224,303.91,10,25.0,3039.1,2279.33,455.87
8225,403.15,18,15.0,7256.7,6168.19,1233.64
8226,118.07,1,25.0,118.07,88.55,17.71
8227,468.59,12,5.0,5623.08,5341.93,1068.39
8228,435.03,13,10.0,5655.39,5089.85,1017.97
8229,406.96,14,25.0,5697.44,4273.08,854.62
8230,498.89,5,5.0,2494.45,2369.73,473.95
8231,496.52,10,10.0,4965.2,4468.68,893.74
8232,105.03,12,25.0,1260.36,945.27,189.05
8233,272.24,15,0.0,4083.6,4083.6,816.72
8234,414.29,18,20.0,7457.22,5965.78,1193.16
8235,116.14,1,0.0,116.14,116.14,23.23
8236,263.7,2,5.0,527.4,501.03,100.21
8237,19.12,4,20.0,76.48,61.18,12.24
8238,356.79,7,0.0,2497.53,2497.53,499.51
8239,227.64,16,5.0,3642.24,3460.13,692.03
8240,375.76,8,25.0,3006.08,2254.56,450.91
8241,86.18,3,15.0,258.54,219.76,43.95
8242,360.18,9,20.0,3241.62,2593.3,518.66
8243,134.54,10,25.0,1345.4,1009.05,201.81
8244,379.91,17,15.0,6458.47,5489.7,1097.94
8245,90.21,11,25.0,992.31,744.23,148.85
8246,310.67,9,5.0,2796.03,2656.23,531.25
8247,149.36,15,0.0,2240.4,2240.4,448.08
8248,396.92,14,25.0,5556.88,4167.66,833.53
8249,305.58,1,0.0,305.58,305.58,61.12
8250,175.41,10,15.0,1754.1,1490.98,298.2
8251,347.33,17,10.0,5904.61,5314.15,1062.83
8252,173.2,2,5.0,346.4,329.08,65.82
8253,497.43,11,5.0,5471.73,5198.14,1039.63
8254,324.83,17,5.0,5522.11,5246.0,1049.2
8255,6.71,10,5.0,67.1,63.74,12.75
8256,99.85,7,0.0,698.95,698.95,139.79
8257,62.96,12,25.0,755.52,566.64,113.33
8258,299.71,12,10.0,3596.52,3236.87,647.37
8259,459.02,14,20.0,6426.28,5141.02,1028.2
8260,488.34,15,15.0,7325.1,6226.33,1245.27
8261,298.0,4,10.0,1192.0,1072.8,214.56
8262,346.81,5,20.0,1734.05,1387.24,277.45
8263,85.04,1,0.0,85.04,85.04,17.01
8264,429.24,3,5.0,1287.72,1223.33,244.67
8265,6.71,7,10.0,46.97,42.27,8.45
8266,60.69,13,15.0,788.97,670.62,134.12
8267,427.45,9,15.0,3847.05,3269.99,654.0
8268,448.12,7,20.0,3136.84,2509.47,501.89
8269,100.81,8,15.0,806.48,685.51,137.1
8270,457.24,2,20.0,914.48,731.58,146.32
8271,406.14,15,25.0,6092.1,4569.07,913.82
8272,433.12,16,10.0,6929.92,6236.93,1247.39
8273,56.3,2,25.0,112.6,84.45,16.89
8274,68.64,10,5.0,686.4,652.08,130.42
8275,107.03,6,0.0,642.18,642.18,128.44
8276,85.95,1,25.0,85.95,64.46,12.89
8277,471.12,4,0.0,1884.48,1884.48,376.9
8278,149.45,17,25.0,2540.65,1905.49,381.1
8279,353.54,5,25.0,1767.7,1325.78,265.16
8280,346.74,3,5.0,1040.22,988.21,197.64
8281,138.05,5,20.0,690.25,552.2,110.44
8282,181.9,3,15.0,545.7,463.85,92.77
8283,96.72,11,0.0,1063.92,1063.92,212.78
8284,493.91,8,10.0,3951.28,3556.15,711.23
8285,205.57,2,10.0,411.14,370.03,74.01
8286,91.4,15,5.0,1371.0,1302.45,260.49
8287,314.78,2,25.0,629.56,472.17,94.43
8288,306.03,11,5.0,3366.33,3198.01,639.6
8289,467.77,6,25.0,2806.62,2104.97,420.99
8290,414.92,7,0.0,2904.44,2904.44,580.89
8291,220.17,8,0.0,1761.36,1761.36,352.27
8292,205.68,17,0.0,3496.56,3496.56,699.31
8293,304.3,13,0.0,3955.9,3955.9,791.18
8294,298.62,14,25.0,4180.68,3135.51,627.1
8295,453.71,5,20.0,2268.55,1814.84,362.97
8296,495.63,9,0.0,4460.67,4460.67,892.13
8297,132.61,12,20.0,1591.32,1273.06,254.61
8298,229.56,12,5.0,2754.72,2616.98,523.4
8299,284.28,8,0.0,2274.24,2274.24,454.85
8300,390.67,15,0.0,5860.05,5860.05,1172.01
8301,463.76,1,10.0,463.76,417.38,83.48
8302,297.64,11,5.0,3274.04,3110.34,622.07
8303,264.52,15,15.0,3967.8,3372.63,674.53
8304,399.39,9,10.0,3594.51,3235.06,647.01
8305,158.41,12,15.0,1900.92,1615.78,323.16
8306,258.06,10,25.0,2580.6,1935.45,387.09
8307,114.48,10,0.0,1144.8,1144.8,228.96
8308,491.51,19,15.0,9338.69,7937.89,1587.58
8309,482.47,12,15.0,5789.64,4921.19,984.24
8310,29.72,20,20.0,594.4,475.52,95.1
8311,273.21,5,10.0,1366.05,1229.44,245.89
8312,284.29,1,20.0,284.29,227.43,45.49
8313,376.38,13,5.0,4892.94,4648.29,929.66
8314,298.74,10,15.0,2987.4,2539.29,507.86
8315,407.23,14,20.0,5701.22,4560.98,912.2
8316,94.56,17,5.0,1607.52,1527.14,305.43
8317,426.12,13,10.0,5539.56,4985.6,997.12
8318,290.05,4,5.0,1160.2,1102.19,220.44
8319,284.82,7,5.0,1993.74,1894.05,378.81
8320,267.02,1,20.0,267.02,213.62,42.72
8321,388.74,12,5.0,4664.88,4431.64,886.33
8322,169.2,2,15.0,338.4,287.64,57.53
8323,487.44,6,15.0,2924.64,2485.94,497.19
8324,405.92,20,10.0,8118.4,7306.56,1461.31
8325,348.58,3,0.0,1045.74,1045.74,209.15
8326,259.95,12,5.0,3119.4,2963.43,592.69
8327,196.63,1,15.0,196.63,167.14,33.43
8328,106.54,17,25.0,1811.18,1358.38,271.68
8329,294.99,2,15.0,589.98,501.48,100.3
8330,106.22,20,15.0,2124.4,1805.74,361.15
8331,107.94,15,5.0,1619.1,1538.14,307.63
8332,205.87,10,25.0,2058.7,1544.02,308.81
8333,87.73,10,25.0,877.3,657.98,131.59
8334,123.76,1,10.0,123.76,111.38,22.28
8335,356.68,6,20.0,2140.08,1712.06,342.41
8336,415.19,15,0.0,6227.85,6227.85,1245.57
8337,496.45,12,10.0,5957.4,5361.66,1072.33
8338,184.62,14,0.0,2584.68,2584.68,516.94
8339,337.83,14,25.0,4729.62,3547.22,709.44
8340,364.11,7,20.0,2548.77,2039.02,407.8
8341,178.76,1,0.0,178.76,178.76,35.75
8342,264.95,9,10.0,2384.55,2146.09,429.22
8343,169.1,14,15.0,2367.4,2012.29,402.46
8344,91.04,5,20.0,455.2,364.16,72.83
8345,93.03,3,15.0,279.09,237.23,47.45
8346,96.64,8,10.0,773.12,695.81,139.16
8347,139.98,20,10.0,2799.6,2519.64,503.93
8348,478.94,17,0.0,8141.98,8141.98,1628.4
8349,238.09,9,0.0,2142.81,2142.81,428.56
8350,62.0,2,0.0,124.0,124.0,24.8
8351,124.07,17,0.0,2109.19,2109.19,421.84
8352,75.03,17,20.0,1275.51,1020.41,204.08
8353,307.81,11,5.0,3385.91,3216.61,643.32
8354,271.78,9,0.0,2446.02,2446.02,489.2
8355,333.84,6,25.0,2003.04,1502.28,300.46
8356,92.13,12,25.0,1105.56,829.17,165.83
8357,374.01,3,25.0,1122.03,841.52,168.3
8358,300.44,10,5.0,3004.4,2854.18,570.84
8359,65.47,14,15.0,916.58,779.09,155.82
8360,199.99,14,0.0,2799.86,2799.86,559.97
8361,334.39,19,20.0,6353.41,5082.73,1016.55
8362,159.97,14,10.0,2239.58,2015.62,403.12
8363,199.48,18,0.0,3590.64,3590.64,718.13
8364,12.31,17,10.0,209.27,188.34,37.67
8365,274.68,8,25.0,2197.44,1648.08,329.62
8366,390.35,20,0.0,7807.0,7807.0,1561.4
8367,452.96,3,25.0,1358.88,1019.16,203.83
8368,164.53,17,15.0,2797.01,2377.46,475.49
8369,377.5,12,0.0,4530.0,4530.0,906.0
8370,276.22,16,15.0,4419.52,3756.59,751.32
8371,342.8,10,20.0,3428.0,2742.4,548.48
8372,7.81,3,15.0,23.43,19.92,3.98
8373,466.11,8,5.0,3728.88,3542.44,708.49
8374,155.67,13,10.0,2023.71,1821.34,364.27
8375,218.33,19,15.0,4148.27,3526.03,705.21
8376,477.9,17,25.0,8124.3,6093.22,1218.64
8377,100.01,10,0.0,1000.1,1000.1,200.02
8378,67.44,5,15.0,337.2,286.62,57.32
8379,415.49,18,5.0,7478.82,7104.88,1420.98
8380,428.26,14,20.0,5995.64,4796.51,959.3
8381,265.5,10,25.0,2655.0,1991.25,398.25
8382,61.04,2,20.0,122.08,97.66,19.53
8383,305.37,15,5.0,4580.55,4351.52,870.3
8384,265.12,12,15.0,3181.44,2704.22,540.84
8385,201.01,19,15.0,3819.19,3246.31,649.26
8386,204.91,3,20.0,614.73,491.78,98.36
8387,108.81,2,20.0,217.62,174.1,34.82
8388,251.37,6,25.0,1508.22,1131.16,226.23
8389,313.71,3,5.0,941.13,894.07,178.81
8390,266.38,13,25.0,3462.94,2597.2,519.44
8391,238.27,4,15.0,953.08,810.12,162.02
8392,89.7,3,10.0,269.1,242.19,48.44
8393,67.35,4,25.0,269.4,202.05,40.41
8394,257.63,4,5.0,1030.52,978.99,195.8
8395,281.56,9,0.0,2534.04,2534.04,506.81
8396,359.4,2,10.0,718.8,646.92,129.38
8397,138.98,18,20.0,2501.64,2001.31,400.26
8398,190.45,18,0.0,3428.1,3428.1,685.62
8399,167.25,18,5.0,3010.5,2859.97,572.0
8400,259.52,7,5.0,1816.64,1725.81,345.16
8401,194.34,12,15.0,2332.08,1982.27,396.45
8402,453.46,10,25.0,4534.6,3400.95,680.19
8403,205.54,4,0.0,822.16,822.16,164.43
8404,113.74,4,0.0,454.96,454.96,90.99
8405,178.8,8,20.0,1430.4,1144.32,228.86
8406,370.68,11,10.0,4077.48,3669.73,733.95
8407,473.02,10,0.0,4730.2,4730.2,946.04
8408,110.62,6,0.0,663.72,663.72,132.74
8409,274.93,2,15.0,549.86,467.38,93.48
8410,255.43,20,25.0,5108.6,3831.45,766.29
8411,94.47,17,25.0,1605.99,1204.49,240.9
8412,102.16,13,25.0,1328.08,996.06,199.21
8413,56.63,14,0.0,792.82,792.82,158.56
8414,407.81,3,5.0,1223.43,1162.26,232.45
8415,123.48,3,15.0,370.44,314.87,62.97
8416,180.56,14,25.0,2527.84,1895.88,379.18
8417,400.4,17,15.0,6806.8,5785.78,1157.16
8418,259.31,10,20.0,2593.1,2074.48,414.9
8419,216.02,6,15.0,1296.12,1101.7,220.34
8420,267.48,16,10.0,4279.68,3851.71,770.34
8421,263.77,14,20.0,3692.78,2954.22,590.84
8422,483.14,1,20.0,483.14,386.51,77.3
8423,372.71,2,5.0,745.42,708.15,141.63
8424,241.8,1,5.0,241.8,229.71,45.94
8425,367.22,7,10.0,2570.54,2313.49,462.7
8426,96.31,6,25.0,577.86,433.39,86.68
8427,127.45,14,15.0,1784.3,1516.65,303.33
8428,448.36,1,0.0,448.36,448.36,89.67
8429,66.48,20,0.0,1329.6,1329.6,265.92
8430,290.98,15,0.0,4364.7,4364.7,872.94
8431,19.13,15,5.0,286.95,272.6,54.52
8432,407.91,14,15.0,5710.74,4854.13,970.83
8433,193.8,10,0.0,1938.0,1938.0,387.6
8434,364.45,18,20.0,6560.1,5248.08,1049.62
8435,443.7,3,5.0,1331.1,1264.54,252.91
8436,300.53,6,0.0,1803.18,1803.18,360.64
8437,79.97,10,25.0,799.7,599.78,119.96
8438,252.35,9,20.0,2271.15,1816.92,363.38
8439,396.61,13,15.0,5155.93,4382.54,876.51
8440,419.61,20,20.0,8392.2,6713.76,1342.75
8441,26.22,9,10.0,235.98,212.38,42.48
8442,277.27,12,5.0,3327.24,3160.88,632.18
8443,131.74,13,25.0,1712.62,1284.47,256.89
8444,422.44,9,5.0,3801.96,3611.86,722.37
8445,118.04,1,25.0,118.04,88.53,17.71
8446,84.51,17,20.0,1436.67,1149.34,229.87
8447,26.96,17,10.0,458.32,412.49,82.5
8448,348.97,20,5.0,6979.4,6630.43,1326.09
8449,163.6,8,20.0,1308.8,1047.04,209.41
8450,12.49,14,5.0,174.86,166.12,33.22
8451,15.13,1,5.0,15.13,14.37,2.87
8452,122.99,19,15.0,2336.81,1986.29,397.26
8453,444.94,12,0.0,5339.28,5339.28,1067.86
8454,481.63,10,20.0,4816.3,3853.04,770.61
8455,57.86,11,20.0,636.46,509.17,101.83
8456,13.68,8,5.0,109.44,103.97,20.79
8457,202.55,4,10.0,810.2,729.18,145.84
8458,106.86,14,25.0,1496.04,1122.03,224.41
8459,370.63,13,15.0,4818.19,4095.46,819.09
8460,404.73,7,15.0,2833.11,2408.14,481.63
8461,103.63,18,25.0,1865.34,1399.0,279.8
8462,310.23,13,10.0,4032.99,3629.69,725.94
8463,120.18,15,5.0,1802.7,1712.57,342.51
8464,339.25,12,20.0,4071.0,3256.8,651.36
8465,82.16,15,15.0,1232.4,1047.54,209.51
8466,178.7,20,0.0,3574.0,3574.0,714.8
8467,478.07,11,25.0,5258.77,3944.08,788.82
8468,395.41,16,10.0,6326.56,5693.9,1138.78
8469,127.84,3,10.0,383.52,345.17,69.03
8470,333.44,1,5.0,333.44,316.77,63.35
8471,8.21,20,15.0,164.2,139.57,27.91
8472,75.38,3,10.0,226.14,203.53,40.71
8473,151.3,3,25.0,453.9,340.43,68.09
8474,236.37,20,5.0,4727.4,4491.03,898.21
8475,149.22,17,20.0,2536.74,2029.39,405.88
8476,471.38,16,0.0,7542.08,7542.08,1508.42
8477,128.72,15,5.0,1930.8,1834.26,366.85
8478,51.25,1,5.0,51.25,48.69,9.74
8479,290.86,17,20.0,4944.62,3955.7,791.14
8480,384.05,10,5.0,3840.5,3648.47,729.7
8481,279.35,18,0.0,5028.3,5028.3,1005.66
8482,275.35,11,20.0,3028.85,2423.08,484.62
8483,374.42,1,10.0,374.42,336.98,67.4
8484,289.72,17,25.0,4925.24,3693.93,738.79
8485,443.86,16,25.0,7101.76,5326.32,1065.26
8486,77.8,10,25.0,778.0,583.5,116.7
8487,420.45,19,0.0,7988.55,7988.55,1597.71
8488,121.4,9,15.0,1092.6,928.71,185.74
8489,368.53,17,15.0,6265.01,5325.26,1065.05
8490,311.44,19,15.0,5917.36,5029.76,1005.95
8491,405.63,20,5.0,8112.6,7706.97,1541.39
8492,49.82,4,25.0,199.28,149.46,29.89
8493,324.89,3,10.0,974.67,877.2,175.44
8494,132.98,17,10.0,2260.66,2034.59,406.92
8495,491.58,1,5.0,491.58,467.0,93.4
8496,433.28,10,15.0,4332.8,3682.88,736.58
8497,129.69,8,5.0,1037.52,985.64,197.13
8498,495.75,20,5.0,9915.0,9419.25,1883.85
8499,288.1,17,25.0,4897.7,3673.28,734.66
8500,136.95,9,0.0,1232.55,1232.55,246.51
8501,484.58,18,5.0,8722.44,8286.32,1657.26
8502,424.13,18,20.0,7634.34,6107.47,1221.49
8503,280.94,1,0.0,280.94,280.94,56.19
8504,425.19,10,5.0,4251.9,4039.3,807.86
8505,480.54,15,10.0,7208.1,6487.29,1297.46
8506,82.81,19,25.0,1573.39,1180.04,236.01
8507,150.58,5,5.0,752.9,715.26,143.05
8508,136.51,9,25.0,1228.59,921.44,184.29
8509,43.28,7,10.0,302.96,272.66,54.53
8510,174.89,16,20.0,2798.24,2238.59,447.72
8511,412.96,13,20.0,5368.48,4294.78,858.96
8512,102.9,10,25.0,1029.0,771.75,154.35
8513,273.44,14,15.0,3828.16,3253.94,650.79
8514,251.42,13,10.0,3268.46,2941.61,588.32
8515,5.66,16,5.0,90.56,86.03,17.21
8516,125.13,10,5.0,1251.3,1188.73,237.75
8517,488.0,14,20.0,6832.0,5465.6,1093.12
8518,281.03,20,25.0,5620.6,4215.45,843.09
8519,458.9,20,0.0,9178.0,9178.0,1835.6
8520,374.28,3,10.0,1122.84,1010.56,202.11
8521,160.52,2,15.0,321.04,272.88,54.58
8522,403.62,17,20.0,6861.54,5489.23,1097.85
8523,219.48,17,10.0,3731.16,3358.04,671.61
8524,147.08,5,25.0,735.4,551.55,110.31
8525,30.83,7,0.0,215.81,215.81,43.16
8526,366.19,12,15.0,4394.28,3735.14,747.03
8527,494.21,10,15.0,4942.1,4200.78,840.16
8528,128.33,14,0.0,1796.62,1796.62,359.32
8529,127.13,14,0.0,1779.82,1779.82,355.96
8530,463.05,16,25.0,7408.8,5556.6,1111.32
8531,184.75,1,5.0,184.75,175.51,35.1
8532,317.96,9,15.0,2861.64,2432.39,486.48
8533,37.11,3,5.0,111.33,105.76,21.15
8534,83.48,14,5.0,1168.72,1110.28,222.06
8535,178.4,10,15.0,1784.0,1516.4,303.28
8536,159.96,4,10.0,639.84,575.86,115.17
8537,170.32,16,0.0,2725.12,2725.12,545.02
8538,140.08,8,5.0,1120.64,1064.61,212.92
8539,459.25,18,5.0,8266.5,7853.17,1570.63
8540,410.93,15,25.0,6163.95,4622.96,924.59
8541,137.97,13,10.0,1793.61,1614.25,322.85
8542,269.41,9,20.0,2424.69,1939.75,387.95
8543,59.94,7,10.0,419.58,377.62,75.52
8544,432.14,8,20.0,3457.12,2765.7,553.14
8545,248.91,6,10.0,1493.46,1344.11,268.82
8546,108.92,7,20.0,762.44,609.95,121.99
8547,178.04,18,5.0,3204.72,3044.48,608.9
8548,108.64,14,15.0,1520.96,1292.82,258.56
8549,66.79,14,10.0,935.06,841.55,168.31
8550,275.31,19,25.0,5230.89,3923.17,784.63
8551,355.34,4,20.0,1421.36,1137.09,227.42
8552,415.97,2,20.0,831.94,665.55,133.11
8553,489.3,5,20.0,2446.5,1957.2,391.44
8554,45.99,17,25.0,781.83,586.37,117.27
8555,432.26,15,5.0,6483.9,6159.7,1231.94
8556,17.83,10,25.0,178.3,133.72,26.75
8557,339.41,20,20.0,6788.2,5430.56,1086.11
8558,391.88,12,5.0,4702.56,4467.43,893.49
8559,353.25,10,5.0,3532.5,3355.88,671.18
8560,248.0,10,15.0,2480.0,2108.0,421.6
8561,414.24,15,20.0,6213.6,4970.88,994.18
8562,55.94,18,25.0,1006.92,755.19,151.04
8563,31.31,10,15.0,313.1,266.13,53.23
8564,406.7,17,25.0,6913.9,5185.42,1037.08
8565,240.9,2,15.0,481.8,409.53,81.91
8566,30.52,6,5.0,183.12,173.96,34.79
8567,308.68,1,10.0,308.68,277.81,55.56
8568,420.28,20,20.0,8405.6,6724.48,1344.9
8569,191.82,12,5.0,2301.84,2186.75,437.35
8570,359.18,5,25.0,1795.9,1346.93,269.39
8571,447.04,13,20.0,5811.52,4649.22,929.84
8572,288.09,14,25.0,4033.26,3024.94,604.99
8573,278.89,6,10.0,1673.34,1506.01,301.2
8574,22.11,7,25.0,154.77,116.08,23.22
8575,382.0,16,15.0,6112.0,5195.2,1039.04
8576,421.99,19,20.0,8017.81,6414.25,1282.85
8577,86.88,11,20.0,955.68,764.54,152.91
8578,173.95,7,10.0,1217.65,1095.88,219.18
8579,60.53,13,15.0,786.89,668.86,133.77
8580,9.7,17,5.0,164.9,156.65,31.33
8581,106.67,8,20.0,853.36,682.69,136.54
8582,413.34,10,15.0,4133.4,3513.39,702.68
8583,389.7,20,0.0,7794.0,7794.0,1558.8
8584,301.24,4,15.0,1204.96,1024.22,204.84
8585,126.53,16,15.0,2024.48,1720.81,344.16
8586,75.22,20,0.0,1504.4,1504.4,300.88
8587,131.09,20,20.0,2621.8,2097.44,419.49
8588,24.96,3,15.0,74.88,63.65,12.73
8589,393.31,9,15.0,3539.79,3008.82,601.76
8590,433.3,5,5.0,2166.5,2058.17,411.63
8591,390.85,2,20.0,781.7,625.36,125.07
8592,399.72,4,0.0,1598.88,1598.88,319.78
8593,164.42,15,5.0,2466.3,2342.98,468.6
8594,51.59,16,10.0,825.44,742.9,148.58
8595,11.85,8,20.0,94.8,75.84,15.17
8596,150.0,3,20.0,450.0,360.0,72.0
8597,318.59,14,15.0,4460.26,3791.22,758.24
8598,375.94,16,20.0,6015.04,4812.03,962.41
8599,56.97,19,20.0,1082.43,865.94,173.19
8600,330.15,9,20.0,2971.35,2377.08,475.42
8601,146.0,5,20.0,730.0,584.0,116.8
8602,416.45,1,25.0,416.45,312.34,62.47
8603,208.83,15,25.0,3132.45,2349.34,469.87
8604,111.41,13,25.0,1448.33,1086.25,217.25
8605,316.66,19,0.0,6016.54,6016.54,1203.31
8606,377.72,18,10.0,6798.96,6119.06,1223.81
8607,335.76,4,10.0,1343.04,1208.74,241.75
8608,472.72,14,5.0,6618.08,6287.18,1257.44
8609,256.97,9,20.0,2312.73,1850.18,370.04
8610,321.31,7,0.0,2249.17,2249.17,449.83
8611,174.16,12,20.0,2089.92,1671.94,334.39
8612,463.34,6,5.0,2780.04,2641.04,528.21
8613,339.46,5,20.0,1697.3,1357.84,271.57
8614,45.68,11,25.0,502.48,376.86,75.37
8615,463.05,12,5.0,5556.6,5278.77,1055.75
8616,168.59,3,5.0,505.77,480.48,96.1
8617,300.82,1,0.0,300.82,300.82,60.16
8618,287.63,9,25.0,2588.67,1941.5,388.3
8619,302.95,16,0.0,4847.2,4847.2,969.44
8620,377.56,18,25.0,6796.08,5097.06,1019.41
8621,379.46,2,10.0,758.92,683.03,136.61
8622,82.81,5,25.0,414.05,310.54,62.11
8623,428.24,13,0.0,5567.12,5567.12,1113.42
8624,58.81,11,25.0,646.91,485.18,97.04
8625,56.54,11,0.0,621.94,621.94,124.39
8626,481.23,12,20.0,5774.76,4619.81,923.96
8627,202.46,14,15.0,2834.44,2409.27,481.85
8628,418.84,4,0.0,1675.36,1675.36,335.07
8629,239.66,8,25.0,1917.28,1437.96,287.59
8630,286.03,14,20.0,4004.42,3203.54,640.71
8631,373.79,16,5.0,5980.64,5681.61,1136.32
8632,309.61,18,25.0,5572.98,4179.74,835.95
8633,296.13,19,25.0,5626.47,4219.85,843.97
8634,83.9,8,5.0,671.2,637.64,127.53
8635,435.35,10,5.0,4353.5,4135.82,827.16
8636,462.6,4,25.0,1850.4,1387.8,277.56
8637,482.73,3,10.0,1448.19,1303.37,260.67
8638,366.13,16,20.0,5858.08,4686.46,937.29
8639,188.75,16,0.0,3020.0,3020.0,604.0
8640,495.97,16,15.0,7935.52,6745.19,1349.04
8641,330.61,14,5.0,4628.54,4397.11,879.42
8642,102.19,6,15.0,613.14,521.17,104.23
8643,370.44,12,0.0,4445.28,4445.28,889.06
8644,102.17,12,0.0,1226.04,1226.04,245.21
8645,215.42,4,15.0,861.68,732.43,146.49
8646,126.06,5,25.0,630.3,472.72,94.55
8647,70.91,9,0.0,638.19,638.19,127.64
8648,98.18,4,10.0,392.72,353.45,70.69
8649,393.77,2,0.0,787.54,787.54,157.51
8650,45.69,15,0.0,685.35,685.35,137.07
8651,142.24,14,5.0,1991.36,1891.79,378.36
8652,386.19,14,10.0,5406.66,4865.99,973.2
8653,51.68,15,5.0,775.2,736.44,147.29
8654,49.31,16,10.0,788.96,710.06,142.01
8655,208.86,18,20.0,3759.48,3007.58,601.52
8656,12.06,11,0.0,132.66,132.66,26.53
8657,45.4,5,5.0,227.0,215.65,43.13
8658,383.18,14,0.0,5364.52,5364.52,1072.9
8659,250.91,15,15.0,3763.65,3199.1,639.82
8660,434.62,3,20.0,1303.86,1043.09,208.62
8661,495.77,14,15.0,6940.78,5899.66,1179.93
8662,338.09,11,20.0,3718.99,2975.19,595.04
8663,252.89,20,15.0,5057.8,4299.13,859.83
8664,428.76,14,20.0,6002.64,4802.11,960.42
8665,307.12,4,0.0,1228.48,1228.48,245.7
8666,35.55,14,5.0,497.7,472.81,94.56
8667,153.96,4,20.0,615.84,492.67,98.53
8668,53.51,17,15.0,909.67,773.22,154.64
8669,115.18,20,25.0,2303.6,1727.7,345.54
8670,101.73,1,20.0,101.73,81.38,16.28
8671,28.05,18,5.0,504.9,479.66,95.93
8672,252.57,2,0.0,505.14,505.14,101.03
8673,343.77,10,15.0,3437.7,2922.04,584.41
8674,362.13,12,10.0,4345.56,3911.0,782.2
8675,129.26,2,0.0,258.52,258.52,51.7
8676,204.37,5,0.0,1021.85,1021.85,204.37
8677,157.08,16,5.0,2513.28,2387.62,477.52
8678,381.68,11,25.0,4198.48,3148.86,629.77
8679,422.07,15,25.0,6331.05,4748.29,949.66
8680,439.89,3,20.0,1319.67,1055.74,211.15
8681,451.45,5,15.0,2257.25,1918.66,383.73
8682,47.64,1,5.0,47.64,45.26,9.05
8683,177.12,3,5.0,531.36,504.79,100.96
8684,407.02,16,15.0,6512.32,5535.47,1107.09
8685,179.06,3,25.0,537.18,402.89,80.58
8686,31.19,19,20.0,592.61,474.09,94.82
8687,231.22,20,15.0,4624.4,3930.74,786.15
8688,129.49,16,15.0,2071.84,1761.06,352.21
8689,210.86,20,25.0,4217.2,3162.9,632.58
8690,140.36,5,25.0,701.8,526.35,105.27
8691,424.49,4,5.0,1697.96,1613.06,322.61
8692,79.39,1,25.0,79.39,59.54,11.91
8693,309.68,14,0.0,4335.52,4335.52,867.1
8694,251.15,17,5.0,4269.55,4056.07,811.21
8695,64.64,16,15.0,1034.24,879.1,175.82
8696,471.75,5,20.0,2358.75,1887.0,377.4
8697,492.47,7,15.0,3447.29,2930.2,586.04
8698,388.48,7,25.0,2719.36,2039.52,407.9
8699,250.2,8,25.0,2001.6,1501.2,300.24
8700,265.96,4,5.0,1063.84,1010.65,202.13
8701,368.43,20,5.0,7368.6,7000.17,1400.03
8702,208.42,1,5.0,208.42,198.0,39.6
8703,36.11,15,0.0,541.65,541.65,108.33
8704,394.09,16,15.0,6305.44,5359.62,1071.92
8705,150.39,16,5.0,2406.24,2285.93,457.19
8706,456.13,15,20.0,6841.95,5473.56,1094.71
8707,255.16,6,10.0,1530.96,1377.86,275.57
8708,149.57,2,10.0,299.14,269.23,53.85
8709,399.59,16,5.0,6393.44,6073.77,1214.75
8710,192.15,8,20.0,1537.2,1229.76,245.95
8711,109.35,9,25.0,984.15,738.11,147.62
8712,46.93,3,10.0,140.79,126.71,25.34
8713,163.03,20,0.0,3260.6,3260.6,652.12
8714,55.5,16,10.0,888.0,799.2,159.84
8715,113.5,3,10.0,340.5,306.45,61.29
8716,452.19,6,25.0,2713.14,2034.86,406.97
8717,281.35,4,0.0,1125.4,1125.4,225.08
8718,442.75,13,5.0,5755.75,5467.96,1093.59
8719,17.39,15,20.0,260.85,208.68,41.74
8720,108.16,7,25.0,757.12,567.84,113.57
8721,117.05,12,20.0,1404.6,1123.68,224.74
8722,66.6,7,0.0,466.2,466.2,93.24
8723,133.79,8,10.0,1070.32,963.29,192.66
8724,69.06,2,20.0,138.12,110.5,22.1
8725,245.56,12,25.0,2946.72,2210.04,442.01
8726,398.66,14,20.0,5581.24,4464.99,893.0
8727,436.37,7,0.0,3054.59,3054.59,610.92
8728,270.26,10,20.0,2702.6,2162.08,432.42
8729,485.89,18,25.0,8746.02,6559.52,1311.9
8730,292.53,17,0.0,4973.01,4973.01,994.6
8731,464.37,13,15.0,6036.81,5131.29,1026.26
8732,374.94,1,15.0,374.94,318.7,63.74
8733,467.39,13,5.0,6076.07,5772.27,1154.45
8734,203.72,10,25.0,2037.2,1527.9,305.58
8735,210.82,12,5.0,2529.84,2403.35,480.67
8736,451.84,12,20.0,5422.08,4337.66,867.53
8737,332.53,7,20.0,2327.71,1862.17,372.43
8738,248.35,20,15.0,4967.0,4221.95,844.39
8739,285.07,7,10.0,1995.49,1795.94,359.19
8740,491.96,10,10.0,4919.6,4427.64,885.53
8741,217.63,13,10.0,2829.19,2546.27,509.25
8742,414.0,18,20.0,7452.0,5961.6,1192.32
8743,447.35,13,5.0,5815.55,5524.77,1104.95
8744,286.74,2,15.0,573.48,487.46,97.49
8745,69.85,1,0.0,69.85,69.85,13.97
8746,399.98,3,15.0,1199.94,1019.95,203.99
8747,30.28,1,5.0,30.28,28.77,5.75
8748,183.7,15,25.0,2755.5,2066.62,413.33
8749,19.27,18,0.0,346.86,346.86,69.37
8750,400.44,7,0.0,2803.08,2803.08,560.62
8751,27.51,13,25.0,357.63,268.22,53.64
8752,234.88,2,10.0,469.76,422.78,84.56
8753,290.13,18,0.0,5222.34,5222.34,1044.47
8754,481.05,9,10.0,4329.45,3896.51,779.3
8755,349.17,13,25.0,4539.21,3404.41,680.88
8756,212.93,9,0.0,1916.37,1916.37,383.27
8757,98.89,3,20.0,296.67,237.34,47.47
8758,261.02,12,20.0,3132.24,2505.79,501.16
8759,252.13,18,25.0,4538.34,3403.76,680.75
8760,129.96,10,5.0,1299.6,1234.62,246.92
8761,105.74,15,15.0,1586.1,1348.18,269.64
8762,347.21,16,25.0,5555.36,4166.52,833.3
8763,205.76,11,10.0,2263.36,2037.02,407.4
8764,17.48,4,15.0,69.92,59.43,11.89
8765,377.24,17,0.0,6413.08,6413.08,1282.62
8766,489.12,7,5.0,3423.84,3252.65,650.53
8767,309.67,15,15.0,4645.05,3948.29,789.66
8768,125.85,4,15.0,503.4,427.89,85.58
8769,171.54,1,25.0,171.54,128.66,25.73
8770,410.84,1,25.0,410.84,308.13,61.63
8771,476.06,12,10.0,5712.72,5141.45,1028.29
8772,143.83,1,20.0,143.83,115.06,23.01
8773,452.61,3,15.0,1357.83,1154.16,230.83
8774,87.17,8,0.0,697.36,697.36,139.47
8775,141.38,8,10.0,1131.04,1017.94,203.59
8776,321.03,11,20.0,3531.33,2825.06,565.01
8777,46.33,15,15.0,694.95,590.71,118.14
8778,91.03,9,15.0,819.27,696.38,139.28
8779,140.18,18,5.0,2523.24,2397.08,479.42
8780,476.18,19,10.0,9047.42,8142.68,1628.54
8781,296.98,10,10.0,2969.8,2672.82,534.56
8782,44.12,4,5.0,176.48,167.66,33.53
8783,425.63,11,15.0,4681.93,3979.64,795.93
8784,244.79,13,5.0,3182.27,3023.16,604.63
8785,297.0,3,5.0,891.0,846.45,169.29
8786,345.88,10,5.0,3458.8,3285.86,657.17
8787,9.58,17,20.0,162.86,130.29,26.06
8788,214.26,1,5.0,214.26,203.55,40.71
8789,191.4,2,25.0,382.8,287.1,57.42
8790,325.79,10,5.0,3257.9,3095.01,619.0
8791,224.59,5,15.0,1122.95,954.51,190.9
8792,328.64,15,20.0,4929.6,3943.68,788.74
8793,490.12,14,0.0,6861.68,6861.68,1372.34
8794,472.05,8,10.0,3776.4,3398.76,679.75
8795,364.36,9,10.0,3279.24,2951.32,590.26
8796,456.23,1,20.0,456.23,364.98,73.0
8797,79.14,16,15.0,1266.24,1076.3,215.26
8798,350.25,7,25.0,2451.75,1838.81,367.76
8799,402.96,15,25.0,6044.4,4533.3,906.66
8800,327.43,3,15.0,982.29,834.95,166.99
8801,110.44,15,15.0,1656.6,1408.11,281.62
8802,103.85,15,20.0,1557.75,1246.2,249.24
8803,227.31,7,0.0,1591.17,1591.17,318.23
8804,261.48,3,15.0,784.44,666.77,133.35
8805,65.65,20,25.0,1313.0,984.75,196.95
8806,414.28,2,5.0,828.56,787.13,157.43
8807,226.13,19,5.0,4296.47,4081.65,816.33
8808,33.16,4,10.0,132.64,119.38,23.88
8809,9.91,9,20.0,89.19,71.35,14.27
8810,121.48,3,20.0,364.44,291.55,58.31
8811,393.85,11,25.0,4332.35,3249.26,649.85
8812,158.32,20,10.0,3166.4,2849.76,569.95
8813,21.69,2,25.0,43.38,32.54,6.51
8814,341.95,14,15.0,4787.3,4069.2,813.84
8815,449.24,1,5.0,449.24,426.78,85.36
8816,75.87,7,0.0,531.09,531.09,106.22
8817,184.45,11,5.0,2028.95,1927.5,385.5
8818,496.86,8,25.0,3974.88,2981.16,596.23
8819,24.06,17,15.0,409.02,347.67,69.53
8820,449.13,12,15.0,5389.56,4581.13,916.23
8821,291.02,6,5.0,1746.12,1658.81,331.76
8822,197.7,10,5.0,1977.0,1878.15,375.63
8823,299.36,16,10.0,4789.76,4310.78,862.16
8824,279.95,1,15.0,279.95,237.96,47.59
8825,102.89,13,0.0,1337.57,1337.57,267.51
8826,223.17,19,20.0,4240.23,3392.18,678.44
8827,424.45,5,15.0,2122.25,1803.91,360.78
8828,311.6,6,15.0,1869.6,1589.16,317.83
8829,472.37,19,25.0,8975.03,6731.27,1346.25
8830,96.93,12,5.0,1163.16,1105.0,221.0
8831,355.69,7,0.0,2489.83,2489.83,497.97
8832,488.27,10,10.0,4882.7,4394.43,878.89
8833,189.77,2,25.0,379.54,284.66,56.93
8834,376.28,6,10.0,2257.68,2031.91,406.38
8835,174.42,12,15.0,2093.04,1779.08,355.82
8836,333.71,2,0.0,667.42,667.42,133.48
8837,59.23,12,20.0,710.76,568.61,113.72
8838,456.43,7,0.0,3195.01,3195.01,639.0
8839,133.07,11,20.0,1463.77,1171.02,234.2
8840,327.14,12,25.0,3925.68,2944.26,588.85
8841,282.17,1,15.0,282.17,239.84,47.97
8842,44.45,19,25.0,844.55,633.41,126.68
8843,438.9,4,0.0,1755.6,1755.6,351.12
8844,99.0,7,10.0,693.0,623.7,124.74
8845,195.75,11,5.0,2153.25,2045.59,409.12
8846,336.72,18,20.0,6060.96,4848.77,969.75
8847,451.71,19,25.0,8582.49,6436.87,1287.37
8848,176.26,15,0.0,2643.9,2643.9,528.78
8849,79.12,1,0.0,79.12,79.12,15.82
8850,209.36,5,20.0,1046.8,837.44,167.49
8851,284.45,12,5.0,3413.4,3242.73,648.55
8852,154.77,20,5.0,3095.4,2940.63,588.13
8853,452.76,12,0.0,5433.12,5433.12,1086.62
8854,172.27,14,5.0,2411.78,2291.19,458.24
8855,468.9,1,0.0,468.9,468.9,93.78
8856,182.18,20,5.0,3643.6,3461.42,692.28
8857,60.65,5,5.0,303.25,288.09,57.62
8858,452.96,19,25.0,8606.24,6454.68,1290.94
8859,31.63,14,5.0,442.82,420.68,84.14
8860,164.42,6,0.0,986.52,986.52,197.3
8861,252.78,3,25.0,758.34,568.75,113.75
8862,73.39,1,5.0,73.39,69.72,13.94
8863,167.8,2,10.0,335.6,302.04,60.41
8864,308.55,17,15.0,5245.35,4458.55,891.71
8865,410.12,18,0.0,7382.16,7382.16,1476.43
8866,478.25,7,15.0,3347.75,2845.59,569.12
8867,486.03,1,5.0,486.03,461.73,92.35
8868,296.04,19,5.0,5624.76,5343.52,1068.7
8869,312.36,12,25.0,3748.32,2811.24,562.25
8870,437.14,18,25.0,7868.52,5901.39,1180.28
8871,311.87,11,0.0,3430.57,3430.57,686.11
8872,9.92,14,0.0,138.88,138.88,27.78
8873,182.81,9,0.0,1645.29,1645.29,329.06
8874,109.63,20,20.0,2192.6,1754.08,350.82
8875,201.44,6,5.0,1208.64,1148.21,229.64
8876,418.12,5,15.0,2090.6,1777.01,355.4
8877,484.99,16,10.0,7759.84,6983.86,1396.77
8878,342.64,9,15.0,3083.76,2621.2,524.24
8879,353.58,12,15.0,4242.96,3606.52,721.3
8880,313.42,5,20.0,1567.1,1253.68,250.74
8881,471.56,20,5.0,9431.2,8959.64,1791.93
8882,31.71,20,5.0,634.2,602.49,120.5
8883,331.82,9,0.0,2986.38,2986.38,597.28
8884,46.07,10,25.0,460.7,345.52,69.11
8885,289.92,17,20.0,4928.64,3942.91,788.58
8886,249.8,10,15.0,2498.0,2123.3,424.66
8887,307.12,2,20.0,614.24,491.39,98.28
8888,418.92,20,5.0,8378.4,7959.48,1591.9
8889,305.27,5,15.0,1526.35,1297.4,259.48
8890,90.05,10,5.0,900.5,855.47,171.09
8891,170.57,17,0.0,2899.69,2899.69,579.94
8892,258.35,1,5.0,258.35,245.43,49.09
8893,242.54,18,5.0,4365.72,4147.43,829.49
8894,383.27,17,25.0,6515.59,4886.69,977.34
8895,348.99,20,15.0,6979.8,5932.83,1186.57
8896,408.93,2,15.0,817.86,695.18,139.04
8897,15.26,10,25.0,152.6,114.45,22.89
8898,460.53,9,20.0,4144.77,3315.82,663.16
8899,216.81,18,15.0,3902.58,3317.19,663.44
8900,77.63,9,25.0,698.67,524.0,104.8
8901,69.03,16,5.0,1104.48,1049.26,209.85
8902,190.7,2,20.0,381.4,305.12,61.02
8903,367.91,7,15.0,2575.37,2189.06,437.81
8904,377.67,6,5.0,2266.02,2152.72,430.54
8905,133.87,6,0.0,803.22,803.22,160.64
8906,278.32,8,10.0,2226.56,2003.9,400.78
8907,411.88,8,0.0,3295.04,3295.04,659.01
8908,421.24,16,10.0,6739.84,6065.86,1213.17
8909,7.96,16,0.0,127.36,127.36,25.47
8910,421.44,12,10.0,5057.28,4551.55,910.31
8911,311.64,16,10.0,4986.24,4487.62,897.52
8912,196.66,16,25.0,3146.56,2359.92,471.98
8913,451.36,20,0.0,9027.2,9027.2,1805.44
8914,188.42,13,25.0,2449.46,1837.1,367.42
8915,77.9,10,20.0,779.0,623.2,124.64
8916,472.39,10,10.0,4723.9,4251.51,850.3
8917,420.46,11,20.0,4625.06,3700.05,740.01
8918,123.93,3,0.0,371.79,371.79,74.36
8919,486.7,9,15.0,4380.3,3723.26,744.65
8920,269.54,20,10.0,5390.8,4851.72,970.34
8921,168.12,19,20.0,3194.28,2555.42,511.08
8922,174.71,20,0.0,3494.2,3494.2,698.84
8923,132.78,15,25.0,1991.7,1493.78,298.76
8924,179.26,7,25.0,1254.82,941.12,188.22
8925,31.06,17,15.0,528.02,448.82,89.76
8926,169.01,2,5.0,338.02,321.12,64.22
8927,234.13,14,10.0,3277.82,2950.04,590.01
8928,476.52,12,20.0,5718.24,4574.59,914.92
8929,105.51,13,15.0,1371.63,1165.89,233.18
8930,202.61,4,25.0,810.44,607.83,121.57
8931,57.38,13,15.0,745.94,634.05,126.81
8932,440.36,1,20.0,440.36,352.29,70.46
8933,237.61,3,25.0,712.83,534.62,106.92
8934,157.25,6,20.0,943.5,754.8,150.96
8935,249.47,4,10.0,997.88,898.09,179.62
8936,335.48,11,5.0,3690.28,3505.77,701.15
8937,404.31,20,0.0,8086.2,8086.2,1617.24
8938,373.02,3,15.0,1119.06,951.2,190.24
8939,239.51,1,25.0,239.51,179.63,35.93
8940,168.52,8,0.0,1348.16,1348.16,269.63
8941,445.18,8,25.0,3561.44,2671.08,534.22
8942,386.81,1,5.0,386.81,367.47,73.49
8943,60.64,20,15.0,1212.8,1030.88,206.18
8944,321.69,6,20.0,1930.14,1544.11,308.82
8945,179.4,7,25.0,1255.8,941.85,188.37
8946,46.63,7,20.0,326.41,261.13,52.23
8947,183.79,11,20.0,2021.69,1617.35,323.47
8948,40.79,12,0.0,489.48,489.48,97.9
8949,383.35,2,15.0,766.7,651.7,130.34
8950,38.96,11,0.0,428.56,428.56,85.71
8951,211.88,15,0.0,3178.2,3178.2,635.64
8952,240.42,1,10.0,240.42,216.38,43.28
8953,70.9,12,20.0,850.8,680.64,136.13
8954,171.52,17,15.0,2915.84,2478.46,495.69
8955,114.3,2,25.0,228.6,171.45,34.29
8956,147.88,16,25.0,2366.08,1774.56,354.91
8957,149.16,11,20.0,1640.76,1312.61,262.52
8958,44.51,15,25.0,667.65,500.74,100.15
8959,287.07,2,10.0,574.14,516.73,103.35
8960,358.98,14,0.0,5025.72,5025.72,1005.14
8961,168.32,5,25.0,841.6,631.2,126.24
8962,442.35,17,20.0,7519.95,6015.96,1203.19
8963,209.0,7,10.0,1463.0,1316.7,263.34
8964,411.85,1,20.0,411.85,329.48,65.9
8965,474.5,8,25.0,3796.0,2847.0,569.4
8966,369.28,2,0.0,738.56,738.56,147.71
8967,174.82,9,5.0,1573.38,1494.71,298.94
8968,159.12,10,15.0,1591.2,1352.52,270.5
8969,273.23,9,25.0,2459.07,1844.3,368.86
8970,21.42,12,25.0,257.04,192.78,38.56
8971,227.75,14,5.0,3188.5,3029.07,605.81
8972,340.79,10,15.0,3407.9,2896.72,579.34
8973,38.21,1,15.0,38.21,32.48,6.5
8974,448.55,18,15.0,8073.9,6862.82,1372.56
8975,309.69,4,15.0,1238.76,1052.95,210.59
8976,176.39,9,15.0,1587.51,1349.38,269.88
8977,297.46,3,5.0,892.38,847.76,169.55
8978,153.45,10,0.0,1534.5,1534.5,306.9
8979,250.9,19,15.0,4767.1,4052.04,810.41
8980,480.61,20,25.0,9612.2,7209.15,1441.83
8981,343.23,16,5.0,5491.68,5217.1,1043.42
8982,277.8,15,15.0,4167.0,3541.95,708.39
8983,327.22,2,5.0,654.44,621.72,124.34
8984,437.13,20,20.0,8742.6,6994.08,1398.82
8985,421.58,5,5.0,2107.9,2002.5,400.5
8986,409.77,1,10.0,409.77,368.79,73.76
8987,431.77,1,20.0,431.77,345.42,69.08
8988,121.66,18,10.0,2189.88,1970.89,394.18
8989,7.98,10,0.0,79.8,79.8,15.96
8990,258.47,18,0.0,4652.46,4652.46,930.49
8991,378.92,8,15.0,3031.36,2576.66,515.33
8992,91.08,18,10.0,1639.44,1475.5,295.1
8993,459.1,5,20.0,2295.5,1836.4,367.28
8994,195.79,17,15.0,3328.43,2829.17,565.83
8995,288.05,5,0.0,1440.25,1440.25,288.05
8996,242.04,7,25.0,1694.28,1270.71,254.14
8997,151.27,20,0.0,3025.4,3025.4,605.08
8998,456.49,3,5.0,1369.47,1301.0,260.2
8999,204.34,15,20.0,3065.1,2452.08,490.42
9000,185.69,19,25.0,3528.11,2646.08,529.22
9001,312.85,12,0.0,3754.2,3754.2,750.84
9002,285.53,2,25.0,571.06,428.29,85.66
9003,120.75,15,10.0,1811.25,1630.12,326.03
9004,362.6,3,0.0,1087.8,1087.8,217.56
9005,481.74,19,10.0,9153.06,8237.75,1647.55
9006,380.65,15,0.0,5709.75,5709.75,1141.95
9007,47.5,13,0.0,617.5,617.5,123.5
9008,275.47,3,20.0,826.41,661.13,132.23
9009,139.06,13,0.0,1807.78,1807.78,361.56
9010,210.1,9,0.0,1890.9,1890.9,378.18
9011,230.89,12,15.0,2770.68,2355.08,471.02
9012,247.44,1,10.0,247.44,222.7,44.54
9013,418.56,6,10.0,2511.36,2260.22,452.04
9014,156.89,17,5.0,2667.13,2533.77,506.75
9015,451.08,12,25.0,5412.96,4059.72,811.94
9016,110.93,20,25.0,2218.6,1663.95,332.79
9017,367.65,16,20.0,5882.4,4705.92,941.18
9018,145.13,11,0.0,1596.43,1596.43,319.29
9019,79.88,2,25.0,159.76,119.82,23.96
9020,335.63,15,10.0,5034.45,4531.01,906.2
9021,120.73,12,5.0,1448.76,1376.32,275.26
9022,417.95,3,25.0,1253.85,940.39,188.08
9023,284.94,12,25.0,3419.28,2564.46,512.89
9024,464.11,4,5.0,1856.44,1763.62,352.72
9025,159.21,13,25.0,2069.73,1552.3,310.46
9026,345.71,7,15.0,2419.97,2056.97,411.39
9027,225.26,18,5.0,4054.68,3851.95,770.39
9028,84.61,4,25.0,338.44,253.83,50.77
9029,223.58,16,20.0,3577.28,2861.82,572.36
9030,147.87,9,0.0,1330.83,1330.83,266.17
9031,283.52,18,10.0,5103.36,4593.02,918.6
9032,271.36,16,20.0,4341.76,3473.41,694.68
9033,410.7,4,5.0,1642.8,1560.66,312.13
9034,75.95,4,25.0,303.8,227.85,45.57
9035,97.42,19,10.0,1850.98,1665.88,333.18
9036,440.35,7,25.0,3082.45,2311.84,462.37
9037,352.91,3,10.0,1058.73,952.86,190.57
9038,213.14,13,20.0,2770.82,2216.66,443.33
9039,493.64,18,10.0,8885.52,7996.97,1599.39
9040,140.45,2,10.0,280.9,252.81,50.56
9041,49.63,13,5.0,645.19,612.93,122.59
9042,496.2,3,15.0,1488.6,1265.31,253.06
9043,329.46,4,0.0,1317.84,1317.84,263.57
9044,90.65,16,10.0,1450.4,1305.36,261.07
9045,320.2,9,20.0,2881.8,2305.44,461.09
9046,175.48,5,15.0,877.4,745.79,149.16
9047,359.33,10,0.0,3593.3,3593.3,718.66
9048,464.11,11,5.0,5105.21,4849.95,969.99
9049,8.5,8,15.0,68.0,57.8,11.56
9050,190.31,2,15.0,380.62,323.53,64.71
9051,396.63,5,0.0,1983.15,1983.15,396.63
9052,262.82,19,25.0,4993.58,3745.18,749.04
9053,178.04,10,0.0,1780.4,1780.4,356.08
9054,397.52,4,5.0,1590.08,1510.58,302.12
9055,321.59,15,25.0,4823.85,3617.89,723.58
9056,323.07,1,25.0,323.07,242.3,48.46
9057,157.53,13,15.0,2047.89,1740.71,348.14
9058,321.88,4,25.0,1287.52,965.64,193.13
9059,464.4,8,5.0,3715.2,3529.44,705.89
9060,413.51,2,5.0,827.02,785.67,157.13
9061,41.15,18,5.0,740.7,703.66,140.73
9062,404.41,6,15.0,2426.46,2062.49,412.5
9063,322.1,13,0.0,4187.3,4187.3,837.46
9064,16.72,14,15.0,234.08,198.97,39.79
9065,472.68,3,20.0,1418.04,1134.43,226.89
9066,202.14,7,5.0,1414.98,1344.23,268.85
9067,313.33,10,20.0,3133.3,2506.64,501.33
9068,443.84,15,5.0,6657.6,6324.72,1264.94
9069,282.53,9,20.0,2542.77,2034.22,406.84
9070,474.79,19,5.0,9021.01,8569.96,1713.99
9071,168.01,3,0.0,504.03,504.03,100.81
9072,172.62,17,20.0,2934.54,2347.63,469.53
9073,17.31,20,10.0,346.2,311.58,62.32
9074,349.97,18,0.0,6299.46,6299.46,1259.89
9075,84.48,17,20.0,1436.16,1148.93,229.79
9076,313.88,18,20.0,5649.84,4519.87,903.97
9077,12.78,3,25.0,38.34,28.75,5.75
9078,454.13,18,25.0,8174.34,6130.76,1226.15
9079,317.04,14,15.0,4438.56,3772.78,754.56
9080,73.56,12,5.0,882.72,838.58,167.72
9081,401.24,8,10.0,3209.92,2888.93,577.79
9082,137.62,3,25.0,412.86,309.64,61.93
9083,277.63,15,20.0,4164.45,3331.56,666.31
9084,127.25,3,20.0,381.75,305.4,61.08
9085,361.77,14,15.0,5064.78,4305.06,861.01
9086,276.46,12,25.0,3317.52,2488.14,497.63
9087,429.47,10,5.0,4294.7,4079.97,815.99
9088,262.32,12,5.0,3147.84,2990.45,598.09
9089,256.96,2,5.0,513.92,488.22,97.64
9090,427.85,10,5.0,4278.5,4064.57,812.91
9091,378.99,9,10.0,3410.91,3069.82,613.96
9092,433.08,14,20.0,6063.12,4850.5,970.1
9093,273.97,14,10.0,3835.58,3452.02,690.4
9094,210.17,8,20.0,1681.36,1345.09,269.02
9095,234.58,20,20.0,4691.6,3753.28,750.66
9096,103.24,13,10.0,1342.12,1207.91,241.58
9097,366.1,15,5.0,5491.5,5216.93,1043.38
9098,71.83,12,25.0,861.96,646.47,129.29
9099,33.66,3,15.0,100.98,85.83,17.17
9100,19.43,4,0.0,77.72,77.72,15.54
9101,223.51,3,0.0,670.53,670.53,134.11
9102,434.44,3,20.0,1303.32,1042.66,208.53
9103,381.17,7,10.0,2668.19,2401.37,480.27
9104,469.46,17,20.0,7980.82,6384.66,1276.93
9105,127.45,14,0.0,1784.3,1784.3,356.86
9106,412.39,15,15.0,6185.85,5257.97,1051.59
9107,339.94,3,0.0,1019.82,1019.82,203.96
9108,238.89,12,15.0,2866.68,2436.68,487.34
9109,351.25,8,0.0,2810.0,2810.0,562.0
9110,467.17,6,0.0,2803.02,2803.02,560.6
9111,149.09,5,0.0,745.45,745.45,149.09
9112,46.22,11,25.0,508.42,381.31,76.26
9113,322.06,6,20.0,1932.36,1545.89,309.18
9114,184.37,5,10.0,921.85,829.67,165.93
9115,92.12,8,15.0,736.96,626.42,125.28
9116,76.8,12,5.0,921.6,875.52,175.1
9117,163.33,17,5.0,2776.61,2637.78,527.56
9118,7.09,20,15.0,141.8,120.53,24.11
9119,142.63,18,20.0,2567.34,2053.87,410.77
9120,297.54,7,0.0,2082.78,2082.78,416.56
9121,192.36,4,20.0,769.44,615.55,123.11
9122,151.91,20,0.0,3038.2,3038.2,607.64
9123,8.69,2,20.0,17.38,13.9,2.78
9124,491.82,11,25.0,5410.02,4057.51,811.5
9125,464.1,9,10.0,4176.9,3759.21,751.84
9126,231.98,8,0.0,1855.84,1855.84,371.17
9127,459.33,8,25.0,3674.64,2755.98,551.2
9128,181.11,8,10.0,1448.88,1303.99,260.8
9129,470.88,11,25.0,5179.68,3884.76,776.95
9130,293.91,9,15.0,2645.19,2248.41,449.68
9131,462.44,14,25.0,6474.16,4855.62,971.12
9132,134.98,13,5.0,1754.74,1667.0,333.4
9133,298.22,20,10.0,5964.4,5367.96,1073.59
9134,70.46,3,5.0,211.38,200.81,40.16
9135,264.71,18,10.0,4764.78,4288.3,857.66
9136,158.91,17,15.0,2701.47,2296.25,459.25
9137,67.31,14,5.0,942.34,895.22,179.04
9138,248.84,18,5.0,4479.12,4255.16,851.03
9139,94.06,9,25.0,846.54,634.9,126.98
9140,489.32,10,0.0,4893.2,4893.2,978.64
9141,279.43,6,0.0,1676.58,1676.58,335.32
9142,285.41,5,5.0,1427.05,1355.7,271.14
9143,349.08,15,5.0,5236.2,4974.39,994.88
9144,303.56,10,10.0,3035.6,2732.04,546.41
9145,457.5,19,15.0,8692.5,7388.62,1477.73
9146,216.5,16,25.0,3464.0,2598.0,519.6
9147,343.37,16,10.0,5493.92,4944.53,988.91
9148,155.1,11,15.0,1706.1,1450.18,290.04
9149,335.83,9,5.0,3022.47,2871.35,574.27
9150,391.05,7,25.0,2737.35,2053.01,410.6
9151,70.76,16,5.0,1132.16,1075.55,215.11
9152,240.3,6,25.0,1441.8,1081.35,216.27
9153,265.16,20,15.0,5303.2,4507.72,901.54
9154,186.47,20,25.0,3729.4,2797.05,559.41
9155,42.48,13,20.0,552.24,441.79,88.36
9156,112.53,13,20.0,1462.89,1170.31,234.06
9157,116.48,1,0.0,116.48,116.48,23.3
9158,345.99,20,25.0,6919.8,5189.85,1037.97
9159,440.54,16,25.0,7048.64,5286.48,1057.3
9160,112.19,1,20.0,112.19,89.75,17.95
9161,426.59,20,10.0,8531.8,7678.62,1535.72
9162,358.34,13,5.0,4658.42,4425.5,885.1
9163,415.26,2,20.0,830.52,664.42,132.88
9164,473.24,5,20.0,2366.2,1892.96,378.59
9165,221.88,8,15.0,1775.04,1508.78,301.76
9166,325.33,7,5.0,2277.31,2163.44,432.69
9167,167.66,8,5.0,1341.28,1274.22,254.84
9168,24.6,8,5.0,196.8,186.96,37.39
9169,166.77,3,25.0,500.31,375.23,75.05
9170,455.62,12,15.0,5467.44,4647.32,929.46
9171,295.1,7,10.0,2065.7,1859.13,371.83
9172,397.54,4,5.0,1590.16,1510.65,302.13
9173,110.17,19,20.0,2093.23,1674.58,334.92
9174,126.64,20,10.0,2532.8,2279.52,455.9
9175,36.29,18,25.0,653.22,489.92,97.98
9176,231.57,2,20.0,463.14,370.51,74.1
9177,144.28,15,10.0,2164.2,1947.78,389.56
9178,281.65,11,15.0,3098.15,2633.43,526.69
9179,487.62,4,20.0,1950.48,1560.38,312.08
9180,162.77,3,15.0,488.31,415.06,83.01
9181,407.21,12,20.0,4886.52,3909.22,781.84
9182,391.87,18,5.0,7053.66,6700.98,1340.2
9183,51.45,20,20.0,1029.0,823.2,164.64
9184,112.9,17,10.0,1919.3,1727.37,345.47
9185,84.39,1,15.0,84.39,71.73,14.35
9186,204.01,9,20.0,1836.09,1468.87,293.77
9187,280.81,4,15.0,1123.24,954.75,190.95
9188,36.24,16,20.0,579.84,463.87,92.77
9189,14.09,9,15.0,126.81,107.79,21.56
9190,329.5,8,15.0,2636.0,2240.6,448.12
9191,92.36,10,0.0,923.6,923.6,184.72
9192,15.8,15,20.0,237.0,189.6,37.92
9193,93.83,1,15.0,93.83,79.76,15.95
9194,7.95,19,25.0,151.05,113.29,22.66
9195,403.32,11,20.0,4436.52,3549.22,709.84
9196,382.08,6,5.0,2292.48,2177.86,435.57
9197,454.55,4,0.0,1818.2,1818.2,363.64
9198,207.68,4,5.0,830.72,789.18,157.84
9199,55.76,10,15.0,557.6,473.96,94.79
9200,310.89,18,10.0,5596.02,5036.42,1007.28
9201,276.1,19,5.0,5245.9,4983.61,996.72
9202,308.76,18,10.0,5557.68,5001.91,1000.38
9203,289.68,19,20.0,5503.92,4403.14,880.63
9204,34.61,7,25.0,242.27,181.7,36.34
9205,456.25,10,0.0,4562.5,4562.5,912.5
9206,489.16,20,20.0,9783.2,7826.56,1565.31
9207,151.04,3,0.0,453.12,453.12,90.62
9208,54.6,15,0.0,819.0,819.0,163.8
9209,372.09,5,20.0,1860.45,1488.36,297.67
9210,407.11,10,25.0,4071.1,3053.33,610.67
9211,226.4,17,20.0,3848.8,3079.04,615.81
9212,450.56,11,20.0,4956.16,3964.93,792.99
9213,68.72,16,0.0,1099.52,1099.52,219.9
9214,148.21,4,15.0,592.84,503.91,100.78
9215,475.06,19,25.0,9026.14,6769.6,1353.92
9216,463.51,17,25.0,7879.67,5909.75,1181.95
9217,10.76,1,20.0,10.76,8.61,1.72
9218,267.58,11,15.0,2943.38,2501.87,500.37
9219,37.57,1,10.0,37.57,33.81,6.76
9220,57.36,18,15.0,1032.48,877.61,175.52
9221,365.71,11,15.0,4022.81,3419.39,683.88
9222,17.76,8,5.0,142.08,134.98,27.0
9223,20.47,8,5.0,163.76,155.57,31.11
9224,406.58,16,10.0,6505.28,5854.75,1170.95
9225,378.7,3,10.0,1136.1,1022.49,204.5
9226,24.65,13,5.0,320.45,304.43,60.89
9227,94.87,13,5.0,1233.31,1171.64,234.33
9228,97.5,8,20.0,780.0,624.0,124.8
9229,219.32,20,25.0,4386.4,3289.8,657.96
9230,432.41,10,0.0,4324.1,4324.1,864.82
9231,284.38,3,25.0,853.14,639.86,127.97
9232,17.18,16,0.0,274.88,274.88,54.98
9233,16.14,8,15.0,129.12,109.75,21.95
9234,408.93,8,25.0,3271.44,2453.58,490.72
9235,455.84,3,0.0,1367.52,1367.52,273.5
9236,269.14,11,20.0,2960.54,2368.43,473.69
9237,466.71,3,15.0,1400.13,1190.11,238.02
9238,360.35,1,10.0,360.35,324.32,64.86
9239,297.74,18,10.0,5359.32,4823.39,964.68
9240,416.62,2,10.0,833.24,749.92,149.98
9241,431.23,20,5.0,8624.6,8193.37,1638.67
9242,340.6,4,25.0,1362.4,1021.8,204.36
9243,499.37,1,15.0,499.37,424.46,84.89
9244,352.04,15,15.0,5280.6,4488.51,897.7
9245,459.57,11,25.0,5055.27,3791.45,758.29
9246,245.87,15,15.0,3688.05,3134.84,626.97
9247,60.0,19,5.0,1140.0,1083.0,216.6
9248,284.19,18,0.0,5115.42,5115.42,1023.08
9249,404.76,11,0.0,4452.36,4452.36,890.47
9250,379.94,17,20.0,6458.98,5167.18,1033.44
9251,66.13,18,20.0,1190.34,952.27,190.45
9252,397.68,9,5.0,3579.12,3400.16,680.03
9253,498.17,18,0.0,8967.06,8967.06,1793.41
9254,114.98,7,25.0,804.86,603.64,120.73
9255,82.39,4,15.0,329.56,280.13,56.03
9256,101.28,14,5.0,1417.92,1347.02,269.4
9257,314.43,10,15.0,3144.3,2672.66,534.53
9258,119.91,9,15.0,1079.19,917.31,183.46
9259,374.65,6,25.0,2247.9,1685.92,337.18
9260,132.29,19,15.0,2513.51,2136.48,427.3
9261,470.14,5,15.0,2350.7,1998.09,399.62
9262,493.07,2,10.0,986.14,887.53,177.51
9263,209.19,7,5.0,1464.33,1391.11,278.22
9264,304.03,10,5.0,3040.3,2888.28,577.66
9265,314.82,17,0.0,5351.94,5351.94,1070.39
9266,435.05,15,15.0,6525.75,5546.89,1109.38
9267,266.26,2,25.0,532.52,399.39,79.88
9268,223.65,4,5.0,894.6,849.87,169.97
9269,469.61,6,25.0,2817.66,2113.24,422.65
9270,80.03,10,10.0,800.3,720.27,144.05
9271,492.28,19,20.0,9353.32,7482.66,1496.53
9272,377.37,20,25.0,7547.4,5660.55,1132.11
9273,369.75,18,25.0,6655.5,4991.62,998.33
9274,190.78,1,20.0,190.78,152.62,30.52
9275,68.12,8,20.0,544.96,435.97,87.19
9276,388.41,11,25.0,4272.51,3204.38,640.88
9277,404.32,6,25.0,2425.92,1819.44,363.89
9278,110.86,13,25.0,1441.18,1080.88,216.18
9279,142.55,3,15.0,427.65,363.5,72.7
9280,317.93,12,20.0,3815.16,3052.13,610.43
9281,74.98,11,20.0,824.78,659.82,131.96
9282,13.96,14,5.0,195.44,185.67,37.13
9283,143.03,10,0.0,1430.3,1430.3,286.06
9284,327.83,9,20.0,2950.47,2360.38,472.08
9285,123.48,9,15.0,1111.32,944.62,188.92
9286,307.73,13,25.0,4000.49,3000.37,600.07
9287,411.63,20,25.0,8232.6,6174.45,1234.89
9288,289.8,14,20.0,4057.2,3245.76,649.15
9289,62.84,2,20.0,125.68,100.54,20.11
9290,441.94,19,10.0,8396.86,7557.17,1511.43
9291,31.96,16,15.0,511.36,434.66,86.93
9292,218.57,3,25.0,655.71,491.78,98.36
9293,396.31,15,20.0,5944.65,4755.72,951.14
9294,189.31,17,10.0,3218.27,2896.44,579.29
9295,363.52,7,5.0,2544.64,2417.41,483.48
9296,484.22,2,0.0,968.44,968.44,193.69
9297,395.33,18,0.0,7115.94,7115.94,1423.19
9298,44.62,6,5.0,267.72,254.33,50.87
9299,394.5,7,5.0,2761.5,2623.42,524.68
9300,381.7,18,20.0,6870.6,5496.48,1099.3
9301,383.75,5,15.0,1918.75,1630.94,326.19
9302,417.03,1,15.0,417.03,354.48,70.9
9303,475.27,16,20.0,7604.32,6083.46,1216.69
9304,268.11,20,20.0,5362.2,4289.76,857.95
9305,91.18,18,0.0,1641.24,1641.24,328.25
9306,493.77,15,10.0,7406.55,6665.89,1333.18
9307,234.2,4,20.0,936.8,749.44,149.89
9308,130.82,14,0.0,1831.48,1831.48,366.3
9309,264.52,7,25.0,1851.64,1388.73,277.75
9310,234.24,8,10.0,1873.92,1686.53,337.31
9311,142.22,12,15.0,1706.64,1450.64,290.13
9312,306.86,17,20.0,5216.62,4173.3,834.66
9313,151.65,2,20.0,303.3,242.64,48.53
9314,315.98,12,10.0,3791.76,3412.58,682.52
9315,364.78,10,0.0,3647.8,3647.8,729.56
9316,284.47,3,10.0,853.41,768.07,153.61
9317,427.43,6,25.0,2564.58,1923.43,384.69
9318,95.07,5,20.0,475.35,380.28,76.06
9319,372.9,9,5.0,3356.1,3188.29,637.66
9320,147.69,4,15.0,590.76,502.15,100.43
9321,222.12,8,0.0,1776.96,1776.96,355.39
9322,424.51,17,15.0,7216.67,6134.17,1226.83
9323,400.25,7,0.0,2801.75,2801.75,560.35
9324,117.63,1,0.0,117.63,117.63,23.53
9325,363.16,18,20.0,6536.88,5229.5,1045.9
9326,455.67,6,5.0,2734.02,2597.32,519.46
9327,441.93,20,0.0,8838.6,8838.6,1767.72
9328,116.62,12,15.0,1399.44,1189.52,237.9
9329,114.47,20,25.0,2289.4,1717.05,343.41
9330,241.57,5,20.0,1207.85,966.28,193.26
9331,53.23,18,15.0,958.14,814.42,162.88
9332,223.78,12,15.0,2685.36,2282.56,456.51
9333,454.99,15,15.0,6824.85,5801.12,1160.22
9334,115.11,15,10.0,1726.65,1553.99,310.8
9335,402.93,2,25.0,805.86,604.39,120.88
9336,18.49,17,25.0,314.33,235.75,47.15
9337,49.38,10,20.0,493.8,395.04,79.01
9338,24.3,7,0.0,170.1,170.1,34.02
9339,25.32,1,15.0,25.32,21.52,4.3
9340,21.22,12,20.0,254.64,203.71,40.74
9341,307.79,4,15.0,1231.16,1046.49,209.3
9342,144.75,9,15.0,1302.75,1107.34,221.47
9343,269.79,15,15.0,4046.85,3439.82,687.96
9344,472.71,14,10.0,6617.94,5956.15,1191.23
9345,17.32,12,5.0,207.84,197.45,39.49
9346,390.36,3,10.0,1171.08,1053.97,210.79
9347,83.9,17,15.0,1426.3,1212.36,242.47
9348,355.82,9,5.0,3202.38,3042.26,608.45
9349,238.76,13,10.0,3103.88,2793.49,558.7
9350,255.42,3,20.0,766.26,613.01,122.6
9351,139.71,12,10.0,1676.52,1508.87,301.77
9352,425.15,1,5.0,425.15,403.89,80.78
9353,372.91,18,5.0,6712.38,6376.76,1275.35
9354,225.67,17,5.0,3836.39,3644.57,728.91
9355,224.08,19,20.0,4257.52,3406.02,681.2
9356,448.76,4,10.0,1795.04,1615.54,323.11
9357,130.39,16,15.0,2086.24,1773.3,354.66
9358,381.82,15,25.0,5727.3,4295.48,859.1
9359,374.96,10,25.0,3749.6,2812.2,562.44
9360,332.23,10,25.0,3322.3,2491.73,498.35
9361,229.82,19,10.0,4366.58,3929.92,785.98
9362,132.72,7,10.0,929.04,836.14,167.23
9363,95.58,6,5.0,573.48,544.81,108.96
9364,33.18,8,10.0,265.44,238.9,47.78
9365,59.58,9,10.0,536.22,482.6,96.52
9366,147.39,4,0.0,589.56,589.56,117.91
9367,235.85,10,25.0,2358.5,1768.88,353.78
9368,106.77,13,10.0,1388.01,1249.21,249.84
9369,73.37,12,25.0,880.44,660.33,132.07
9370,18.88,11,25.0,207.68,155.76,31.15
9371,21.23,8,5.0,169.84,161.35,32.27
9372,432.88,14,10.0,6060.32,5454.29,1090.86
9373,182.39,18,5.0,3283.02,3118.87,623.77
9374,461.03,5,25.0,2305.15,1728.86,345.77
9375,274.73,7,5.0,1923.11,1826.95,365.39
9376,494.53,15,5.0,7417.95,7047.05,1409.41
9377,303.73,1,25.0,303.73,227.8,45.56
9378,370.3,7,0.0,2592.1,2592.1,518.42
9379,361.38,7,10.0,2529.66,2276.69,455.34
9380,100.2,11,0.0,1102.2,1102.2,220.44
9381,17.4,6,25.0,104.4,78.3,15.66
9382,316.04,17,5.0,5372.68,5104.05,1020.81
9383,441.14,18,0.0,7940.52,7940.52,1588.1
9384,340.91,18,5.0,6136.38,5829.56,1165.91
9385,459.26,17,15.0,7807.42,6636.31,1327.26
9386,466.75,6,5.0,2800.5,2660.47,532.1
9387,372.59,15,25.0,5588.85,4191.64,838.33
9388,66.52,6,15.0,399.12,339.25,67.85
9389,248.18,11,5.0,2729.98,2593.48,518.7
9390,331.39,11,25.0,3645.29,2733.97,546.79
9391,362.53,2,10.0,725.06,652.55,130.51
9392,343.16,6,0.0,2058.96,2058.96,411.79
9393,278.3,5,5.0,1391.5,1321.92,264.38
9394,411.16,18,10.0,7400.88,6660.79,1332.16
9395,446.63,12,20.0,5359.56,4287.65,857.53
9396,186.96,13,5.0,2430.48,2308.96,461.79
9397,473.95,12,25.0,5687.4,4265.55,853.11
9398,269.78,9,25.0,2428.02,1821.01,364.2
9399,245.63,2,5.0,491.26,466.7,93.34
9400,30.34,15,0.0,455.1,455.1,91.02
9401,94.88,2,5.0,189.76,180.27,36.05
9402,389.43,11,0.0,4283.73,4283.73,856.75
9403,129.08,4,10.0,516.32,464.69,92.94
9404,488.15,12,5.0,5857.8,5564.91,1112.98
9405,476.47,16,5.0,7623.52,7242.34,1448.47
9406,382.94,4,25.0,1531.76,1148.82,229.76
9407,384.58,19,20.0,7307.02,5845.62,1169.12
9408,6.42,6,5.0,38.52,36.59,7.32
9409,394.45,8,5.0,3155.6,2997.82,599.56
9410,135.84,8,0.0,1086.72,1086.72,217.34
9411,422.22,17,20.0,7177.74,5742.19,1148.44
9412,343.1,2,25.0,686.2,514.65,102.93
9413,116.96,1,15.0,116.96,99.42,19.88
9414,205.32,7,5.0,1437.24,1365.38,273.08
9415,176.24,4,0.0,704.96,704.96,140.99
9416,311.84,5,25.0,1559.2,1169.4,233.88
9417,263.82,18,15.0,4748.76,4036.45,807.29
9418,215.32,8,25.0,1722.56,1291.92,258.38
9419,371.63,13,20.0,4831.19,3864.95,772.99
9420,347.02,10,25.0,3470.2,2602.65,520.53
9421,217.82,9,5.0,1960.38,1862.36,372.47
9422,42.31,5,20.0,211.55,169.24,33.85
9423,263.12,3,15.0,789.36,670.96,134.19
9424,15.42,12,10.0,185.04,166.54,33.31
9425,151.18,15,0.0,2267.7,2267.7,453.54
9426,396.65,18,5.0,7139.7,6782.71,1356.54
9427,68.97,17,10.0,1172.49,1055.24,211.05
9428,244.74,13,25.0,3181.62,2386.22,477.24
9429,436.77,9,5.0,3930.93,3734.38,746.88
9430,14.76,8,0.0,118.08,118.08,23.62
9431,235.15,16,20.0,3762.4,3009.92,601.98
9432,65.75,3,15.0,197.25,167.66,33.53
9433,327.57,18,10.0,5896.26,5306.63,1061.33
9434,75.59,9,5.0,680.31,646.29,129.26
9435,499.65,1,25.0,499.65,374.74,74.95
9436,7.13,20,0.0,142.6,142.6,28.52
9437,21.84,9,5.0,196.56,186.73,37.35
9438,433.39,20,10.0,8667.8,7801.02,1560.2
9439,234.78,6,5.0,1408.68,1338.25,267.65
9440,83.47,17,5.0,1418.99,1348.04,269.61
9441,192.75,11,20.0,2120.25,1696.2,339.24
9442,234.48,9,0.0,2110.32,2110.32,422.06
9443,14.14,2,20.0,28.28,22.62,4.52
9444,198.55,2,15.0,397.1,337.54,67.51
9445,220.27,5,0.0,1101.35,1101.35,220.27
9446,126.85,7,10.0,887.95,799.15,159.83
9447,357.5,13,10.0,4647.5,4182.75,836.55
9448,297.22,5,15.0,1486.1,1263.19,252.64
9449,161.42,9,10.0,1452.78,1307.5,261.5
9450,343.82,2,20.0,687.64,550.11,110.02
9451,124.92,8,0.0,999.36,999.36,199.87
9452,37.4,5,20.0,187.0,149.6,29.92
9453,124.16,3,20.0,372.48,297.98,59.6
9454,426.04,20,0.0,8520.8,8520.8,1704.16
9455,40.16,9,20.0,361.44,289.15,57.83
9456,368.57,3,10.0,1105.71,995.14,199.03
9457,35.17,4,25.0,140.68,105.51,21.1
9458,439.72,5,20.0,2198.6,1758.88,351.78
9459,291.44,12,10.0,3497.28,3147.55,629.51
9460,396.29,9,0.0,3566.61,3566.61,713.32
9461,410.37,10,10.0,4103.7,3693.33,738.67
9462,156.0,2,20.0,312.0,249.6,49.92
9463,331.39,10,5.0,3313.9,3148.2,629.64
9464,243.99,11,10.0,2683.89,2415.5,483.1
9465,129.43,4,25.0,517.72,388.29,77.66
9466,468.03,11,15.0,5148.33,4376.08,875.22
9467,161.69,19,20.0,3072.11,2457.69,491.54
9468,21.23,10,20.0,212.3,169.84,33.97
9469,429.37,11,10.0,4723.07,4250.76,850.15
9470,460.52,13,25.0,5986.76,4490.07,898.01
9471,228.74,13,20.0,2973.62,2378.9,475.78
9472,85.19,5,5.0,425.95,404.65,80.93
9473,219.37,17,25.0,3729.29,2796.97,559.39
9474,470.98,3,25.0,1412.94,1059.7,211.94
9475,215.91,15,5.0,3238.65,3076.72,615.34
9476,55.64,9,15.0,500.76,425.65,85.13
9477,173.22,4,15.0,692.88,588.95,117.79
9478,35.81,8,25.0,286.48,214.86,42.97
9479,493.22,16,20.0,7891.52,6313.22,1262.64
9480,128.67,9,15.0,1158.03,984.33,196.87
9481,222.17,1,0.0,222.17,222.17,44.43
9482,268.43,7,25.0,1879.01,1409.26,281.85
9483,372.17,14,5.0,5210.38,4949.86,989.97
9484,404.01,11,20.0,4444.11,3555.29,711.06
9485,379.13,6,10.0,2274.78,2047.3,409.46
9486,215.48,16,5.0,3447.68,3275.3,655.06
9487,47.18,15,20.0,707.7,566.16,113.23
9488,485.48,2,15.0,970.96,825.32,165.06
9489,416.61,18,5.0,7498.98,7124.03,1424.81
9490,424.99,6,5.0,2549.94,2422.44,484.49
9491,164.38,4,20.0,657.52,526.02,105.2
9492,393.99,4,25.0,1575.96,1181.97,236.39
9493,231.94,17,0.0,3942.98,3942.98,788.6
9494,227.38,13,15.0,2955.94,2512.55,502.51
9495,194.31,13,10.0,2526.03,2273.43,454.69
9496,133.17,7,0.0,932.19,932.19,186.44
9497,87.51,9,25.0,787.59,590.69,118.14
9498,320.88,3,5.0,962.64,914.51,182.9
9499,222.36,7,0.0,1556.52,1556.52,311.3
9500,193.83,15,15.0,2907.45,2471.33,494.27
9501,260.8,17,15.0,4433.6,3768.56,753.71
9502,336.05,17,10.0,5712.85,5141.57,1028.31
9503,266.5,11,10.0,2931.5,2638.35,527.67
9504,483.07,13,5.0,6279.91,5965.91,1193.18
9505,48.92,10,20.0,489.2,391.36,78.27
9506,94.74,1,10.0,94.74,85.27,17.05
9507,253.67,13,0.0,3297.71,3297.71,659.54
9508,447.53,1,5.0,447.53,425.15,85.03
9509,86.56,11,5.0,952.16,904.55,180.91
9510,428.42,18,20.0,7711.56,6169.25,1233.85
9511,253.49,7,15.0,1774.43,1508.27,301.65
9512,397.3,8,5.0,3178.4,3019.48,603.9
9513,184.06,20,5.0,3681.2,3497.14,699.43
9514,127.2,1,25.0,127.2,95.4,19.08
9515,142.76,6,15.0,856.56,728.08,145.62
9516,462.51,18,5.0,8325.18,7908.92,1581.78
9517,435.84,11,10.0,4794.24,4314.82,862.96
9518,336.46,10,25.0,3364.6,2523.45,504.69
9519,217.65,16,10.0,3482.4,3134.16,626.83
9520,132.62,14,25.0,1856.68,1392.51,278.5
9521,407.99,6,20.0,2447.94,1958.35,391.67
9522,44.32,2,15.0,88.64,75.34,15.07
9523,219.4,18,0.0,3949.2,3949.2,789.84
9524,431.86,5,0.0,2159.3,2159.3,431.86
9525,284.22,19,10.0,5400.18,4860.16,972.03
9526,495.62,5,0.0,2478.1,2478.1,495.62
9527,413.18,18,20.0,7437.24,5949.79,1189.96
9528,337.13,12,5.0,4045.56,3843.28,768.66
9529,338.77,1,25.0,338.77,254.08,50.82
9530,449.55,5,15.0,2247.75,1910.59,382.12
9531,117.58,17,5.0,1998.86,1898.92,379.78
9532,303.62,7,15.0,2125.34,1806.54,361.31
9533,328.59,16,0.0,5257.44,5257.44,1051.49
9534,243.27,3,15.0,729.81,620.34,124.07
9535,101.84,8,20.0,814.72,651.78,130.36
9536,315.03,15,20.0,4725.45,3780.36,756.07
9537,20.64,11,25.0,227.04,170.28,34.06
9538,11.08,12,10.0,132.96,119.66,23.93
9539,22.25,6,15.0,133.5,113.47,22.7
9540,61.56,5,25.0,307.8,230.85,46.17
9541,84.2,7,20.0,589.4,471.52,94.3
9542,475.63,14,15.0,6658.82,5660.0,1132.0
9543,22.73,9,15.0,204.57,173.88,34.78
9544,412.16,14,15.0,5770.24,4904.7,980.94
9545,237.14,12,15.0,2845.68,2418.83,483.77
9546,298.4,3,0.0,895.2,895.2,179.04
9547,106.02,14,15.0,1484.28,1261.64,252.33
9548,134.84,19,25.0,2561.96,1921.47,384.29
9549,46.03,3,0.0,138.09,138.09,27.62
9550,387.5,5,5.0,1937.5,1840.62,368.12
9551,459.14,7,20.0,3213.98,2571.18,514.24
9552,493.58,15,10.0,7403.7,6663.33,1332.67
9553,127.87,4,0.0,511.48,511.48,102.3
9554,401.68,1,10.0,401.68,361.51,72.3
9555,96.27,6,25.0,577.62,433.22,86.64
9556,452.93,11,20.0,4982.23,3985.78,797.16
9557,259.51,13,0.0,3373.63,3373.63,674.73
9558,30.27,11,0.0,332.97,332.97,66.59
9559,193.35,9,0.0,1740.15,1740.15,348.03
9560,67.73,12,0.0,812.76,812.76,162.55
9561,232.57,14,5.0,3255.98,3093.18,618.64
9562,149.95,13,0.0,1949.35,1949.35,389.87
9563,77.6,15,20.0,1164.0,931.2,186.24
9564,313.43,16,5.0,5014.88,4764.14,952.83
9565,306.31,18,25.0,5513.58,4135.18,827.04
9566,379.54,5,5.0,1897.7,1802.82,360.56
9567,417.21,13,20.0,5423.73,4338.98,867.8
9568,276.49,7,25.0,1935.43,1451.57,290.31
9569,167.17,19,20.0,3176.23,2540.98,508.2
9570,396.35,1,10.0,396.35,356.72,71.34
9571,246.32,9,20.0,2216.88,1773.5,354.7
9572,472.85,14,20.0,6619.9,5295.92,1059.18
9573,174.3,18,5.0,3137.4,2980.53,596.11
9574,336.83,16,25.0,5389.28,4041.96,808.39
9575,165.26,9,5.0,1487.34,1412.97,282.59
9576,307.36,3,0.0,922.08,922.08,184.42
9577,172.11,13,10.0,2237.43,2013.69,402.74
9578,470.76,20,5.0,9415.2,8944.44,1788.89
9579,348.79,13,25.0,4534.27,3400.7,680.14
9580,449.5,8,25.0,3596.0,2697.0,539.4
9581,258.53,20,0.0,5170.6,5170.6,1034.12
9582,372.35,1,0.0,372.35,372.35,74.47
9583,487.26,13,0.0,6334.38,6334.38,1266.88
9584,428.84,12,15.0,5146.08,4374.17,874.83
9585,241.37,6,25.0,1448.22,1086.16,217.23
9586,245.51,20,10.0,4910.2,4419.18,883.84
9587,414.76,2,5.0,829.52,788.04,157.61
9588,97.12,3,25.0,291.36,218.52,43.7
9589,60.93,10,25.0,609.3,456.97,91.39
9590,498.33,8,10.0,3986.64,3587.98,717.6
9591,56.58,6,20.0,339.48,271.58,54.32
9592,97.69,3,25.0,293.07,219.8,43.96
9593,475.34,1,0.0,475.34,475.34,95.07
9594,25.05,9,15.0,225.45,191.63,38.33
9595,450.73,1,25.0,450.73,338.05,67.61
9596,401.33,12,20.0,4815.96,3852.77,770.55
9597,183.15,20,15.0,3663.0,3113.55,622.71
9598,343.4,7,15.0,2403.8,2043.23,408.65
9599,408.64,7,5.0,2860.48,2717.46,543.49
9600,431.86,18,25.0,7773.48,5830.11,1166.02
9601,458.83,3,25.0,1376.49,1032.37,206.47
9602,9.1,8,5.0,72.8,69.16,13.83
9603,200.17,13,15.0,2602.21,2211.88,442.38
9604,100.02,1,10.0,100.02,90.02,18.0
9605,468.93,20,25.0,9378.6,7033.95,1406.79
9606,497.42,2,5.0,994.84,945.1,189.02
9607,195.8,11,15.0,2153.8,1830.73,366.15
9608,196.08,12,0.0,2352.96,2352.96,470.59
9609,158.3,7,0.0,1108.1,1108.1,221.62
9610,128.24,17,10.0,2180.08,1962.07,392.41
9611,300.24,8,20.0,2401.92,1921.54,384.31
9612,401.82,15,15.0,6027.3,5123.2,1024.64
9613,72.0,16,25.0,1152.0,864.0,172.8
9614,298.97,14,0.0,4185.58,4185.58,837.12
9615,294.65,7,5.0,2062.55,1959.42,391.88
9616,467.35,15,0.0,7010.25,7010.25,1402.05
9617,182.73,2,10.0,365.46,328.91,65.78
9618,238.13,4,0.0,952.52,952.52,190.5
9619,150.64,16,0.0,2410.24,2410.24,482.05
9620,410.58,18,25.0,7390.44,5542.83,1108.57
9621,227.42,19,5.0,4320.98,4104.93,820.99
9622,115.33,4,0.0,461.32,461.32,92.26
9623,87.89,11,0.0,966.79,966.79,193.36
9624,316.56,11,0.0,3482.16,3482.16,696.43
9625,263.53,18,20.0,4743.54,3794.83,758.97
9626,493.62,6,15.0,2961.72,2517.46,503.49
9627,49.17,6,5.0,295.02,280.27,56.05
9628,100.13,14,5.0,1401.82,1331.73,266.35
9629,206.7,10,15.0,2067.0,1756.95,351.39
9630,309.43,2,20.0,618.86,495.09,99.02
9631,223.32,16,10.0,3573.12,3215.81,643.16
9632,446.19,14,0.0,6246.66,6246.66,1249.33
9633,449.34,5,5.0,2246.7,2134.36,426.87
9634,94.35,13,20.0,1226.55,981.24,196.25
9635,423.19,16,15.0,6771.04,5755.38,1151.08
9636,151.66,13,15.0,1971.58,1675.84,335.17
9637,498.97,18,20.0,8981.46,7185.17,1437.03
9638,292.18,7,10.0,2045.26,1840.73,368.15
9639,116.51,14,0.0,1631.14,1631.14,326.23
9640,81.24,12,20.0,974.88,779.9,155.98
9641,313.59,3,10.0,940.77,846.69,169.34
9642,95.84,9,10.0,862.56,776.3,155.26
9643,78.74,2,0.0,157.48,157.48,31.5
9644,370.74,11,10.0,4078.14,3670.33,734.07
9645,153.92,19,15.0,2924.48,2485.81,497.16
9646,45.45,10,20.0,454.5,363.6,72.72
9647,145.03,15,25.0,2175.45,1631.59,326.32
9648,129.27,11,0.0,1421.97,1421.97,284.39
9649,359.53,13,15.0,4673.89,3972.81,794.56
9650,472.65,9,15.0,4253.85,3615.77,723.15
9651,471.71,3,15.0,1415.13,1202.86,240.57
9652,170.86,6,15.0,1025.16,871.39,174.28
9653,95.74,2,0.0,191.48,191.48,38.3
9654,482.3,7,5.0,3376.1,3207.29,641.46
9655,366.6,16,25.0,5865.6,4399.2,879.84
9656,479.2,5,10.0,2396.0,2156.4,431.28
9657,330.36,17,20.0,5616.12,4492.9,898.58
9658,402.77,4,25.0,1611.08,1208.31,241.66
9659,199.31,15,15.0,2989.65,2541.2,508.24
9660,246.93,8,20.0,1975.44,1580.35,316.07
9661,170.25,12,15.0,2043.0,1736.55,347.31
9662,133.8,11,0.0,1471.8,1471.8,294.36
9663,372.39,15,25.0,5585.85,4189.39,837.88
9664,319.23,7,15.0,2234.61,1899.42,379.88
9665,46.88,5,10.0,234.4,210.96,42.19
9666,416.48,8,0.0,3331.84,3331.84,666.37
9667,312.34,17,5.0,5309.78,5044.29,1008.86
9668,86.73,17,10.0,1474.41,1326.97,265.39
9669,199.07,11,15.0,2189.77,1861.3,372.26
9670,27.3,11,0.0,300.3,300.3,60.06
9671,6.33,12,25.0,75.96,56.97,11.39
9672,234.87,20,25.0,4697.4,3523.05,704.61
9673,33.62,16,25.0,537.92,403.44,80.69
9674,334.53,4,20.0,1338.12,1070.5,214.1
9675,436.54,10,5.0,4365.4,4147.13,829.43
9676,211.38,11,25.0,2325.18,1743.88,348.78
9677,393.35,16,0.0,6293.6,6293.6,1258.72
9678,356.78,17,20.0,6065.26,4852.21,970.44
9679,352.77,10,15.0,3527.7,2998.54,599.71
9680,159.05,1,10.0,159.05,143.15,28.63
9681,435.84,11,0.0,4794.24,4794.24,958.85
9682,15.15,15,25.0,227.25,170.44,34.09
9683,97.76,5,5.0,488.8,464.36,92.87
9684,21.68,12,0.0,260.16,260.16,52.03
9685,407.38,18,15.0,7332.84,6232.91,1246.58
9686,215.57,14,10.0,3017.98,2716.18,543.24
9687,101.52,5,15.0,507.6,431.46,86.29
9688,430.51,4,5.0,1722.04,1635.94,327.19
9689,435.7,9,0.0,3921.3,3921.3,784.26
9690,259.48,15,20.0,3892.2,3113.76,622.75
9691,133.75,12,15.0,1605.0,1364.25,272.85
9692,278.03,6,15.0,1668.18,1417.95,283.59
9693,211.01,4,25.0,844.04,633.03,126.61
9694,168.6,13,15.0,2191.8,1863.03,372.61
9695,313.28,15,10.0,4699.2,4229.28,845.86
9696,456.26,16,0.0,7300.16,7300.16,1460.03
9697,71.7,20,25.0,1434.0,1075.5,215.1
9698,79.01,13,25.0,1027.13,770.35,154.07
9699,47.97,3,25.0,143.91,107.93,21.59
9700,112.54,6,20.0,675.24,540.19,108.04
9701,382.38,13,5.0,4970.94,4722.39,944.48
9702,274.18,8,15.0,2193.44,1864.42,372.88
9703,451.28,19,10.0,8574.32,7716.89,1543.38
9704,117.91,19,10.0,2240.29,2016.26,403.25
9705,115.54,14,10.0,1617.56,1455.8,291.16
9706,56.66,14,0.0,793.24,793.24,158.65
9707,356.3,8,10.0,2850.4,2565.36,513.07
9708,214.18,16,25.0,3426.88,2570.16,514.03
9709,107.41,8,25.0,859.28,644.46,128.89
9710,399.72,20,5.0,7994.4,7594.68,1518.94
9711,342.43,6,5.0,2054.58,1951.85,390.37
9712,423.19,15,10.0,6347.85,5713.07,1142.61
9713,171.78,5,10.0,858.9,773.01,154.6
9714,141.3,13,5.0,1836.9,1745.06,349.01
9715,299.33,6,15.0,1795.98,1526.58,305.32
9716,83.2,11,15.0,915.2,777.92,155.58
9717,14.03,4,25.0,56.12,42.09,8.42
9718,111.38,20,5.0,2227.6,2116.22,423.24
9719,282.79,4,10.0,1131.16,1018.04,203.61
9720,409.14,19,20.0,7773.66,6218.93,1243.79
9721,143.2,5,20.0,716.0,572.8,114.56
9722,280.58,16,5.0,4489.28,4264.82,852.96
9723,46.45,18,20.0,836.1,668.88,133.78
9724,419.08,2,5.0,838.16,796.25,159.25
9725,351.11,10,15.0,3511.1,2984.44,596.89
9726,397.65,7,10.0,2783.55,2505.19,501.04
9727,20.23,20,15.0,404.6,343.91,68.78
9728,8.4,19,15.0,159.6,135.66,27.13
9729,221.83,13,5.0,2883.79,2739.6,547.92
9730,30.62,15,10.0,459.3,413.37,82.67
9731,191.66,20,15.0,3833.2,3258.22,651.64
9732,403.12,2,5.0,806.24,765.93,153.19
9733,426.27,11,10.0,4688.97,4220.07,844.01
9734,165.32,6,10.0,991.92,892.73,178.55
9735,220.91,6,15.0,1325.46,1126.64,225.33
9736,395.41,17,25.0,6721.97,5041.48,1008.3
9737,31.02,4,0.0,124.08,124.08,24.82
9738,378.45,10,10.0,3784.5,3406.05,681.21
9739,247.31,10,0.0,2473.1,2473.1,494.62
9740,121.88,13,20.0,1584.44,1267.55,253.51
9741,315.54,14,20.0,4417.56,3534.05,706.81
9742,415.01,3,5.0,1245.03,1182.78,236.56
9743,228.79,15,15.0,3431.85,2917.07,583.41
9744,251.29,6,20.0,1507.74,1206.19,241.24
9745,83.63,2,15.0,167.26,142.17,28.43
9746,397.97,14,10.0,5571.58,5014.42,1002.88
9747,204.13,6,5.0,1224.78,1163.54,232.71
9748,5.12,17,25.0,87.04,65.28,13.06
9749,95.67,6,25.0,574.02,430.51,86.1
9750,440.37,18,10.0,7926.66,7133.99,1426.8
9751,58.18,1,25.0,58.18,43.63,8.73
9752,300.3,20,25.0,6006.0,4504.5,900.9
9753,452.21,2,15.0,904.42,768.76,153.75
9754,458.65,18,10.0,8255.7,7430.13,1486.03
9755,62.87,12,0.0,754.44,754.44,150.89
9756,339.25,4,15.0,1357.0,1153.45,230.69
9757,351.61,8,0.0,2812.88,2812.88,562.58
9758,261.18,10,25.0,2611.8,1958.85,391.77
9759,373.62,15,20.0,5604.3,4483.44,896.69
9760,424.89,10,15.0,4248.9,3611.56,722.31
9761,224.38,15,10.0,3365.7,3029.13,605.83
9762,200.53,20,5.0,4010.6,3810.07,762.01
9763,149.33,8,10.0,1194.64,1075.18,215.04
9764,411.07,7,25.0,2877.49,2158.12,431.62
9765,22.75,8,10.0,182.0,163.8,32.76
9766,450.51,17,10.0,7658.67,6892.8,1378.56
9767,385.27,20,5.0,7705.4,7320.13,1464.03
9768,340.03,15,10.0,5100.45,4590.4,918.08
9769,94.65,17,20.0,1609.05,1287.24,257.45
9770,434.62,15,25.0,6519.3,4889.48,977.9
9771,39.66,19,15.0,753.54,640.51,128.1
9772,269.93,6,10.0,1619.58,1457.62,291.52
9773,69.6,1,15.0,69.6,59.16,11.83
9774,91.97,15,20.0,1379.55,1103.64,220.73
9775,87.15,5,10.0,435.75,392.18,78.44
9776,389.32,7,20.0,2725.24,2180.19,436.04
9777,371.46,18,0.0,6686.28,6686.28,1337.26
9778,358.9,8,5.0,2871.2,2727.64,545.53
9779,9.9,19,15.0,188.1,159.88,31.98
9780,450.41,4,25.0,1801.64,1351.23,270.25
9781,125.9,10,0.0,1259.0,1259.0,251.8
9782,426.94,18,10.0,7684.92,6916.43,1383.29
9783,425.27,4,15.0,1701.08,1445.92,289.18
9784,308.68,4,20.0,1234.72,987.78,197.56
9785,315.69,3,15.0,947.07,805.01,161.0
9786,351.74,10,15.0,3517.4,2989.79,597.96
9787,404.75,14,5.0,5666.5,5383.18,1076.63
9788,157.26,12,15.0,1887.12,1604.05,320.81
9789,485.99,13,10.0,6317.87,5686.08,1137.22
9790,14.5,19,5.0,275.5,261.72,52.34
9791,436.75,13,5.0,5677.75,5393.86,1078.77
9792,9.82,9,15.0,88.38,75.12,15.02
9793,188.65,4,25.0,754.6,565.95,113.19
9794,448.19,5,15.0,2240.95,1904.81,380.96
9795,56.52,13,5.0,734.76,698.02,139.6
9796,40.55,4,5.0,162.2,154.09,30.82
9797,468.3,6,10.0,2809.8,2528.82,505.76
9798,238.61,9,15.0,2147.49,1825.37,365.07
9799,156.8,13,10.0,2038.4,1834.56,366.91
9800,274.75,2,15.0,549.5,467.07,93.42
9801,370.36,7,5.0,2592.52,2462.89,492.58
9802,161.58,6,25.0,969.48,727.11,145.42
9803,359.49,6,5.0,2156.94,2049.09,409.82
9804,391.23,5,20.0,1956.15,1564.92,312.98
9805,290.7,4,25.0,1162.8,872.1,174.42
9806,160.44,16,20.0,2567.04,2053.63,410.73
9807,98.84,7,0.0,691.88,691.88,138.38
9808,362.68,20,10.0,7253.6,6528.24,1305.65
9809,329.83,3,25.0,989.49,742.12,148.42
9810,251.61,6,0.0,1509.66,1509.66,301.93
9811,309.88,15,10.0,4648.2,4183.38,836.68
9812,433.9,19,10.0,8244.1,7419.69,1483.94
9813,116.4,14,0.0,1629.6,1629.6,325.92
9814,468.43,14,5.0,6558.02,6230.12,1246.02
9815,431.03,7,25.0,3017.21,2262.91,452.58
9816,449.41,1,25.0,449.41,337.06,67.41
9817,199.23,8,5.0,1593.84,1514.15,302.83
9818,98.53,1,5.0,98.53,93.6,18.72
9819,171.51,4,15.0,686.04,583.13,116.63
9820,352.26,1,0.0,352.26,352.26,70.45
9821,470.28,17,5.0,7994.76,7595.02,1519.0
9822,93.39,6,25.0,560.34,420.25,84.05
9823,331.68,17,15.0,5638.56,4792.78,958.56
9824,373.1,19,10.0,7088.9,6380.01,1276.0
9825,229.69,12,0.0,2756.28,2756.28,551.26
9826,361.08,7,0.0,2527.56,2527.56,505.51
9827,471.12,1,15.0,471.12,400.45,80.09
9828,126.04,8,0.0,1008.32,1008.32,201.66
9829,398.75,13,15.0,5183.75,4406.19,881.24
9830,435.14,15,15.0,6527.1,5548.03,1109.61
9831,253.02,12,25.0,3036.24,2277.18,455.44
9832,293.19,4,25.0,1172.76,879.57,175.91
9833,119.26,10,15.0,1192.6,1013.71,202.74
9834,113.81,16,20.0,1820.96,1456.77,291.35
9835,140.22,16,25.0,2243.52,1682.64,336.53
9836,361.29,17,0.0,6141.93,6141.93,1228.39
9837,52.18,1,10.0,52.18,46.96,9.39
9838,167.81,17,25.0,2852.77,2139.58,427.92
9839,43.22,2,5.0,86.44,82.12,16.42
9840,30.79,1,15.0,30.79,26.17,5.23
9841,85.34,11,15.0,938.74,797.93,159.59
9842,133.84,5,5.0,669.2,635.74,127.15
9843,479.78,20,5.0,9595.6,9115.82,1823.16
9844,248.59,15,20.0,3728.85,2983.08,596.62
9845,432.15,16,0.0,6914.4,6914.4,1382.88
9846,339.84,10,15.0,3398.4,2888.64,577.73
9847,20.76,2,0.0,41.52,41.52,8.3
9848,312.0,6,5.0,1872.0,1778.4,355.68
9849,334.18,8,25.0,2673.44,2005.08,401.02
9850,434.42,14,10.0,6081.88,5473.69,1094.74
9851,114.41,1,20.0,114.41,91.53,18.31
9852,137.96,12,20.0,1655.52,1324.42,264.88
9853,314.96,1,20.0,314.96,251.97,50.39
9854,480.57,7,15.0,3363.99,2859.39,571.88
9855,376.01,9,5.0,3384.09,3214.89,642.98
9856,173.36,15,10.0,2600.4,2340.36,468.07
9857,314.6,2,15.0,629.2,534.82,106.96
9858,477.15,7,0.0,3340.05,3340.05,668.01
9859,318.91,2,0.0,637.82,637.82,127.56
9860,78.96,11,5.0,868.56,825.13,165.03
9861,220.64,5,0.0,1103.2,1103.2,220.64
9862,446.69,5,25.0,2233.45,1675.09,335.02
9863,179.88,18,10.0,3237.84,2914.06,582.81
9864,278.62,11,0.0,3064.82,3064.82,612.96
9865,380.3,3,15.0,1140.9,969.77,193.95
9866,274.7,12,25.0,3296.4,2472.3,494.46
9867,237.92,2,20.0,475.84,380.67,76.13
9868,368.93,17,25.0,6271.81,4703.86,940.77
9869,176.49,3,10.0,529.47,476.52,95.3
9870,255.98,9,25.0,2303.82,1727.86,345.57
9871,214.43,20,25.0,4288.6,3216.45,643.29
9872,64.05,2,5.0,128.1,121.69,24.34
9873,107.71,13,15.0,1400.23,1190.2,238.04
9874,100.27,9,5.0,902.43,857.31,171.46
9875,397.03,3,0.0,1191.09,1191.09,238.22
9876,284.67,7,20.0,1992.69,1594.15,318.83
9877,15.02,18,10.0,270.36,243.32,48.66
9878,206.05,1,10.0,206.05,185.45,37.09
9879,92.28,12,20.0,1107.36,885.89,177.18
9880,332.94,18,10.0,5992.92,5393.63,1078.73
9881,340.49,13,10.0,4426.37,3983.73,796.75
9882,239.44,9,15.0,2154.96,1831.72,366.34
9883,238.79,17,25.0,4059.43,3044.57,608.91
9884,171.61,14,25.0,2402.54,1801.9,360.38
9885,207.14,15,10.0,3107.1,2796.39,559.28
9886,204.02,1,20.0,204.02,163.22,32.64
9887,199.9,5,0.0,999.5,999.5,199.9
9888,491.13,18,15.0,8840.34,7514.29,1502.86
9889,221.55,3,0.0,664.65,664.65,132.93
9890,280.64,14,20.0,3928.96,3143.17,628.63
9891,53.69,18,25.0,966.42,724.81,144.96
9892,147.78,2,25.0,295.56,221.67,44.33
9893,206.14,6,10.0,1236.84,1113.16,222.63
9894,9.89,13,15.0,128.57,109.28,21.86
9895,410.84,17,5.0,6984.28,6635.07,1327.01
9896,303.88,7,0.0,2127.16,2127.16,425.43
9897,402.98,11,20.0,4432.78,3546.22,709.24
9898,9.39,9,20.0,84.51,67.61,13.52
9899,61.32,8,10.0,490.56,441.5,88.3
9900,420.67,11,25.0,4627.37,3470.53,694.11
9901,336.62,3,5.0,1009.86,959.37,191.87
9902,177.1,13,15.0,2302.3,1956.95,391.39
9903,344.05,7,25.0,2408.35,1806.26,361.25
9904,363.98,20,0.0,7279.6,7279.6,1455.92
9905,464.79,13,20.0,6042.27,4833.82,966.76
9906,428.51,3,10.0,1285.53,1156.98,231.4
9907,362.39,11,20.0,3986.29,3189.03,637.81
9908,243.41,1,25.0,243.41,182.56,36.51
9909,280.57,11,0.0,3086.27,3086.27,617.25
9910,221.86,1,15.0,221.86,188.58,37.72
9911,77.74,7,15.0,544.18,462.55,92.51
9912,167.5,6,10.0,1005.0,904.5,180.9
9913,38.82,14,15.0,543.48,461.96,92.39
9914,351.66,7,0.0,2461.62,2461.62,492.32
9915,9.01,13,25.0,117.13,87.85,17.57
9916,451.62,4,20.0,1806.48,1445.18,289.04
9917,85.78,1,10.0,85.78,77.2,15.44
9918,304.52,11,10.0,3349.72,3014.75,602.95
9919,438.31,2,25.0,876.62,657.47,131.49
9920,475.7,8,25.0,3805.6,2854.2,570.84
9921,147.19,20,20.0,2943.8,2355.04,471.01
9922,123.23,8,20.0,985.84,788.67,157.73
9923,415.68,7,15.0,2909.76,2473.3,494.66
9924,308.72,4,20.0,1234.88,987.9,197.58
9925,238.2,15,10.0,3573.0,3215.7,643.14
9926,234.89,5,10.0,1174.45,1057.0,211.4
9927,256.19,6,15.0,1537.14,1306.57,261.31
9928,446.45,8,15.0,3571.6,3035.86,607.17
9929,400.45,4,20.0,1601.8,1281.44,256.29
9930,349.31,5,5.0,1746.55,1659.22,331.84
9931,481.03,10,10.0,4810.3,4329.27,865.85
9932,384.12,5,20.0,1920.6,1536.48,307.3
9933,491.15,11,20.0,5402.65,4322.12,864.42
9934,216.35,14,15.0,3028.9,2574.57,514.91
9935,426.94,18,15.0,7684.92,6532.18,1306.44
9936,386.38,5,15.0,1931.9,1642.12,328.42
9937,404.72,1,20.0,404.72,323.78,64.76
9938,155.42,19,10.0,2952.98,2657.68,531.54
9939,225.99,1,0.0,225.99,225.99,45.2
9940,264.73,1,5.0,264.73,251.49,50.3
9941,47.94,6,15.0,287.64,244.49,48.9
9942,104.03,13,25.0,1352.39,1014.29,202.86
9943,40.68,15,25.0,610.2,457.65,91.53
9944,79.55,17,20.0,1352.35,1081.88,216.38
9945,332.01,2,20.0,664.02,531.22,106.24
9946,310.48,7,10.0,2173.36,1956.02,391.2
9947,332.93,12,25.0,3995.16,2996.37,599.27
9948,171.46,10,5.0,1714.6,1628.87,325.77
9949,378.0,14,25.0,5292.0,3969.0,793.8
9950,167.74,13,10.0,2180.62,1962.56,392.51
9951,299.8,14,15.0,4197.2,3567.62,713.52
9952,222.16,18,20.0,3998.88,3199.1,639.82
9953,177.86,10,0.0,1778.6,1778.6,355.72
9954,228.75,15,0.0,3431.25,3431.25,686.25
9955,154.45,18,10.0,2780.1,2502.09,500.42
9956,498.62,14,5.0,6980.68,6631.65,1326.33
9957,259.95,11,20.0,2859.45,2287.56,457.51
9958,382.77,16,5.0,6124.32,5818.1,1163.62
9959,476.56,2,20.0,953.12,762.5,152.5
9960,76.08,7,15.0,532.56,452.68,90.54
9961,490.19,10,25.0,4901.9,3676.42,735.28
9962,457.88,20,0.0,9157.6,9157.6,1831.52
9963,339.74,10,5.0,3397.4,3227.53,645.51
9964,243.73,18,0.0,4387.14,4387.14,877.43
9965,438.57,15,0.0,6578.55,6578.55,1315.71
9966,297.38,20,5.0,5947.6,5650.22,1130.04
9967,130.27,15,25.0,1954.05,1465.54,293.11
9968,424.0,6,25.0,2544.0,1908.0,381.6
9969,362.18,4,25.0,1448.72,1086.54,217.31
9970,195.31,7,25.0,1367.17,1025.38,205.08
9971,122.45,4,10.0,489.8,440.82,88.16
9972,438.15,1,20.0,438.15,350.52,70.1
9973,218.22,7,0.0,1527.54,1527.54,305.51
9974,44.02,14,5.0,616.28,585.47,117.09
9975,71.78,6,20.0,430.68,344.54,68.91
9976,345.14,7,20.0,2415.98,1932.78,386.56
9977,49.76,8,20.0,398.08,318.46,63.69
9978,38.64,2,10.0,77.28,69.55,13.91
9979,151.21,17,5.0,2570.57,2442.04,488.41
9980,394.28,18,25.0,7097.04,5322.78,1064.56
9981,249.0,2,20.0,498.0,398.4,79.68
9982,470.68,19,15.0,8942.92,7601.48,1520.3
9983,42.76,20,15.0,855.2,726.92,145.38
9984,271.23,16,0.0,4339.68,4339.68,867.94
9985,370.1,6,20.0,2220.6,1776.48,355.3
9986,97.33,2,5.0,194.66,184.93,36.99
9987,286.69,9,0.0,2580.21,2580.21,516.04
9988,171.12,3,15.0,513.36,436.36,87.27
9989,484.27,2,0.0,968.54,968.54,193.71
9990,55.25,2,5.0,110.5,104.97,21.0
9991,37.17,11,0.0,408.87,408.87,81.77
9992,418.77,10,0.0,4187.7,4187.7,837.54
9993,175.56,9,15.0,1580.04,1343.03,268.61
9994,135.55,6,10.0,813.3,731.97,146.39
9995,479.16,15,0.0,7187.4,7187.4,1437.48
9996,251.07,10,10.0,2510.7,2259.63,451.93
9997,76.26,5,5.0,381.3,362.24,72.45
9998,126.54,8,10.0,1012.32,911.09,182.22
9999,395.15,12,20.0,4741.8,3793.44,758.69
10000,88.58,3,15.0,265.74,225.88,45.18
10001,491.03,2,20.0,982.06,785.65,157.13
10002,295.08,1,0.0,295.08,295.08,59.02
10003,301.71,20,5.0,6034.2,5732.49,1146.5
10004,129.62,20,5.0,2592.4,2462.78,492.56
10005,156.43,9,0.0,1407.87,1407.87,281.57
10006,386.12,15,20.0,5791.8,4633.44,926.69
10007,400.53,18,5.0,7209.54,6849.06,1369.81
10008,69.53,9,20.0,625.77,500.62,100.12
10009,336.72,11,15.0,3703.92,3148.33,629.67
10010,219.18,4,0.0,876.72,876.72,175.34
10011,324.69,4,10.0,1298.76,1168.88,233.78
10012,209.16,17,5.0,3555.72,3377.93,675.59
10013,384.29,19,5.0,7301.51,6936.43,1387.29
10014,479.51,10,25.0,4795.1,3596.33,719.27
10015,79.58,4,25.0,318.32,238.74,47.75
10016,285.15,10,5.0,2851.5,2708.92,541.78
10017,204.24,5,25.0,1021.2,765.9,153.18
10018,354.49,11,25.0,3899.39,2924.54,584.91
10019,130.94,19,5.0,2487.86,2363.47,472.69
10020,34.68,15,0.0,520.2,520.2,104.04
10021,24.96,13,10.0,324.48,292.03,58.41
10022,128.07,9,20.0,1152.63,922.1,184.42
10023,439.24,14,10.0,6149.36,5534.42,1106.88
10024,112.39,15,0.0,1685.85,1685.85,337.17
10025,41.33,1,20.0,41.33,33.06,6.61
10026,72.4,2,10.0,144.8,130.32,26.06
10027,194.36,5,15.0,971.8,826.03,165.21
10028,24.62,18,15.0,443.16,376.69,75.34
10029,187.95,16,20.0,3007.2,2405.76,481.15
10030,118.36,15,20.0,1775.4,1420.32,284.06
10031,202.43,20,10.0,4048.6,3643.74,728.75
10032,112.14,7,0.0,784.98,784.98,157.0
10033,254.95,10,20.0,2549.5,2039.6,407.92
10034,154.19,3,25.0,462.57,346.93,69.39
10035,12.29,5,0.0,61.45,61.45,12.29
10036,295.55,3,10.0,886.65,797.99,159.6
10037,328.4,3,15.0,985.2,837.42,167.48
10038,224.32,19,10.0,4262.08,3835.87,767.17
10039,318.97,10,5.0,3189.7,3030.22,606.04
10040,6.08,6,15.0,36.48,31.01,6.2
10041,400.3,8,15.0,3202.4,2722.04,544.41
10042,325.13,12,10.0,3901.56,3511.4,702.28
10043,488.42,5,20.0,2442.1,1953.68,390.74
10044,477.45,15,0.0,7161.75,7161.75,1432.35
10045,343.36,7,5.0,2403.52,2283.34,456.67
10046,483.51,19,25.0,9186.69,6890.02,1378.0
10047,256.25,6,15.0,1537.5,1306.88,261.38
10048,368.03,18,20.0,6624.54,5299.63,1059.93
10049,320.62,19,20.0,6091.78,4873.42,974.68
10050,43.04,15,10.0,645.6,581.04,116.21
10051,347.03,6,25.0,2082.18,1561.63,312.33
10052,31.82,16,10.0,509.12,458.21,91.64
10053,46.57,20,20.0,931.4,745.12,149.02
10054,95.79,16,10.0,1532.64,1379.38,275.88
10055,394.41,20,15.0,7888.2,6704.97,1340.99
10056,66.09,7,0.0,462.63,462.63,92.53
10057,469.31,8,15.0,3754.48,3191.31,638.26
10058,463.66,11,5.0,5100.26,4845.25,969.05
10059,265.3,17,5.0,4510.1,4284.6,856.92
10060,160.59,4,25.0,642.36,481.77,96.35
10061,355.76,6,15.0,2134.56,1814.38,362.88
10062,456.77,2,0.0,913.54,913.54,182.71
10063,236.49,13,20.0,3074.37,2459.5,491.9
10064,215.69,15,15.0,3235.35,2750.05,550.01
10065,350.31,3,25.0,1050.93,788.2,157.64
10066,316.01,11,0.0,3476.11,3476.11,695.22
10067,259.35,6,15.0,1556.1,1322.69,264.54
10068,22.9,5,20.0,114.5,91.6,18.32
10069,447.3,7,10.0,3131.1,2817.99,563.6
10070,394.48,15,0.0,5917.2,5917.2,1183.44
10071,188.13,19,0.0,3574.47,3574.47,714.89
10072,61.69,18,10.0,1110.42,999.38,199.88
10073,403.64,16,20.0,6458.24,5166.59,1033.32
10074,322.2,18,20.0,5799.6,4639.68,927.94
10075,323.0,8,10.0,2584.0,2325.6,465.12
10076,242.26,11,25.0,2664.86,1998.64,399.73
10077,479.11,4,25.0,1916.44,1437.33,287.47
10078,407.67,4,25.0,1630.68,1223.01,244.6
10079,160.16,19,10.0,3043.04,2738.74,547.75
10080,444.85,9,0.0,4003.65,4003.65,800.73
10081,314.36,18,25.0,5658.48,4243.86,848.77
10082,62.61,5,20.0,313.05,250.44,50.09
10083,494.96,15,0.0,7424.4,7424.4,1484.88
10084,127.27,13,10.0,1654.51,1489.06,297.81
10085,148.8,20,0.0,2976.0,2976.0,595.2
10086,102.97,11,15.0,1132.67,962.77,192.55
10087,53.05,14,15.0,742.7,631.29,126.26
10088,251.76,14,20.0,3524.64,2819.71,563.94
10089,334.3,15,10.0,5014.5,4513.05,902.61
10090,315.16,10,25.0,3151.6,2363.7,472.74
10091,297.02,18,15.0,5346.36,4544.41,908.88
10092,191.37,9,20.0,1722.33,1377.86,275.57
10093,94.11,9,5.0,846.99,804.64,160.93
10094,298.37,13,10.0,3878.81,3490.93,698.19
10095,467.11,9,10.0,4203.99,3783.59,756.72
10096,353.95,8,15.0,2831.6,2406.86,481.37
10097,386.84,7,25.0,2707.88,2030.91,406.18
10098,291.86,18,10.0,5253.48,4728.13,945.63
10099,150.09,13,25.0,1951.17,1463.38,292.68
10100,250.34,18,10.0,4506.12,4055.51,811.1
