ID,Prix,Quantite,Remise
101,124.9,8,25
102,89.29,18,10
103,146.41,15,5
104,421.82,18,25
105,392.92,20,15
106,290.62,12,20
107,484.58,15,5
108,333.76,11,15
109,231.94,17,5
110,325.47,8,20
111,327.44,7,25
112,195.36,5,25
113,255.59,4,10
114,328.97,6,5
115,454.44,3,20
116,286.63,2,25
117,207.26,11,10
118,466.61,19,25
119,94.05,7,20
120,103.96,7,15
121,444.35,7,20
122,53.31,12,10
123,291.23,6,20
124,269.8,14,20
125,184.12,7,0
126,26.67,6,0
127,247.65,8,0
128,267.05,6,20
129,7.49,1,15
130,292.83,2,5
131,203.75,9,15
132,377.35,9,0
133,420.79,6,10
134,380.47,7,0
135,362.8,9,5
136,264.22,19,10
137,482.22,8,0
138,40.93,19,5
139,217.87,4,0
140,272.16,2,15
141,380.02,10,5
142,46.18,18,10
143,403.71,13,20
144,420.66,19,25
145,128.98,20,5
146,336.44,4,15
147,282.53,17,10
148,344.83,14,15
149,151.75,12,20
150,309.18,13,15
151,47.37,10,20
152,417.99,3,10
153,466.89,2,0
154,404.7,8,10
155,39.53,6,25
156,211.22,18,10
157,67.09,9,0
158,43.47,1,5
159,189.97,20,15
160,414.33,19,15
161,320.47,6,5
162,251.49,17,5
163,180.08,19,25
164,144.96,13,5
165,453.59,18,25
166,100.57,18,5
167,66.43,2,25
168,429.58,10,0
169,251.81,10,10
170,186.34,6,5
171,382.75,7,15
172,419.59,2,5
173,147.27,9,20
174,245.71,1,10
175,284.83,12,25
176,381.95,11,0
177,160.33,4,10
178,171.95,18,25
179,328.71,8,20
180,204.1,7,25
181,62.94,11,10
182,320.59,14,25
183,90.43,3,0
184,379.92,13,0
185,169.68,9,10
186,67.46,4,15
187,364.8,19,0
188,468.45,14,15
189,24.55,12,10
190,58.26,17,0
191,343.15,12,25
192,64.08,20,25
193,280.97,1,20
194,283.83,8,5
195,324.06,12,20
196,324.17,7,10
197,241.96,17,15
198,487.89,10,25
199,489.98,14,20
200,38.17,13,15
201,390.76,3,5
202,103.28,16,10
203,211.34,5,5
204,346.24,14,10
205,386.08,16,15
206,381.63,3,10
207,107.66,6,10
208,474.92,6,5
209,449.91,9,25
210,234.34,11,20
211,33.46,2,20
212,218.42,2,15
213,382.73,19,10
214,498.35,16,0
215,297.35,20,20
216,384.54,1,10
217,187.92,1,15
218,119.37,16,10
219,102.9,5,25
220,382.8,18,5
221,250.58,11,25
222,79.01,20,10
223,5.57,4,20
224,46.82,3,15
225,480.75,12,20
226,219.9,4,20
227,329.63,16,0
228,362.47,5,10
229,238.54,16,5
230,181.41,9,25
231,256.18,19,15
232,298.3,19,10
233,64.58,11,15
234,253.5,1,5
235,380.21,2,25
236,446.72,8,15
237,229.89,14,25
238,491.97,17,25
239,319.98,3,15
240,188.76,15,10
241,404.75,15,0
242,458.37,3,10
243,416.22,19,10
244,298.94,10,5
245,109.39,4,25
246,151.9,5,25
247,383.42,15,5
248,461.04,18,25
249,358.68,3,10
250,277.9,9,10
251,166.27,6,15
252,180.06,4,10
253,251.02,18,10
254,492.08,7,15
255,21.17,17,0
256,241.95,10,5
257,34.07,9,20
258,387.5,17,25
259,496.9,6,10
260,35.82,11,10
261,201.25,15,25
262,77.38,17,25
263,434.15,9,10
264,88.27,7,20
265,20.78,12,0
266,75.86,3,25
267,449.27,1,10
268,414.26,9,5
269,157.2,9,15
270,311.09,19,5
271,475.79,20,20
272,8.89,7,20
273,228.92,18,15
274,20.33,10,15
275,95.91,15,5
276,152.99,20,15
277,268.63,15,25
278,17.0,14,10
279,125.03,17,15
280,374.99,19,25
281,229.67,16,20
282,351.65,7,20
283,366.72,3,20
284,355.32,12,15
285,237.79,8,10
286,453.67,20,20
287,174.14,11,15
288,436.06,18,20
289,401.25,18,5
290,116.6,19,0
291,167.5,5,20
292,467.55,3,25
293,313.68,5,10
294,88.31,18,10
295,29.68,6,20
296,128.38,2,10
297,423.37,11,5
298,144.25,17,15
299,270.47,9,25
300,160.2,8,20
301,68.12,18,15
302,330.88,7,25
303,21.3,1,20
304,130.42,4,5
305,196.11,14,15
306,387.19,5,25
307,204.68,8,15
308,254.56,19,0
309,411.75,20,5
310,484.72,4,5
311,368.53,3,0
312,380.95,11,25
313,288.34,7,10
314,120.43,17,5
315,483.41,11,20
316,41.38,6,25
317,249.95,4,25
318,362.61,6,10
319,402.72,3,5
320,423.74,1,5
321,271.48,9,10
322,469.82,19,5
323,131.25,14,10
324,336.27,13,15
325,449.58,6,25
326,404.06,19,15
327,371.04,13,15
328,389.34,8,10
329,147.12,1,20
330,278.94,14,10
331,59.53,19,10
332,441.66,8,10
333,193.84,16,0
334,5.95,13,25
335,57.67,20,15
336,465.42,6,15
337,312.45,12,20
338,488.56,19,15
339,429.01,1,15
340,347.19,1,25
341,246.94,13,0
342,284.84,4,15
343,289.09,14,25
344,77.81,18,10
345,181.33,2,10
346,443.13,7,10
347,35.57,4,25
348,418.24,10,5
349,225.42,5,25
350,389.82,15,25
351,423.23,9,20
352,247.19,15,0
353,185.02,11,10
354,330.66,15,25
355,293.35,16,15
356,101.03,12,15
357,113.1,5,5
358,475.15,7,25
359,114.11,3,5
360,247.8,8,25
361,361.37,13,15
362,106.78,17,20
363,146.58,11,5
364,224.87,11,25
365,265.07,19,20
366,198.89,14,5
367,373.23,14,20
368,378.09,6,20
369,462.28,16,25
370,446.29,6,15
371,79.79,11,15
372,495.52,18,20
373,265.92,12,15
374,265.69,2,25
375,367.67,15,10
376,7.84,19,5
377,163.06,5,15
378,447.54,16,0
379,388.26,3,20
380,75.91,10,25
381,81.04,1,10
382,48.89,17,15
383,359.85,15,25
384,259.15,19,5
385,411.91,4,5
386,456.43,12,10
387,225.66,19,0
388,333.19,18,20
389,484.23,15,10
390,223.84,4,0
391,70.19,10,0
392,255.77,13,10
393,129.78,15,0
394,88.53,3,25
395,451.99,17,25
396,208.07,16,15
397,63.82,5,20
398,323.85,2,0
399,64.98,18,25
400,62.39,6,15
401,130.5,9,20
402,324.96,10,10
403,75.41,9,5
404,359.51,12,0
405,332.43,3,5
406,426.49,2,15
407,399.86,5,20
408,284.98,7,0
409,314.88,11,0
410,376.5,14,10
411,476.04,9,0
412,406.0,18,20
413,11.08,18,10
414,260.88,10,15
415,183.35,17,15
416,96.83,14,0
417,241.19,2,20
418,387.13,13,5
419,116.94,13,10
420,187.8,9,5
421,40.62,17,10
422,105.66,13,20
423,330.68,9,15
424,201.2,9,15
425,404.09,9,25
426,129.49,3,15
427,417.84,16,10
428,187.52,7,0
429,111.7,9,20
430,175.19,19,20
431,92.64,5,0
432,346.42,14,20
433,216.45,13,5
434,497.29,9,5
435,493.36,12,0
436,446.52,17,25
437,376.19,13,10
438,391.01,12,15
439,327.26,17,15
440,67.94,15,25
441,179.2,13,20
442,444.7,8,25
443,287.1,9,20
444,218.74,4,20
445,313.23,18,15
446,360.8,20,25
447,195.72,2,10
448,201.53,2,0
449,355.03,20,0
450,37.96,1,20
451,130.97,12,25
452,473.7,18,15
453,249.23,17,25
454,137.01,15,15
455,372.89,6,25
456,76.65,11,20
457,44.87,4,25
458,318.9,5,5
459,51.03,13,5
460,499.8,18,5
461,458.7,5,0
462,125.82,8,10
463,91.13,18,20
464,169.79,10,20
465,339.61,4,10
466,154.67,20,15
467,150.72,4,10
468,80.17,18,20
469,358.36,20,5
470,128.05,4,5
471,171.93,10,10
472,183.31,8,0
473,299.59,8,10
474,446.69,20,15
475,372.64,8,5
476,30.26,8,20
477,64.46,7,25
478,246.65,6,15
479,113.54,5,5
480,68.26,12,5
481,294.88,15,20
482,479.17,4,25
483,331.63,14,0
484,180.81,14,0
485,363.61,11,15
486,162.64,1,20
487,166.8,2,20
488,475.77,2,10
489,448.25,9,25
490,113.21,12,0
491,181.89,2,10
492,295.01,2,25
493,475.4,14,10
494,307.77,11,20
495,79.09,9,5
496,174.92,8,25
497,398.78,8,25
498,349.9,11,5
499,371.42,15,5
500,405.02,19,15
501,165.35,11,20
502,302.12,4,10
503,202.75,4,15
504,205.1,1,5
505,180.96,5,10
506,417.94,20,0
507,317.32,18,5
508,485.03,13,0
509,18.18,14,5
510,283.0,3,5
511,141.21,7,15
512,58.71,9,25
513,455.0,19,5
514,27.87,18,0
515,169.39,20,20
516,418.54,19,25
517,329.05,3,20
518,200.38,12,15
519,445.11,13,0
520,471.36,8,5
521,266.34,5,15
522,183.68,10,25
523,24.14,14,10
524,275.62,2,15
525,349.29,6,5
526,9.02,7,15
527,75.78,12,5
528,111.57,7,0
529,349.28,20,5
530,447.55,9,15
531,133.3,12,20
532,35.93,6,20
533,423.6,16,5
534,377.02,6,25
535,168.05,1,20
536,89.21,18,0
537,18.19,11,10
538,326.2,16,10
539,155.82,1,20
540,463.57,6,25
541,371.2,19,5
542,186.26,14,25
543,464.96,4,15
544,433.82,15,25
545,101.02,5,20
546,479.33,20,10
547,482.6,6,10
548,294.57,15,25
549,93.09,10,15
550,175.47,19,20
551,97.47,7,10
552,216.56,5,15
553,338.55,5,15
554,489.08,6,10
555,119.52,9,10
556,324.26,6,10
557,102.86,15,15
558,196.56,2,0
559,342.35,13,10
560,229.43,11,5
561,292.73,3,0
562,181.09,11,10
563,223.1,8,5
564,151.08,17,5
565,133.19,13,25
566,39.79,8,10
567,478.79,4,15
568,194.7,18,5
569,218.04,10,5
570,202.01,5,20
571,155.8,11,25
572,174.84,9,10
573,159.01,1,0
574,369.17,3,20
575,413.76,15,10
576,176.72,13,5
577,391.51,2,20
578,379.23,20,25
579,200.77,6,0
580,66.41,7,5
581,408.14,20,10
582,89.49,3,0
583,222.64,16,10
584,205.75,1,5
585,254.78,15,0
586,372.24,20,15
587,369.66,4,15
588,7.99,2,25
589,240.47,20,25
590,75.1,16,20
591,238.9,1,0
592,136.93,17,25
593,96.98,2,5
594,321.72,12,20
595,496.24,8,10
596,271.38,20,10
597,328.16,9,5
598,400.18,6,25
599,406.7,20,5
600,167.78,10,15
601,260.68,5,5
602,318.25,6,10
603,472.35,10,10
604,459.19,5,5
605,251.77,5,0
606,418.64,10,20
607,303.69,13,0
608,136.4,19,25
609,433.47,2,5
610,215.83,9,25
611,145.79,9,20
612,180.93,14,10
613,6.79,17,10
614,100.15,15,15
615,344.7,7,15
616,188.05,6,5
617,144.19,12,25
618,395.34,1,15
619,370.93,19,25
620,207.19,18,20
621,240.84,1,25
622,426.07,12,10
623,408.09,20,15
624,448.46,12,5
625,408.52,4,10
626,265.48,12,5
627,254.58,19,25
628,322.77,11,0
629,353.69,5,10
630,162.95,20,25
631,211.19,4,10
632,174.07,8,25
633,122.78,19,20
634,227.55,12,20
635,294.71,15,0
636,419.21,6,5
637,358.6,13,10
638,357.47,19,20
639,245.68,4,0
640,159.88,12,20
641,398.6,1,25
642,246.63,2,5
643,395.34,7,10
644,497.22,16,15
645,144.46,2,5
646,89.95,2,0
647,90.28,9,0
648,138.99,6,0
649,468.99,20,0
650,251.14,14,20
651,258.15,8,5
652,273.34,2,5
653,25.3,14,20
654,266.89,17,5
655,55.13,1,0
656,312.47,9,15
657,207.75,13,10
658,205.69,16,15
659,383.88,13,0
660,492.48,6,0
661,131.34,15,20
662,266.0,4,20
663,82.93,18,15
664,233.54,15,5
665,101.89,9,15
666,10.9,14,10
667,105.96,6,15
668,80.38,19,10
669,105.18,20,25
670,21.19,17,10
671,332.07,17,15
672,96.8,11,15
673,248.89,6,25
674,22.66,18,0
675,143.43,9,10
676,59.47,2,15
677,491.29,3,10
678,125.86,5,25
679,43.16,15,0
680,392.23,10,10
681,223.88,4,25
682,293.83,17,10
683,288.29,2,25
684,115.91,6,0
685,206.9,14,0
686,385.29,20,10
687,242.06,2,10
688,250.91,7,15
689,453.56,16,10
690,201.81,17,25
691,480.94,6,5
692,362.13,2,20
693,63.69,8,0
694,429.6,20,20
695,493.0,3,15
696,371.39,9,5
697,6.65,3,15
698,184.02,7,5
699,397.26,17,5
700,356.96,9,10
701,20.42,12,15
702,426.35,1,5
703,60.82,6,25
704,185.9,6,25
705,72.3,7,20
706,458.75,3,10
707,475.12,18,20
708,395.76,20,15
709,60.81,20,10
710,298.66,19,25
711,398.56,15,20
712,309.19,1,0
713,359.63,8,0
714,295.94,20,10
715,324.39,12,15
716,269.29,5,0
717,121.05,5,15
718,183.81,16,5
719,434.4,11,20
720,469.09,5,20
721,149.28,19,15
722,85.99,12,25
723,409.85,17,20
724,208.46,10,0
725,201.25,5,25
726,234.6,16,20
727,373.37,7,15
728,335.29,2,5
729,432.78,17,0
730,487.44,3,25
731,40.8,16,20
732,375.99,15,10
733,426.99,2,0
734,49.24,15,15
735,386.5,9,15
736,162.12,11,25
737,194.68,11,20
738,49.91,9,5
739,421.62,19,5
740,495.58,9,0
741,217.33,2,15
742,251.43,8,25
743,121.14,19,15
744,244.99,12,20
745,316.18,4,20
746,101.46,6,20
747,237.17,2,25
748,82.8,14,20
749,90.98,12,25
750,325.9,13,0
751,386.47,14,20
752,92.45,3,10
753,254.17,14,0
754,353.87,6,0
755,48.69,12,0
756,31.83,12,25
757,208.14,4,15
758,380.62,13,5
759,232.82,2,5
760,340.89,6,5
761,37.48,11,5
762,357.14,20,5
763,293.54,3,5
764,7.13,10,5
765,220.76,6,5
766,154.97,17,15
767,451.76,9,25
768,77.84,7,20
769,86.74,6,25
770,361.33,12,15
771,490.16,14,25
772,493.53,7,0
773,31.78,18,20
774,357.85,18,25
775,194.99,1,0
776,250.17,16,25
777,370.09,13,25
778,224.85,7,15
779,175.48,9,0
780,254.59,14,10
781,304.36,15,0
782,38.14,19,25
783,301.89,3,10
784,433.14,16,15
785,70.48,6,15
786,159.43,20,0
787,172.12,16,0
788,119.1,6,0
789,314.28,13,15
790,255.71,4,15
791,218.97,15,0
792,53.64,14,15
793,428.38,11,25
794,455.14,10,5
795,93.19,7,0
796,463.55,8,15
797,436.79,15,20
798,206.5,4,10
799,262.59,19,0
800,359.94,3,0
801,58.73,6,20
802,93.39,5,10
803,70.73,17,0
804,393.34,1,20
805,205.83,17,20
806,245.52,1,25
807,338.9,18,0
808,108.98,8,5
809,453.45,6,10
810,127.17,20,0
811,350.33,13,25
812,172.77,3,20
813,200.26,15,25
814,50.77,6,20
815,410.22,9,0
816,464.91,9,5
817,66.72,5,0
818,19.87,20,10
819,70.69,6,20
820,8.57,19,15
821,404.99,17,25
822,161.66,10,5
823,29.48,14,10
824,170.94,4,20
825,352.14,2,25
826,92.65,3,20
827,269.84,9,25
828,414.8,5,20
829,238.42,3,5
830,262.53,11,25
831,255.76,12,20
832,23.13,1,25
833,61.1,17,5
834,36.32,10,15
835,435.56,16,25
836,25.49,15,5
837,253.6,19,5
838,148.9,7,5
839,80.12,14,10
840,385.69,7,25
841,179.2,7,5
842,480.56,1,5
843,404.1,15,25
844,483.64,4,5
845,44.87,14,0
846,342.11,16,5
847,409.78,14,0
848,455.91,14,10
849,208.99,2,10
850,100.17,2,25
851,388.95,9,10
852,421.27,17,15
853,316.9,14,5
854,261.36,1,25
855,186.0,8,0
856,235.79,9,5
857,75.1,7,10
858,12.19,1,5
859,174.39,4,20
860,160.58,14,20
861,390.07,19,25
862,108.14,10,10
863,439.88,10,20
864,398.18,5,10
865,306.14,12,15
866,30.13,3,25
867,435.29,2,0
868,194.7,6,10
869,194.06,8,10
870,133.71,16,0
871,457.51,10,25
872,218.01,4,0
873,30.07,18,0
874,83.12,4,15
875,290.65,15,25
876,352.69,19,20
877,471.5,13,15
878,209.03,4,10
879,24.3,18,20
880,197.44,9,20
881,332.43,9,5
882,383.29,4,25
883,411.92,1,20
884,223.58,13,25
885,424.26,13,0
886,482.23,7,5
887,231.86,9,0
888,426.35,8,0
889,412.67,9,25
890,412.56,20,10
891,213.95,9,10
892,359.73,11,20
893,85.77,15,15
894,239.23,8,25
895,413.83,9,20
896,367.34,17,0
897,121.9,9,15
898,255.29,16,0
899,335.85,8,15
900,109.43,3,5
901,179.69,18,15
902,355.98,4,25
903,243.61,6,5
904,72.51,20,25
905,328.29,7,25
906,437.75,19,0
907,167.64,10,15
908,125.24,10,25
909,88.51,13,25
910,276.73,8,15
911,25.08,18,20
912,347.21,4,5
913,326.88,19,25
914,447.65,5,15
915,94.93,7,15
916,416.98,13,25
917,261.89,10,15
918,82.07,17,10
919,473.2,12,0
920,285.79,1,5
921,330.11,14,15
922,19.57,14,25
923,203.05,13,10
924,449.29,15,5
925,233.65,7,20
926,259.97,4,20
927,67.62,1,0
928,264.21,8,15
929,165.13,3,15
930,191.22,13,15
931,108.32,10,0
932,255.58,4,5
933,301.57,8,0
934,174.96,18,15
935,175.6,10,15
936,387.31,6,10
937,370.33,15,0
938,492.13,19,5
939,64.48,13,25
940,134.83,6,15
941,27.39,10,0
942,42.07,8,5
943,344.32,7,25
944,71.96,8,25
945,32.01,6,5
946,417.31,16,20
947,152.19,19,0
948,434.36,3,20
949,229.51,9,0
950,167.14,8,0
951,22.68,6,5
952,118.24,7,15
953,423.29,19,0
954,284.34,12,5
955,321.43,13,25
956,138.4,2,15
957,238.84,16,5
958,424.68,2,10
959,157.29,6,15
960,384.39,3,20
961,77.58,14,25
962,66.63,17,15
963,91.16,12,25
964,74.18,15,5
965,396.72,17,0
966,266.33,4,15
967,58.26,1,15
968,341.67,2,15
969,344.09,9,15
970,483.41,12,0
971,468.21,6,5
972,183.19,10,20
973,77.67,3,20
974,261.4,14,5
975,383.53,1,5
976,305.14,13,15
977,339.23,5,20
978,399.06,3,10
979,86.78,19,10
980,449.81,6,25
981,267.23,9,5
982,103.53,10,0
983,267.73,13,20
984,387.59,15,5
985,123.71,17,20
986,372.2,8,10
987,104.31,12,0
988,225.17,4,10
989,362.9,4,25
990,239.68,6,15
991,138.88,10,5
992,187.15,1,10
993,201.67,20,25
994,493.87,9,20
995,426.36,1,25
996,200.48,7,10
997,88.72,5,20
998,121.61,19,20
999,264.07,12,5
1000,247.39,11,10
1001,56.67,12,25
1002,165.26,18,5
1003,422.53,14,5
1004,5.77,5,25
1005,198.07,12,20
1006,447.34,18,10
1007,213.73,9,25
1008,241.62,15,20
1009,394.15,14,25
1010,466.04,14,10
1011,446.15,5,5
1012,90.37,6,15
1013,426.61,16,15
1014,207.9,4,0
1015,298.74,8,20
1016,434.03,18,15
1017,180.52,4,0
1018,448.6,8,5
1019,442.34,19,0
1020,34.18,15,20
1021,487.6,20,15
1022,439.98,15,10
1023,115.02,14,20
1024,444.34,16,5
1025,146.75,12,20
1026,371.96,1,0
1027,200.08,7,5
1028,77.33,13,25
1029,78.91,20,15
1030,72.84,19,0
1031,61.13,15,15
1032,429.78,5,5
1033,192.85,12,5
1034,33.27,10,0
1035,342.98,6,0
1036,358.48,2,0
1037,71.8,16,20
1038,439.67,19,10
1039,84.93,16,5
1040,169.78,20,0
1041,330.61,9,20
1042,39.51,20,10
1043,36.98,20,20
1044,203.49,7,25
1045,343.71,10,15
1046,266.41,7,25
1047,391.76,15,25
1048,318.1,4,20
1049,398.19,15,0
1050,399.75,12,20
1051,284.36,16,25
1052,261.24,18,15
1053,314.66,15,15
1054,360.02,9,0
1055,303.28,9,25
1056,13.4,16,0
1057,263.1,8,25
1058,114.25,9,5
1059,65.52,20,15
1060,496.16,19,20
1061,442.88,14,10
1062,178.31,10,15
1063,48.08,10,15
1064,54.09,5,25
1065,276.64,8,10
1066,362.07,6,20
1067,426.12,7,10
1068,240.56,11,25
1069,280.23,6,5
1070,370.26,17,10
1071,437.04,10,15
1072,26.23,14,0
1073,18.95,14,25
1074,357.66,2,5
1075,238.81,9,20
1076,167.88,12,0
1077,221.36,3,25
1078,234.41,4,20
1079,59.42,1,5
1080,449.36,16,15
1081,366.32,9,10
1082,54.93,11,10
1083,381.18,10,5
1084,60.85,18,15
1085,457.8,18,10
1086,165.12,13,20
1087,482.11,2,20
1088,107.4,11,10
1089,228.96,1,15
1090,139.85,18,20
1091,187.3,2,5
1092,391.68,4,5
1093,216.27,18,20
1094,398.75,17,10
1095,7.53,19,5
1096,112.82,17,15
1097,414.71,5,20
1098,326.95,7,5
1099,25.31,3,10
1100,180.33,18,25
1101,237.05,11,5
1102,116.63,10,0
1103,214.0,16,5
1104,401.29,13,5
1105,299.69,2,0
1106,105.48,11,20
1107,96.06,12,20
1108,135.13,19,20
1109,106.58,12,0
1110,413.68,6,25
1111,114.37,5,20
1112,346.91,3,20
1113,295.48,10,0
1114,486.16,9,15
1115,240.69,8,5
1116,161.17,2,20
1117,98.63,15,15
1118,82.26,1,20
1119,373.37,12,10
1120,452.22,16,10
1121,182.62,15,15
1122,24.68,14,20
1123,316.63,5,25
1124,263.08,8,15
1125,359.87,12,25
1126,155.48,6,25
1127,442.7,5,20
1128,193.19,4,15
1129,458.48,7,25
1130,26.07,8,0
1131,191.88,4,10
1132,17.11,3,0
1133,329.41,10,25
1134,329.83,2,15
1135,451.36,10,15
1136,432.62,8,0
1137,270.2,17,15
1138,436.94,5,10
1139,384.87,20,25
1140,166.89,7,15
1141,308.8,10,5
1142,456.53,18,20
1143,461.87,9,15
1144,229.68,12,20
1145,172.86,16,20
1146,452.99,10,20
1147,304.44,20,0
1148,322.3,10,20
1149,423.75,11,0
1150,145.2,17,15
1151,234.66,10,20
1152,107.36,3,5
1153,227.39,3,10
1154,477.2,11,25
1155,244.78,11,25
1156,443.43,11,5
1157,326.57,9,0
1158,10.09,20,15
1159,413.69,8,0
1160,105.41,4,20
1161,144.59,8,10
1162,75.35,3,10
1163,78.04,15,10
1164,263.4,3,15
1165,477.23,11,0
1166,296.6,20,25
1167,93.75,11,0
1168,256.75,15,10
1169,462.39,2,15
1170,57.43,19,0
1171,208.4,4,0
1172,62.62,19,10
1173,14.57,8,0
1174,423.61,18,5
1175,132.47,9,0
1176,42.51,17,15
1177,185.96,19,20
1178,292.03,19,25
1179,19.9,3,10
1180,72.85,18,15
1181,382.39,10,25
1182,30.01,19,20
1183,172.16,18,10
1184,449.64,20,15
1185,320.1,15,0
1186,314.6,11,0
1187,270.36,15,10
1188,481.35,8,20
1189,60.33,12,10
1190,429.13,5,10
1191,277.5,15,20
1192,433.01,16,0
1193,385.01,7,15
1194,196.13,9,10
1195,17.24,2,0
1196,200.57,3,10
1197,123.42,19,15
1198,462.9,5,15
1199,236.53,5,15
1200,357.83,20,15
1201,83.21,7,10
1202,179.8,1,15
1203,259.73,19,5
1204,240.11,4,20
1205,66.8,11,20
1206,291.18,2,5
1207,299.63,12,15
1208,183.12,17,10
1209,213.06,6,10
1210,63.64,1,5
1211,270.79,1,0
1212,301.14,9,20
1213,334.26,5,20
1214,381.39,9,20
1215,473.72,11,0
1216,298.63,9,10
1217,275.84,9,10
1218,367.4,5,5
1219,203.54,17,5
1220,387.51,3,0
1221,343.25,19,5
1222,376.47,11,20
1223,160.77,15,25
1224,475.21,14,25
1225,57.38,20,25
1226,107.15,19,25
1227,186.66,3,25
1228,376.77,16,10
1229,215.44,7,15
1230,330.69,10,5
1231,338.2,6,20
1232,84.38,10,5
1233,60.87,9,25
1234,345.91,8,10
1235,317.62,12,25
1236,169.81,18,10
1237,391.29,18,20
1238,141.77,5,20
1239,440.12,10,20
1240,423.68,9,25
1241,36.04,10,15
1242,155.06,10,20
1243,93.33,4,10
1244,418.44,13,20
1245,321.44,20,0
1246,230.45,9,15
1247,72.69,16,5
1248,322.53,12,20
1249,101.71,19,10
1250,427.48,11,5
1251,327.83,11,10
1252,172.99,8,15
1253,299.76,20,25
1254,455.87,12,20
1255,376.79,11,0
1256,236.09,3,15
1257,174.29,1,0
1258,10.99,4,10
1259,436.06,2,20
1260,272.96,3,5
1261,360.46,17,25
1262,481.57,9,20
1263,408.86,5,15
1264,328.1,7,20
1265,218.35,9,0
1266,320.85,16,5
1267,226.84,4,20
1268,397.24,18,0
1269,149.29,5,25
1270,26.44,2,0
1271,241.68,4,0
1272,381.65,3,0
1273,161.2,4,20
1274,248.6,20,0
1275,399.69,17,0
1276,212.67,15,15
1277,332.84,8,0
1278,493.2,2,0
1279,148.36,1,5
1280,297.26,3,25
1281,371.82,18,15
1282,151.75,11,5
1283,192.65,4,5
1284,342.72,13,5
1285,421.03,2,20
1286,374.23,11,25
1287,160.39,13,10
1288,472.23,20,0
1289,22.08,12,25
1290,394.06,8,20
1291,437.83,7,0
1292,382.51,4,20
1293,200.43,15,5
1294,208.93,9,0
1295,168.67,1,15
1296,429.73,7,0
1297,167.47,3,10
1298,143.1,12,5
1299,42.88,16,0
1300,447.18,5,10
1301,317.93,9,20
1302,292.9,2,15
1303,13.99,17,20
1304,101.77,16,10
1305,141.41,9,5
1306,387.34,20,20
1307,433.78,2,25
1308,194.16,18,5
1309,331.35,7,15
1310,230.83,12,25
1311,374.35,12,25
1312,127.06,13,5
1313,119.01,8,0
1314,16.35,2,20
1315,224.37,1,15
1316,12.0,9,0
1317,215.83,8,25
1318,395.89,18,5
1319,245.86,20,20
1320,30.35,20,25
1321,337.58,3,10
1322,479.95,14,20
1323,319.81,19,25
1324,265.95,14,20
1325,429.11,3,10
1326,222.66,18,5
1327,474.84,8,10
1328,57.91,16,10
1329,343.81,2,15
1330,7.44,13,10
1331,111.14,4,25
1332,133.39,14,20
1333,464.76,19,25
1334,98.12,19,25
1335,402.58,16,15
1336,130.36,7,15
1337,304.75,8,0
1338,384.13,12,10
1339,111.26,1,0
1340,424.43,11,0
1341,305.86,4,25
1342,249.54,12,20
1343,24.04,1,15
1344,135.04,11,5
1345,216.04,9,15
1346,291.05,7,15
1347,219.64,9,10
1348,66.1,18,5
1349,384.61,15,5
1350,88.78,4,0
1351,382.46,9,0
1352,35.29,18,10
1353,397.8,10,0
1354,117.22,1,20
1355,140.07,19,20
1356,340.05,5,0
1357,350.92,7,25
1358,36.53,2,5
1359,8.81,13,15
1360,368.56,6,25
1361,99.79,17,25
1362,403.33,6,5
1363,58.29,13,15
1364,319.18,19,0
1365,210.03,11,20
1366,226.2,3,20
1367,465.05,19,10
1368,141.14,3,0
1369,144.71,11,15
1370,129.03,17,15
1371,366.0,15,20
1372,410.19,18,5
1373,10.97,12,25
1374,336.4,6,0
1375,72.05,2,25
1376,137.81,9,20
1377,225.74,14,10
1378,69.75,6,15
1379,320.92,2,0
1380,459.72,11,15
1381,268.77,16,20
1382,275.19,10,0
1383,316.35,12,15
1384,491.89,19,15
1385,320.13,13,20
1386,185.41,5,0
1387,24.66,2,25
1388,263.96,2,0
1389,14.55,6,20
1390,445.82,6,5
1391,499.44,12,15
1392,220.33,5,10
1393,263.64,3,25
1394,291.15,15,10
1395,494.14,3,25
1396,345.59,17,5
1397,398.06,5,5
1398,105.09,11,0
1399,278.1,11,5
1400,122.89,13,15
1401,106.44,4,20
1402,36.25,13,0
1403,150.36,4,15
1404,83.39,16,20
1405,226.91,19,25
1406,338.91,16,25
1407,95.01,9,0
1408,173.35,13,15
1409,352.13,13,15
1410,441.53,13,10
1411,430.85,13,5
1412,64.69,7,5
1413,315.88,14,15
1414,363.97,18,5
1415,232.0,20,10
1416,357.31,13,20
1417,295.45,9,5
1418,122.04,6,0
1419,34.92,4,0
1420,219.92,15,5
1421,322.01,14,25
1422,269.65,18,10
1423,194.4,13,25
1424,268.7,11,10
1425,67.77,3,20
1426,492.06,12,0
1427,477.23,7,20
1428,130.38,8,5
1429,256.36,7,5
1430,153.09,3,15
1431,410.0,7,25
1432,334.07,20,0
1433,331.49,16,15
1434,455.72,2,15
1435,46.74,19,15
1436,492.84,10,15
1437,173.81,2,10
1438,18.63,18,5
1439,75.76,14,20
1440,208.92,1,10
1441,67.99,9,25
1442,319.83,3,10
1443,73.7,3,10
1444,61.68,7,5
1445,498.5,14,0
1446,393.0,15,0
1447,327.36,3,20
1448,294.17,8,5
1449,314.23,14,0
1450,308.58,7,0
1451,462.58,5,5
1452,172.57,5,20
1453,104.24,1,20
1454,113.17,4,5
1455,319.62,19,5
1456,245.54,18,5
1457,453.84,11,0
1458,214.32,6,15
1459,114.59,5,5
1460,288.47,14,5
1461,56.51,8,0
1462,193.04,2,5
1463,410.1,19,10
1464,477.3,14,15
1465,378.82,6,0
1466,26.17,10,0
1467,97.98,18,5
1468,217.45,2,20
1469,442.74,20,20
1470,440.67,18,5
1471,401.36,3,15
1472,58.95,14,15
1473,16.74,9,20
1474,243.67,14,0
1475,201.63,7,25
1476,162.01,11,0
1477,5.03,12,10
1478,186.6,20,0
1479,454.41,19,15
1480,131.94,2,15
1481,347.3,7,5
1482,483.69,13,15
1483,140.57,1,20
1484,365.5,1,10
1485,163.72,10,15
1486,116.52,19,25
1487,364.97,6,0
1488,100.37,14,25
1489,159.38,18,20
1490,95.43,8,5
1491,83.21,5,15
1492,120.22,15,20
1493,379.17,5,5
1494,442.15,12,10
1495,53.47,3,10
1496,315.41,1,0
1497,270.07,17,15
1498,216.34,9,0
1499,41.36,1,25
1500,354.63,19,10
1501,74.87,9,0
1502,198.66,6,0
1503,75.12,10,20
1504,169.77,11,20
1505,249.56,20,5
1506,95.35,1,10
1507,232.81,17,5
1508,377.35,10,20
1509,164.96,18,10
1510,74.93,10,0
1511,376.64,17,20
1512,488.64,6,25
1513,425.21,17,5
1514,498.27,5,10
1515,416.6,12,15
1516,417.53,13,20
1517,353.12,5,25
1518,70.94,16,25
1519,277.37,7,15
1520,292.02,17,10
1521,302.41,10,25
1522,431.21,17,25
1523,191.76,12,10
1524,310.39,19,0
1525,306.88,1,0
1526,457.73,14,25
1527,19.24,11,15
1528,393.9,3,20
1529,252.82,10,5
1530,46.25,13,10
1531,397.96,7,25
1532,56.25,8,20
1533,320.18,19,0
1534,16.01,4,5
1535,71.35,19,25
1536,19.09,15,20
1537,281.25,4,20
1538,45.93,9,20
1539,229.44,2,15
1540,405.61,9,10
1541,494.68,12,5
1542,275.98,5,15
1543,436.5,19,10
1544,175.43,2,0
1545,247.88,17,5
1546,477.05,11,25
1547,312.85,19,10
1548,303.16,20,15
1549,303.87,11,25
1550,122.77,12,20
1551,274.09,3,5
1552,15.44,4,15
1553,91.26,2,0
1554,223.13,10,15
1555,475.3,13,15
1556,229.41,1,5
1557,212.94,13,15
1558,218.75,12,10
1559,287.01,18,5
1560,385.97,6,0
1561,10.04,11,15
1562,115.59,17,20
1563,32.94,14,10
1564,106.55,15,10
1565,9.34,14,20
1566,497.77,14,10
1567,46.02,4,10
1568,35.44,17,20
1569,142.09,12,10
1570,10.74,6,20
1571,406.66,8,0
1572,233.66,16,20
1573,109.48,16,10
1574,422.74,16,10
1575,212.17,4,0
1576,363.33,12,15
1577,385.65,17,5
1578,476.18,1,20
1579,108.19,15,5
1580,135.46,12,15
1581,34.02,7,25
1582,467.64,18,0
1583,134.54,10,15
1584,393.5,16,0
1585,170.39,17,5
1586,53.22,2,0
1587,435.44,7,5
1588,193.26,8,25
1589,285.02,14,20
1590,325.59,8,10
1591,123.08,14,15
1592,405.08,17,10
1593,275.45,16,20
1594,384.18,15,20
1595,486.36,20,10
1596,232.95,20,10
1597,468.19,17,15
1598,301.26,3,5
1599,71.52,1,15
1600,395.0,7,25
1601,333.01,16,20
1602,491.68,10,5
1603,160.29,14,20
1604,231.36,3,25
1605,178.16,12,5
1606,332.51,7,25
1607,301.16,14,10
1608,167.91,19,15
1609,118.85,19,15
1610,447.16,18,20
1611,27.34,15,25
1612,96.48,13,20
1613,135.06,5,15
1614,440.66,9,5
1615,411.42,5,25
1616,308.45,18,10
1617,468.05,12,25
1618,331.51,19,5
1619,124.86,20,25
1620,292.14,3,10
1621,81.8,8,5
1622,433.07,20,10
1623,266.78,20,15
1624,64.74,7,10
1625,22.12,6,20
1626,414.45,14,15
1627,36.67,20,0
1628,401.1,19,10
1629,31.11,10,10
1630,79.18,20,25
1631,51.13,18,20
1632,428.92,2,10
1633,96.85,3,10
1634,379.78,9,0
1635,452.63,9,15
1636,218.82,15,10
1637,18.23,3,25
1638,67.51,1,20
1639,178.02,6,20
1640,216.63,3,25
1641,260.9,18,20
1642,185.68,13,5
1643,431.35,20,15
1644,421.69,14,5
1645,436.06,14,10
1646,69.32,12,20
1647,130.27,20,20
1648,204.33,7,25
1649,340.53,15,25
1650,353.8,3,15
1651,444.19,8,10
1652,455.28,20,0
1653,230.75,4,0
1654,307.65,11,0
1655,165.42,4,20
1656,353.9,19,15
1657,42.33,18,25
1658,400.48,2,10
1659,397.42,15,5
1660,441.83,3,15
1661,120.27,2,5
1662,134.27,12,20
1663,138.14,6,5
1664,230.13,15,10
1665,247.64,13,5
1666,234.43,18,10
1667,306.52,13,15
1668,35.69,6,10
1669,252.66,14,25
1670,369.54,19,0
1671,390.01,5,10
1672,46.75,19,15
1673,200.87,12,25
1674,364.87,13,25
1675,238.56,19,10
1676,196.29,17,5
1677,177.14,6,20
1678,323.5,8,0
1679,42.24,14,20
1680,342.54,18,20
1681,66.79,9,5
1682,16.6,4,5
1683,80.41,12,10
1684,88.21,4,5
1685,168.89,7,5
1686,422.1,20,0
1687,199.05,8,0
1688,335.28,6,10
1689,88.76,13,25
1690,401.98,17,25
1691,303.43,11,5
1692,179.09,6,5
1693,167.65,8,15
1694,224.84,9,25
1695,482.41,2,15
1696,155.41,6,0
1697,232.84,3,25
1698,136.01,7,25
1699,173.13,8,25
1700,338.84,8,5
1701,251.97,7,15
1702,377.37,10,15
1703,219.44,3,25
1704,92.34,19,15
1705,340.3,10,20
1706,315.36,13,25
1707,76.23,13,20
1708,200.12,11,20
1709,483.52,12,20
1710,212.63,11,25
1711,344.53,6,10
1712,379.35,6,15
1713,486.25,16,0
1714,23.54,11,0
1715,131.55,14,15
1716,314.22,8,10
1717,252.38,10,0
1718,486.96,6,0
1719,20.2,11,15
1720,265.33,3,20
1721,279.31,5,10
1722,423.12,9,10
1723,12.9,20,5
1724,266.3,7,0
1725,178.47,11,5
1726,317.84,6,5
1727,81.98,19,25
1728,421.73,12,10
1729,145.71,6,10
1730,166.33,14,15
1731,114.68,2,20
1732,269.85,3,5
1733,342.59,1,10
1734,458.93,12,15
1735,445.15,20,10
1736,86.09,16,10
1737,332.04,20,10
1738,196.77,8,20
1739,259.36,2,20
1740,152.75,4,5
1741,128.01,12,0
1742,62.39,6,0
1743,280.22,13,0
1744,199.15,4,5
1745,492.37,1,20
1746,59.89,15,5
1747,77.39,1,20
1748,126.69,16,25
1749,31.94,4,20
1750,388.56,5,10
1751,185.47,14,25
1752,490.07,17,15
1753,368.65,3,15
1754,35.52,20,25
1755,414.72,16,0
1756,80.0,2,15
1757,283.98,20,0
1758,147.77,13,0
1759,128.23,3,25
1760,475.78,18,5
1761,166.18,1,10
1762,461.33,11,15
1763,39.7,20,20
1764,477.09,5,15
1765,498.76,3,0
1766,340.95,12,10
1767,496.79,5,10
1768,5.66,12,0
1769,419.0,8,0
1770,257.78,4,5
1771,473.8,11,15
1772,449.56,13,5
1773,162.35,15,0
1774,393.23,6,15
1775,306.11,3,20
1776,332.08,11,15
1777,102.64,16,5
1778,67.16,16,5
1779,485.64,19,25
1780,269.9,12,0
1781,355.21,9,15
1782,84.29,10,15
1783,467.87,20,25
1784,308.86,5,5
1785,246.02,12,10
1786,177.76,6,20
1787,251.63,13,0
1788,238.99,2,10
1789,443.32,11,20
1790,82.33,5,10
1791,106.77,2,15
1792,222.49,1,15
1793,367.35,15,0
1794,129.95,3,25
1795,318.93,20,0
1796,37.62,17,10
1797,431.93,18,20
1798,107.87,13,0
1799,336.88,1,25
1800,233.79,12,10
1801,321.41,8,5
1802,331.96,19,5
1803,372.71,4,25
1804,369.12,3,10
1805,195.28,20,0
1806,163.12,4,20
1807,453.93,13,0
1808,80.17,18,5
1809,183.77,17,0
1810,214.05,8,15
1811,85.18,3,15
1812,304.15,16,0
1813,11.04,2,0
1814,90.9,20,15
1815,485.24,8,10
1816,273.84,3,20
1817,236.75,4,25
1818,241.23,6,10
1819,390.38,4,25
1820,269.69,20,15
1821,21.49,6,25
1822,48.69,17,25
1823,95.94,10,0
1824,234.59,6,15
1825,497.95,6,5
1826,280.67,19,10
1827,48.64,2,20
1828,357.17,17,5
1829,414.91,2,10
1830,320.19,16,15
1831,22.43,12,20
1832,282.98,11,5
1833,98.9,17,5
1834,72.86,7,5
1835,70.63,1,15
1836,250.07,1,20
1837,230.72,7,0
1838,250.79,3,5
1839,163.49,7,15
1840,165.22,14,25
1841,495.98,13,0
1842,206.62,13,10
1843,282.82,8,10
1844,5.04,14,10
1845,19.22,3,10
1846,264.52,5,25
1847,320.57,2,20
1848,259.99,9,25
1849,456.97,2,10
1850,386.84,11,25
1851,100.36,20,20
1852,284.29,5,10
1853,143.44,8,25
1854,206.45,2,5
1855,86.16,10,25
1856,122.05,13,15
1857,159.63,20,20
1858,41.51,5,20
1859,200.49,13,25
1860,285.0,1,25
1861,486.94,15,0
1862,250.85,13,15
1863,492.93,11,10
1864,20.77,12,5
1865,457.55,19,15
1866,54.02,6,0
1867,277.46,13,0
1868,375.19,18,0
1869,406.3,5,20
1870,91.8,6,5
1871,275.76,18,20
1872,83.06,8,25
1873,253.09,6,15
1874,410.87,4,5
1875,303.48,4,5
1876,51.69,20,15
1877,124.33,5,0
1878,329.47,14,0
1879,236.71,17,10
1880,138.61,20,20
1881,359.67,1,0
1882,94.21,20,15
1883,285.17,18,10
1884,41.28,15,20
1885,388.63,15,10
1886,194.63,18,20
1887,226.26,9,25
1888,439.23,5,15
1889,169.39,12,0
1890,140.35,2,0
1891,498.69,17,5
1892,434.6,7,5
1893,457.78,5,0
1894,173.43,11,20
1895,249.71,12,0
1896,434.53,11,15
1897,237.71,9,0
1898,66.11,17,5
1899,80.88,20,15
1900,74.79,14,5
1901,358.38,3,0
1902,321.88,1,25
1903,461.85,9,5
1904,414.82,16,0
1905,172.22,1,10
1906,103.65,5,20
1907,230.32,19,15
1908,240.68,4,0
1909,422.89,2,15
1910,194.72,12,10
1911,348.28,13,25
1912,167.94,10,20
1913,16.47,6,15
1914,343.27,10,25
1915,88.12,20,15
1916,490.18,14,0
1917,303.3,15,0
1918,471.57,16,5
1919,446.08,13,5
1920,361.99,10,10
1921,295.52,15,20
1922,340.04,16,0
1923,192.21,6,15
1924,210.52,16,15
1925,374.65,10,25
1926,123.63,8,15
1927,441.04,14,20
1928,397.79,17,5
1929,342.96,7,15
1930,396.75,6,20
1931,389.42,13,25
1932,426.47,16,15
1933,309.22,15,25
1934,167.28,7,10
1935,28.96,7,5
1936,149.02,12,10
1937,239.54,13,0
1938,452.08,20,25
1939,319.66,11,20
1940,158.47,8,5
1941,471.29,18,0
1942,101.08,1,25
1943,240.7,17,10
1944,88.82,2,20
1945,185.33,15,0
1946,165.03,20,25
1947,129.47,16,10
1948,342.26,4,10
1949,187.64,19,10
1950,233.01,2,10
1951,183.15,6,5
1952,190.18,2,10
1953,147.95,9,5
1954,439.3,6,25
1955,304.19,11,25
1956,204.1,11,20
1957,454.87,1,5
1958,59.38,19,5
1959,90.99,14,10
1960,225.08,9,0
1961,138.88,20,20
1962,171.96,20,25
1963,376.79,6,10
1964,15.57,16,0
1965,416.94,6,10
1966,122.67,14,15
1967,255.65,3,25
1968,75.94,19,20
1969,398.19,8,20
1970,156.69,20,0
1971,343.39,2,20
1972,348.22,9,10
1973,391.5,17,5
1974,73.29,18,25
1975,19.27,8,10
1976,395.84,6,25
1977,202.05,4,10
1978,360.06,1,25
1979,98.6,13,25
1980,79.03,2,10
1981,363.89,15,25
1982,447.05,14,25
1983,353.98,14,0
1984,485.76,2,15
1985,434.27,11,20
1986,361.92,4,20
1987,35.55,3,10
1988,153.71,19,5
1989,473.7,15,25
1990,82.01,2,5
1991,483.27,20,5
1992,305.24,6,10
1993,182.75,6,20
1994,217.17,1,10
1995,217.36,9,10
1996,326.7,20,10
1997,102.44,1,20
1998,96.47,20,0
1999,161.68,8,15
2000,254.73,6,20
2001,41.03,16,10
2002,269.17,20,25
2003,496.97,9,20
2004,313.17,3,15
2005,174.24,4,20
2006,197.39,17,25
2007,372.45,5,5
2008,162.27,1,5
2009,164.9,8,20
2010,234.0,3,10
2011,233.96,9,20
2012,80.65,13,20
2013,221.04,13,0
2014,25.15,7,25
2015,444.45,20,5
2016,197.56,4,0
2017,450.31,4,15
2018,211.2,17,15
2019,12.3,19,5
2020,138.61,12,10
2021,489.49,9,10
2022,481.59,5,5
2023,443.13,10,10
2024,164.14,4,0
2025,81.37,4,5
2026,114.6,13,0
2027,29.35,18,25
2028,151.52,6,15
2029,388.84,19,25
2030,162.49,3,5
2031,474.71,15,15
2032,62.54,16,0
2033,114.75,5,20
2034,348.61,4,25
2035,90.71,19,20
2036,166.16,19,0
2037,110.07,19,25
2038,35.57,10,20
2039,56.96,19,5
2040,390.32,11,10
2041,14.56,5,10
2042,68.65,9,0
2043,346.62,14,10
2044,405.91,16,5
2045,169.28,5,25
2046,414.22,11,20
2047,488.57,20,5
2048,353.28,9,10
2049,411.27,4,15
2050,140.35,12,0
2051,295.3,19,0
2052,46.94,6,10
2053,359.79,9,20
2054,218.86,18,20
2055,275.72,11,0
2056,303.77,10,25
2057,475.32,17,0
2058,142.92,6,10
2059,367.35,17,15
2060,316.07,6,20
2061,249.77,10,15
2062,395.7,13,10
2063,191.03,12,5
2064,219.42,19,0
2065,156.7,8,25
2066,70.31,17,10
2067,130.79,3,10
2068,417.78,16,25
2069,421.55,11,10
2070,385.44,18,5
2071,208.7,12,5
2072,475.65,5,10
2073,254.13,1,25
2074,16.72,1,20
2075,122.81,2,10
2076,60.63,2,15
2077,313.05,4,5
2078,24.91,2,5
2079,56.07,14,5
2080,325.84,20,10
2081,98.92,5,0
2082,380.1,8,5
2083,106.54,12,15
2084,105.57,19,0
2085,18.66,3,5
2086,382.74,1,5
2087,257.27,5,10
2088,428.79,11,5
2089,218.16,10,15
2090,58.65,4,25
2091,73.15,2,20
2092,131.4,4,0
2093,127.06,9,0
2094,180.7,18,0
2095,451.54,19,20
2096,477.41,12,20
2097,239.55,6,10
2098,434.29,1,5
2099,77.69,15,20
2100,232.23,12,20
2101,300.19,20,15
2102,401.23,13,10
2103,139.29,11,10
2104,375.32,9,20
2105,394.46,17,20
2106,260.85,6,0
2107,107.16,18,10
2108,162.06,14,15
2109,158.65,17,0
2110,81.82,20,25
2111,114.85,16,0
2112,106.29,13,0
2113,300.25,15,5
2114,128.3,6,5
2115,161.38,5,0
2116,75.12,17,5
2117,292.28,4,10
2118,199.83,9,5
2119,398.55,11,15
2120,375.36,6,15
2121,328.4,16,10
2122,272.28,7,10
2123,105.19,6,20
2124,217.01,8,10
2125,261.24,14,20
2126,380.67,12,20
2127,391.35,1,5
2128,129.86,1,20
2129,472.89,14,20
2130,457.83,15,25
2131,163.51,6,15
2132,204.66,20,20
2133,459.09,8,5
2134,179.0,16,10
2135,219.02,1,25
2136,405.05,15,25
2137,168.61,2,15
2138,384.96,1,0
2139,50.6,16,5
2140,233.13,15,20
2141,71.62,16,10
2142,251.31,8,0
2143,178.82,19,20
2144,207.87,7,5
2145,39.53,12,0
2146,9.1,9,20
2147,24.3,13,10
2148,428.53,12,5
2149,424.35,16,0
2150,385.91,1,20
2151,363.47,18,5
2152,291.06,16,20
2153,39.95,10,10
2154,342.72,17,10
2155,434.86,5,0
2156,454.79,17,0
2157,428.48,1,20
2158,201.19,3,25
2159,146.6,1,5
2160,240.66,14,10
2161,154.89,2,5
2162,51.34,13,0
2163,185.22,12,15
2164,468.48,8,5
2165,88.72,16,10
2166,37.77,3,10
2167,231.83,19,15
2168,425.19,9,0
2169,375.98,19,10
2170,226.75,15,25
2171,272.7,14,20
2172,461.7,1,15
2173,163.48,15,20
2174,437.54,6,0
2175,102.08,3,20
2176,64.0,12,5
2177,477.69,9,5
2178,312.89,2,25
2179,191.22,7,25
2180,335.4,19,5
2181,398.6,13,10
2182,146.92,16,15
2183,266.42,3,10
2184,7.04,14,15
2185,27.01,14,10
2186,339.13,13,20
2187,266.34,18,10
2188,411.6,20,5
2189,140.84,5,5
2190,455.55,15,5
2191,166.13,15,25
2192,209.83,19,0
2193,323.15,17,15
2194,322.81,8,20
2195,22.42,19,0
2196,416.22,5,15
2197,220.04,14,10
2198,154.44,4,25
2199,316.61,2,25
2200,292.2,1,10
2201,221.54,14,10
2202,60.68,19,25
2203,269.19,10,5
2204,272.64,15,25
2205,173.32,2,10
2206,53.12,18,10
2207,126.84,11,15
2208,222.25,17,5
2209,339.32,18,20
2210,368.88,11,20
2211,138.5,5,0
2212,431.18,14,15
2213,215.89,13,20
2214,129.21,14,10
2215,390.4,4,25
2216,331.12,14,10
2217,123.45,20,0
2218,19.78,11,25
2219,213.51,14,10
2220,145.67,5,25
2221,397.22,4,5
2222,389.74,14,0
2223,221.2,3,15
2224,160.84,12,0
2225,85.71,5,25
2226,251.0,12,0
2227,218.75,8,5
2228,468.14,7,5
2229,106.11,19,0
2230,196.45,10,5
2231,278.91,13,0
2232,189.45,9,0
2233,341.24,15,25
2234,352.82,8,0
2235,16.15,13,15
2236,442.68,16,20
2237,95.11,19,0
2238,23.24,7,15
2239,350.12,19,0
2240,187.08,7,15
2241,386.1,13,5
2242,347.96,5,0
2243,303.66,20,0
2244,220.27,8,15
2245,112.08,15,10
2246,11.85,9,25
2247,324.75,9,5
2248,224.61,18,5
2249,90.33,13,25
2250,87.08,12,20
2251,127.46,11,5
2252,490.65,14,5
2253,126.39,14,0
2254,386.43,3,5
2255,299.23,17,10
2256,478.63,12,10
2257,443.46,4,5
2258,385.32,2,10
2259,152.81,9,15
2260,289.71,4,20
2261,211.77,10,20
2262,199.79,12,10
2263,151.51,6,0
2264,232.53,14,5
2265,487.39,13,5
2266,7.51,11,10
2267,270.17,14,25
2268,7.15,9,5
2269,247.99,10,15
2270,255.41,12,5
2271,36.27,17,0
2272,279.26,7,15
2273,296.91,1,15
2274,22.59,10,0
2275,292.72,4,20
2276,284.3,3,20
2277,263.72,16,25
2278,43.06,6,20
2279,82.85,2,0
2280,416.28,8,0
2281,139.92,15,15
2282,197.43,3,20
2283,169.26,9,5
2284,396.4,8,10
2285,373.05,12,5
2286,445.94,9,5
2287,279.29,4,15
2288,178.85,14,0
2289,148.2,1,5
2290,338.34,14,10
2291,249.27,16,20
2292,133.28,7,20
2293,264.53,9,5
2294,361.38,5,10
2295,444.86,7,20
2296,74.15,4,5
2297,138.52,12,15
2298,98.29,15,25
2299,452.91,13,20
2300,442.19,18,10
2301,140.37,1,10
2302,438.65,7,25
2303,218.3,7,0
2304,275.31,20,25
2305,390.2,9,5
2306,156.86,2,0
2307,132.06,8,10
2308,130.9,15,15
2309,188.3,17,25
2310,368.66,5,0
2311,237.06,2,5
2312,254.69,6,20
2313,50.9,5,25
2314,382.97,20,5
2315,257.79,6,25
2316,182.68,7,25
2317,184.85,2,10
2318,43.44,10,0
2319,379.19,11,25
2320,328.04,5,10
2321,56.78,12,25
2322,226.24,4,25
2323,313.41,14,25
2324,311.69,6,5
2325,299.29,18,5
2326,75.09,18,10
2327,261.82,5,0
2328,388.94,13,20
2329,267.46,8,20
2330,52.96,11,20
2331,173.58,9,0
2332,43.27,15,0
2333,109.62,12,10
2334,469.8,5,10
2335,480.36,11,25
2336,419.27,4,15
2337,206.2,3,15
2338,487.81,15,10
2339,266.6,17,20
2340,341.67,5,10
2341,91.43,17,5
2342,478.32,13,10
2343,326.22,12,15
2344,464.82,13,5
2345,382.72,18,20
2346,400.36,16,0
2347,359.91,15,25
2348,189.17,3,10
2349,288.14,16,25
2350,255.65,6,15
2351,237.67,5,25
2352,360.03,4,5
2353,82.01,5,0
2354,125.64,8,15
2355,128.3,18,20
2356,145.08,12,15
2357,40.72,2,15
2358,119.12,10,10
2359,296.64,19,25
2360,13.25,19,0
2361,32.62,16,0
2362,18.57,14,0
2363,108.77,3,20
2364,488.57,12,20
2365,26.68,20,15
2366,479.68,10,15
2367,225.96,9,25
2368,493.89,11,20
2369,65.5,20,25
2370,297.75,13,10
2371,275.89,12,5
2372,493.41,1,10
2373,52.05,15,20
2374,79.96,16,10
2375,59.47,4,5
2376,388.59,8,10
2377,123.85,7,20
2378,90.33,11,20
2379,180.75,15,5
2380,373.18,5,25
2381,331.89,20,10
2382,490.89,5,0
2383,275.13,10,0
2384,226.08,11,5
2385,259.36,11,25
2386,371.66,15,5
2387,202.4,13,0
2388,34.48,4,10
2389,146.48,3,0
2390,413.26,4,0
2391,305.86,12,5
2392,283.8,2,15
2393,79.03,12,20
2394,305.52,13,5
2395,201.62,16,0
2396,481.27,5,0
2397,379.41,12,20
2398,70.81,13,5
2399,287.77,13,15
2400,76.22,3,15
2401,438.64,7,10
2402,304.65,9,15
2403,165.05,20,5
2404,142.85,6,25
2405,290.99,5,10
2406,121.02,3,5
2407,74.62,18,0
2408,436.14,1,10
2409,129.8,6,10
2410,436.44,13,5
2411,67.59,18,10
2412,445.74,15,10
2413,230.21,13,25
2414,92.57,18,0
2415,125.29,14,10
2416,316.91,11,0
2417,470.75,16,5
2418,32.22,16,25
2419,166.36,7,15
2420,402.42,13,25
2421,293.21,3,25
2422,405.74,4,10
2423,7.78,18,5
2424,368.71,11,0
2425,246.61,15,5
2426,311.28,6,25
2427,224.04,18,5
2428,461.13,17,0
2429,262.61,19,0
2430,413.12,19,10
2431,65.01,16,15
2432,110.37,4,10
2433,230.34,2,25
2434,308.63,11,15
2435,475.08,17,5
2436,357.69,20,25
2437,191.94,13,20
2438,438.07,8,15
2439,39.95,7,15
2440,152.55,8,10
2441,418.19,17,0
2442,152.17,18,15
2443,312.41,8,0
2444,353.57,3,15
2445,373.26,17,5
2446,255.96,17,25
2447,67.14,1,25
2448,36.16,3,15
2449,98.01,20,0
2450,52.76,8,0
2451,59.85,11,5
2452,58.39,12,5
2453,283.18,10,25
2454,229.9,20,25
2455,70.77,6,5
2456,370.07,14,10
2457,387.08,20,25
2458,450.85,1,0
2459,490.06,11,0
2460,413.94,2,10
2461,332.69,18,0
2462,314.26,15,0
2463,88.81,1,0
2464,56.46,15,20
2465,16.47,11,20
2466,98.53,3,5
2467,91.54,10,10
2468,112.77,17,20
2469,464.58,14,15
2470,427.36,7,0
2471,440.81,20,5
2472,385.68,20,5
2473,205.94,13,5
2474,183.04,20,20
2475,324.25,5,5
2476,24.52,9,10
2477,314.96,4,20
2478,55.55,19,5
2479,312.09,19,20
2480,147.88,1,10
2481,438.46,17,25
2482,404.47,4,10
2483,165.14,18,5
2484,298.85,5,20
2485,135.74,16,20
2486,28.33,15,10
2487,362.1,10,15
2488,446.28,1,0
2489,211.12,12,25
2490,251.28,8,10
2491,370.48,18,10
2492,62.92,18,10
2493,50.5,15,5
2494,281.72,1,20
2495,333.65,20,10
2496,205.91,9,0
2497,232.69,2,5
2498,87.12,6,15
2499,452.18,20,10
2500,454.46,2,20
2501,206.33,19,0
2502,137.56,13,5
2503,373.85,18,25
2504,430.17,1,15
2505,312.75,5,0
2506,87.53,9,15
2507,89.2,3,20
2508,258.41,16,25
2509,82.98,17,10
2510,251.34,7,0
2511,186.85,14,20
2512,427.16,19,20
2513,70.15,16,25
2514,330.59,16,25
2515,34.76,5,5
2516,222.45,20,5
2517,497.06,15,15
2518,449.77,5,5
2519,95.28,3,15
2520,119.39,4,5
2521,469.74,18,5
2522,151.39,3,15
2523,190.71,16,5
2524,162.87,9,10
2525,396.65,4,0
2526,171.83,11,25
2527,95.85,15,10
2528,117.63,7,20
2529,452.2,8,10
2530,422.0,15,25
2531,173.19,1,20
2532,488.58,2,25
2533,87.98,14,20
2534,359.56,19,25
2535,486.58,17,0
2536,434.67,1,25
2537,292.26,19,25
2538,184.94,8,0
2539,328.75,3,10
2540,457.03,7,25
2541,250.12,16,20
2542,384.29,3,0
2543,69.27,3,5
2544,419.77,8,20
2545,73.28,15,5
2546,231.58,19,10
2547,411.07,12,5
2548,73.25,14,0
2549,24.51,8,25
2550,192.35,6,20
2551,277.05,7,25
2552,338.33,18,20
2553,124.93,15,25
2554,100.34,3,15
2555,332.87,6,10
2556,259.81,14,5
2557,490.04,16,20
2558,148.46,14,5
2559,52.46,9,20
2560,41.08,2,20
2561,248.23,17,5
2562,422.79,3,25
2563,323.85,10,10
2564,31.86,3,5
2565,361.45,1,5
2566,28.25,6,20
2567,391.61,8,5
2568,440.84,2,10
2569,460.42,7,0
2570,79.22,19,20
2571,237.2,19,15
2572,204.09,13,5
2573,40.69,12,10
2574,81.51,18,0
2575,288.4,17,25
2576,322.73,14,20
2577,397.18,12,20
2578,449.21,14,5
2579,224.55,14,25
2580,465.76,5,10
2581,25.19,7,10
2582,263.11,20,15
2583,456.33,13,5
2584,271.78,10,10
2585,378.77,9,25
2586,327.78,8,15
2587,401.42,8,5
2588,499.7,6,0
2589,255.91,1,0
2590,98.01,15,25
2591,59.04,11,15
2592,220.07,11,5
2593,131.82,5,5
2594,24.87,7,10
2595,285.55,8,20
2596,144.26,8,5
2597,328.4,19,10
2598,252.4,18,20
2599,295.38,13,10
2600,467.46,1,25
2601,43.26,19,10
2602,22.71,2,20
2603,143.33,17,0
2604,448.87,6,20
2605,348.34,19,15
2606,481.49,3,0
2607,427.89,6,5
2608,157.0,7,5
2609,154.79,11,20
2610,250.8,15,20
2611,81.01,13,15
2612,376.42,12,20
2613,215.64,13,0
2614,170.65,11,25
2615,91.76,3,15
2616,194.81,12,5
2617,44.84,16,10
2618,186.8,17,15
2619,109.68,8,20
2620,252.91,12,25
2621,182.61,4,20
2622,106.39,15,10
2623,72.01,4,10
2624,23.72,18,15
2625,404.2,9,5
2626,27.78,8,15
2627,472.67,3,10
2628,199.56,17,20
2629,463.16,18,25
2630,234.92,3,15
2631,305.95,10,20
2632,381.99,16,25
2633,151.1,20,25
2634,82.66,1,20
2635,63.0,2,15
2636,248.68,3,5
2637,278.57,5,0
2638,65.92,12,25
2639,101.72,1,10
2640,490.75,9,10
2641,72.51,1,0
2642,200.05,1,5
2643,452.49,2,10
2644,70.82,18,10
2645,466.14,8,0
2646,451.17,12,15
2647,226.48,1,15
2648,247.95,4,0
2649,167.7,19,10
2650,307.3,5,0
2651,350.71,3,0
2652,467.35,20,20
2653,377.85,18,5
2654,357.08,3,15
2655,127.42,5,0
2656,316.77,5,0
2657,237.01,16,25
2658,458.69,19,5
2659,154.94,3,10
2660,384.8,14,25
2661,72.92,8,25
2662,320.1,2,15
2663,287.13,11,10
2664,427.81,19,10
2665,319.22,1,25
2666,161.77,12,0
2667,265.12,6,15
2668,256.59,20,15
2669,70.4,6,5
2670,158.44,15,10
2671,327.15,20,0
2672,305.6,8,20
2673,381.07,9,25
2674,243.11,5,10
2675,455.06,18,15
2676,329.06,7,15
2677,416.34,11,20
2678,406.62,12,25
2679,33.36,15,5
2680,431.73,12,10
2681,87.09,2,5
2682,357.33,5,20
2683,77.36,2,20
2684,253.71,4,0
2685,440.34,15,5
2686,128.39,6,0
2687,137.53,13,15
2688,245.96,18,0
2689,410.88,2,10
2690,415.71,10,5
2691,253.93,4,5
2692,487.66,9,25
2693,159.72,8,10
2694,159.74,15,20
2695,286.54,20,0
2696,221.19,9,15
2697,177.05,10,25
2698,30.34,12,5
2699,426.28,8,5
2700,484.5,13,25
2701,302.56,12,15
2702,347.04,10,0
2703,370.37,1,20
2704,60.37,14,10
2705,298.48,2,0
2706,106.46,14,25
2707,460.28,13,15
2708,28.75,18,15
2709,274.6,19,25
2710,84.47,19,15
2711,283.09,12,0
2712,264.89,20,10
2713,276.39,11,0
2714,291.48,12,0
2715,123.28,11,20
2716,171.81,13,0
2717,427.47,1,0
2718,157.47,3,10
2719,77.57,12,15
2720,140.8,7,0
2721,34.68,4,0
2722,100.1,5,5
2723,422.43,11,25
2724,194.74,17,0
2725,70.12,6,0
2726,104.08,5,15
2727,65.25,19,10
2728,251.06,9,10
2729,287.06,1,15
2730,142.75,20,25
2731,90.32,18,5
2732,464.3,16,0
2733,388.99,7,10
2734,443.26,15,5
2735,88.22,9,10
2736,235.45,20,20
2737,412.01,17,25
2738,336.02,15,0
2739,395.37,2,20
2740,239.82,18,15
2741,384.81,9,15
2742,383.33,4,20
2743,177.38,15,20
2744,53.26,17,10
2745,419.99,4,10
2746,148.3,7,15
2747,280.21,18,10
2748,451.99,3,25
2749,76.24,2,5
2750,182.06,19,10
2751,307.85,3,15
2752,302.66,4,25
2753,260.29,7,20
2754,158.0,4,5
2755,383.23,14,10
2756,451.23,16,5
2757,376.06,3,25
2758,356.35,6,5
2759,480.86,14,10
2760,333.13,11,10
2761,289.75,19,15
2762,206.3,10,5
2763,159.58,7,5
2764,278.65,12,10
2765,417.7,16,5
2766,248.62,20,10
2767,27.91,16,0
2768,459.78,7,10
2769,292.19,3,15
2770,420.23,19,10
2771,71.55,9,20
2772,338.47,10,10
2773,495.82,20,25
2774,252.61,3,10
2775,333.85,16,20
2776,282.86,7,0
2777,108.48,19,15
2778,452.18,2,5
2779,428.35,12,25
2780,73.27,17,25
2781,398.78,14,0
2782,309.91,3,5
2783,435.71,18,10
2784,10.27,2,25
2785,181.61,7,10
2786,248.74,16,20
2787,101.52,20,10
2788,267.09,20,10
2789,483.11,2,5
2790,382.86,1,15
2791,311.95,4,20
2792,93.38,13,5
2793,235.56,15,10
2794,201.93,6,5
2795,422.56,5,15
2796,330.71,15,5
2797,179.3,1,15
2798,327.05,6,20
2799,8.94,3,5
2800,231.16,17,0
2801,226.95,19,0
2802,359.22,5,10
2803,257.42,1,15
2804,441.54,19,10
2805,115.99,20,0
2806,255.23,17,20
2807,22.69,11,10
2808,444.5,1,25
2809,438.08,2,15
2810,173.79,20,10
2811,73.51,15,25
2812,371.85,18,25
2813,21.82,12,5
2814,309.49,14,5
2815,483.82,9,15
2816,150.69,14,15
2817,223.58,15,0
2818,54.0,16,15
2819,355.48,8,0
2820,72.62,17,5
2821,334.74,7,20
2822,208.17,2,0
2823,262.61,6,10
2824,10.37,6,0
2825,104.15,7,10
2826,133.42,3,15
2827,269.99,12,25
2828,419.7,15,0
2829,158.82,12,25
2830,179.49,16,25
2831,12.78,14,0
2832,390.54,17,25
2833,184.3,13,15
2834,168.16,5,25
2835,393.34,7,20
2836,124.5,20,25
2837,382.36,1,15
2838,56.37,18,15
2839,237.44,11,15
2840,127.46,8,10
2841,382.41,14,15
2842,122.99,12,15
2843,359.71,16,20
2844,12.93,19,25
2845,117.25,13,15
2846,247.62,12,0
2847,282.33,4,10
2848,8.75,17,15
2849,187.56,13,15
2850,267.97,16,20
2851,200.32,2,25
2852,268.72,12,25
2853,441.97,2,25
2854,367.55,14,5
2855,464.59,8,15
2856,43.7,10,15
2857,228.39,16,25
2858,11.52,20,25
2859,389.32,5,0
2860,445.78,16,20
2861,253.95,14,5
2862,111.12,8,0
2863,131.11,2,25
2864,188.91,16,25
2865,339.82,16,10
2866,455.22,17,10
2867,60.11,18,25
2868,434.54,19,0
2869,186.81,17,10
2870,388.83,15,15
2871,99.09,3,15
2872,385.36,3,10
2873,429.97,5,20
2874,104.79,6,10
2875,370.05,15,20
2876,482.13,19,0
2877,417.88,18,20
2878,314.4,14,10
2879,334.74,7,20
2880,307.85,18,20
2881,429.71,2,5
2882,7.75,17,5
2883,248.99,12,20
2884,322.24,1,10
2885,11.52,10,25
2886,427.76,8,10
2887,382.23,3,5
2888,473.89,4,20
2889,297.58,11,15
2890,223.17,18,20
2891,128.59,10,15
2892,200.89,6,0
2893,320.29,19,0
2894,107.27,7,20
2895,121.84,2,25
2896,336.29,17,0
2897,252.58,2,5
2898,30.84,1,10
2899,62.16,12,15
2900,293.16,11,20
2901,175.71,17,10
2902,24.89,11,10
2903,179.44,13,15
2904,69.05,16,0
2905,142.91,14,20
2906,284.07,16,10
2907,476.7,20,0
2908,419.22,14,25
2909,321.09,15,0
2910,382.09,19,10
2911,8.91,20,10
2912,455.49,9,5
2913,270.4,5,25
2914,460.79,14,20
2915,330.4,3,5
2916,22.69,10,0
2917,259.78,19,15
2918,425.88,19,10
2919,101.18,13,20
2920,438.63,7,15
2921,463.42,18,0
2922,30.61,8,5
2923,493.15,20,20
2924,182.4,10,10
2925,338.2,16,25
2926,64.44,16,25
2927,224.56,13,20
2928,13.81,3,20
2929,338.51,10,10
2930,226.28,13,15
2931,225.16,13,10
2932,421.78,11,15
2933,170.36,15,0
2934,194.45,12,0
2935,225.98,10,5
2936,339.08,4,15
2937,193.63,13,20
2938,313.7,5,5
2939,241.74,5,0
2940,367.74,5,10
2941,135.81,19,10
2942,80.43,19,10
2943,34.89,12,25
2944,372.06,1,25
2945,217.29,12,20
2946,261.14,17,10
2947,38.84,15,5
2948,112.17,9,15
2949,243.67,4,0
2950,290.07,18,20
2951,9.79,8,20
2952,423.09,5,15
2953,97.78,15,15
2954,440.59,13,10
2955,330.26,4,5
2956,70.03,4,0
2957,193.88,14,5
2958,319.74,5,15
2959,22.17,15,15
2960,56.35,16,5
2961,431.05,18,5
2962,21.33,16,15
2963,150.33,11,5
2964,238.84,15,25
2965,70.57,2,0
2966,302.01,1,25
2967,332.72,11,15
2968,335.45,14,20
2969,440.49,7,25
2970,15.45,13,10
2971,13.16,17,0
2972,463.78,11,15
2973,152.49,20,0
2974,169.2,17,25
2975,454.89,7,15
2976,153.28,6,20
2977,304.4,5,0
2978,78.88,3,5
2979,364.22,15,15
2980,405.12,10,25
2981,231.96,17,0
2982,427.93,14,10
2983,189.55,2,5
2984,466.29,12,0
2985,119.66,6,5
2986,89.85,6,10
2987,158.12,7,0
2988,62.92,5,20
2989,357.91,17,15
2990,371.49,1,20
2991,256.0,17,20
2992,258.01,12,25
2993,474.41,5,0
2994,272.42,20,5
2995,352.01,19,20
2996,108.23,14,25
2997,499.59,11,25
2998,344.72,3,25
2999,406.3,11,5
3000,136.55,13,10
3001,368.15,4,15
3002,471.37,2,0
3003,319.87,3,15
3004,204.68,15,25
3005,480.01,14,20
3006,37.31,20,5
3007,351.67,12,15
3008,289.71,17,10
3009,339.18,8,15
3010,159.13,5,15
3011,130.37,12,15
3012,137.55,10,25
3013,130.47,13,10
3014,379.05,2,10
3015,97.93,13,0
3016,143.05,5,5
3017,64.85,6,5
3018,320.49,16,10
3019,453.88,13,5
3020,210.27,6,0
3021,197.57,2,15
3022,144.53,16,25
3023,33.39,1,15
3024,194.1,9,15
3025,434.44,1,0
3026,24.66,15,0
3027,135.97,3,10
3028,336.6,10,10
3029,107.08,10,10
3030,29.89,13,15
3031,315.08,8,15
3032,185.3,10,15
3033,72.62,20,5
3034,197.25,4,20
3035,27.83,14,15
3036,243.83,19,0
3037,141.76,14,15
3038,430.71,11,15
3039,427.72,16,5
3040,462.12,1,20
3041,151.41,7,15
3042,372.53,7,25
3043,347.06,8,10
3044,62.48,19,5
3045,352.41,1,5
3046,276.12,13,25
3047,378.38,3,5
3048,330.78,8,15
3049,247.62,15,15
3050,33.01,7,20
3051,88.36,11,0
3052,110.24,5,10
3053,45.55,7,10
3054,249.2,3,20
3055,204.95,3,0
3056,184.57,5,15
3057,277.05,18,15
3058,63.85,5,0
3059,111.33,20,25
3060,395.79,3,25
3061,472.19,13,0
3062,39.14,19,5
3063,207.0,20,15
3064,49.59,1,5
3065,471.18,9,0
3066,7.32,16,25
3067,257.55,13,15
3068,197.73,20,0
3069,208.25,16,5
3070,272.23,17,5
3071,304.37,13,15
3072,156.95,8,15
3073,479.51,16,10
3074,26.42,11,5
3075,173.64,20,0
3076,455.15,20,10
3077,306.93,18,0
3078,371.37,10,10
3079,97.92,8,5
3080,358.62,9,20
3081,21.96,1,10
3082,475.93,11,15
3083,99.43,13,15
3084,178.88,10,20
3085,432.09,11,15
3086,255.66,14,5
3087,84.96,19,15
3088,494.81,3,10
3089,340.13,3,10
3090,325.46,15,15
3091,304.72,17,5
3092,205.08,13,0
3093,496.4,19,15
3094,470.59,8,20
3095,98.11,14,25
3096,324.13,9,25
3097,37.18,16,5
3098,429.15,20,10
3099,101.24,16,25
3100,63.5,11,20
3101,469.04,14,5
3102,137.56,4,25
3103,325.96,2,10
3104,301.62,18,20
3105,56.43,13,0
3106,151.53,20,20
3107,398.5,1,15
3108,85.16,1,20
3109,217.77,10,0
3110,486.92,16,10
3111,276.89,1,10
3112,236.99,16,0
3113,145.31,14,0
3114,12.53,5,0
3115,49.07,20,10
3116,267.31,2,0
3117,364.48,12,20
3118,115.01,18,25
3119,19.48,3,25
3120,28.1,20,0
3121,394.91,2,10
3122,486.54,14,15
3123,160.98,6,20
3124,300.85,1,5
3125,256.01,5,20
3126,63.77,11,25
3127,330.72,17,20
3128,63.45,7,20
3129,467.28,6,20
3130,224.77,9,10
3131,459.46,13,0
3132,256.87,20,5
3133,434.44,10,15
3134,474.7,19,20
3135,109.45,15,25
3136,72.37,13,5
3137,439.8,7,25
3138,146.6,20,0
3139,191.86,4,25
3140,134.95,5,15
3141,338.81,3,0
3142,303.38,8,0
3143,177.34,20,15
3144,428.53,17,10
3145,189.91,4,5
3146,275.97,13,20
3147,426.45,13,0
3148,26.0,16,5
3149,63.62,4,5
3150,9.29,9,10
3151,29.78,6,15
3152,19.8,8,5
3153,339.93,3,25
3154,30.66,5,20
3155,194.39,2,5
3156,310.49,6,5
3157,215.24,2,20
3158,149.54,18,5
3159,334.02,20,10
3160,97.95,17,20
3161,129.23,7,15
3162,474.96,10,5
3163,129.86,14,20
3164,370.18,6,15
3165,250.1,8,0
3166,363.64,8,20
3167,381.51,4,0
3168,169.03,19,10
3169,208.7,19,25
3170,477.5,14,25
3171,310.86,2,20
3172,361.99,1,20
3173,214.1,11,0
3174,224.48,11,0
3175,32.64,13,25
3176,407.46,10,0
3177,386.22,12,10
3178,123.67,14,20
3179,485.15,1,20
3180,491.85,14,25
3181,351.16,14,20
3182,401.93,4,5
3183,87.31,11,15
3184,313.97,13,10
3185,45.0,8,0
3186,199.63,1,15
3187,255.54,6,10
3188,96.29,3,15
3189,266.49,14,5
3190,301.9,15,15
3191,194.03,8,5
3192,48.31,20,0
3193,123.69,17,20
3194,51.98,11,10
3195,379.44,12,25
3196,137.64,12,15
3197,297.49,1,0
3198,459.97,12,25
3199,380.31,13,15
3200,439.74,7,0
3201,400.97,11,15
3202,94.47,2,10
3203,243.79,17,10
3204,486.06,20,5
3205,427.19,6,0
3206,270.43,7,10
3207,273.3,8,5
3208,293.99,3,25
3209,94.48,20,25
3210,190.83,18,25
3211,425.64,19,5
3212,474.02,14,20
3213,490.51,2,20
3214,177.08,16,25
3215,222.1,5,15
3216,157.15,9,10
3217,460.16,19,25
3218,101.6,9,15
3219,482.71,16,15
3220,224.34,11,5
3221,490.97,20,20
3222,195.13,9,10
3223,418.33,2,10
3224,319.28,5,0
3225,128.36,2,20
3226,269.9,17,25
3227,75.1,15,15
3228,497.22,14,25
3229,479.82,20,20
3230,313.07,6,15
3231,291.0,15,15
3232,317.13,14,25
3233,97.18,18,20
3234,313.67,4,5
3235,337.88,20,25
3236,283.41,10,15
3237,366.74,13,0
3238,116.82,6,0
3239,439.09,3,15
3240,181.97,2,25
3241,430.54,7,5
3242,380.11,11,10
3243,229.36,5,20
3244,88.05,20,20
3245,17.01,3,10
3246,458.22,20,25
3247,362.16,10,25
3248,157.58,1,5
3249,142.51,8,25
3250,414.11,3,10
3251,169.83,1,20
3252,40.27,5,15
3253,10.42,6,10
3254,416.96,18,20
3255,170.12,4,25
3256,425.4,6,10
3257,359.71,18,20
3258,76.72,14,10
3259,185.43,5,25
3260,312.14,12,10
3261,68.64,9,5
3262,377.4,10,20
3263,202.03,3,5
3264,371.42,3,25
3265,385.97,7,15
3266,212.16,3,15
3267,447.22,20,0
3268,432.7,6,15
3269,146.1,3,0
3270,367.12,5,15
3271,165.91,9,25
3272,172.29,10,25
3273,181.09,20,5
3274,89.91,13,5
3275,103.96,13,25
3276,163.77,7,10
3277,241.78,16,5
3278,427.76,1,10
3279,210.99,17,15
3280,199.52,14,0
3281,42.69,2,5
3282,179.89,4,15
3283,343.55,7,15
3284,6.83,9,15
3285,55.33,14,10
3286,233.51,7,25
3287,116.69,6,15
3288,454.93,6,15
3289,484.53,11,5
3290,384.76,4,25
3291,494.42,13,15
3292,445.65,2,25
3293,435.79,10,5
3294,301.11,2,15
3295,279.74,18,25
3296,132.59,11,10
3297,489.51,18,5
3298,399.28,4,20
3299,496.35,16,5
3300,481.65,18,20
3301,189.22,16,0
3302,281.15,16,5
3303,272.96,16,5
3304,435.66,15,5
3305,331.18,6,25
3306,331.11,1,20
3307,163.55,5,15
3308,83.4,2,10
3309,436.77,1,10
3310,339.46,5,5
3311,167.28,14,20
3312,195.3,16,20
3313,92.79,17,0
3314,267.12,19,10
3315,214.98,7,5
3316,394.69,13,0
3317,380.36,8,20
3318,64.87,9,5
3319,28.21,12,10
3320,27.76,13,10
3321,118.42,2,5
3322,394.29,7,25
3323,143.78,18,20
3324,497.04,8,10
3325,58.31,11,5
3326,27.93,5,0
3327,215.21,5,10
3328,162.28,5,0
3329,199.77,19,5
3330,27.06,2,20
3331,391.82,15,0
3332,224.39,16,15
3333,382.27,1,0
3334,142.57,1,0
3335,429.5,2,10
3336,181.24,14,5
3337,124.83,11,25
3338,262.5,17,5
3339,394.66,3,25
3340,257.04,8,0
3341,165.0,16,10
3342,418.78,9,15
3343,407.12,7,25
3344,74.32,19,0
3345,47.96,6,10
3346,411.62,10,0
3347,465.42,4,0
3348,179.18,19,0
3349,167.25,12,5
3350,7.55,8,10
3351,305.2,7,25
3352,444.91,7,0
3353,23.16,18,20
3354,142.28,16,5
3355,435.8,11,25
3356,247.16,9,15
3357,309.2,15,25
3358,175.88,1,10
3359,315.85,13,25
3360,458.26,2,0
3361,204.86,15,10
3362,24.31,13,15
3363,165.65,13,25
3364,83.71,19,25
3365,157.64,11,5
3366,101.43,10,0
3367,496.25,14,5
3368,451.38,15,0
3369,21.39,10,0
3370,216.9,3,0
3371,357.01,1,15
3372,462.48,4,25
3373,241.72,9,20
3374,283.22,9,15
3375,113.8,7,10
3376,185.83,2,25
3377,486.14,2,25
3378,135.09,1,10
3379,70.62,18,25
3380,310.13,7,0
3381,78.52,10,0
3382,290.9,15,5
3383,52.08,6,20
3384,448.83,9,25
3385,282.4,6,20
3386,71.98,15,10
3387,207.73,13,20
3388,236.6,15,20
3389,53.07,5,20
3390,370.62,5,5
3391,381.47,12,0
3392,137.07,6,0
3393,359.09,15,10
3394,141.19,15,5
3395,297.28,8,20
3396,492.5,13,15
3397,132.57,19,10
3398,171.25,1,10
3399,442.45,12,20
3400,467.13,18,15
3401,133.56,4,10
3402,47.76,4,0
3403,274.96,17,15
3404,167.8,8,20
3405,30.3,14,25
3406,473.46,7,15
3407,255.12,19,0
3408,477.13,11,0
3409,470.23,11,20
3410,323.18,13,10
3411,272.47,8,5
3412,424.12,5,5
3413,469.36,12,0
3414,485.03,1,20
3415,37.15,7,15
3416,464.91,15,10
3417,330.08,6,20
3418,326.14,13,15
3419,377.45,10,0
3420,458.26,3,5
3421,437.74,20,15
3422,489.64,19,25
3423,191.65,5,5
3424,453.42,5,20
3425,21.48,12,10
3426,206.73,15,20
3427,389.34,15,25
3428,327.06,13,15
3429,206.72,3,0
3430,289.52,9,15
3431,50.28,9,10
3432,167.39,16,0
3433,150.3,2,25
3434,235.33,5,5
3435,491.84,20,10
3436,429.43,8,25
3437,365.43,1,0
3438,456.57,7,15
3439,97.27,18,10
3440,460.58,16,0
3441,228.96,20,15
3442,46.65,20,20
3443,443.36,20,25
3444,83.52,10,25
3445,429.69,17,10
3446,292.34,1,20
3447,310.76,12,15
3448,7.28,19,15
3449,125.11,7,5
3450,314.03,20,25
3451,100.24,17,20
3452,366.57,11,20
3453,302.15,8,15
3454,156.04,11,25
3455,62.34,8,15
3456,251.8,10,15
3457,84.43,13,0
3458,194.23,19,20
3459,186.84,8,20
3460,47.4,20,25
3461,281.79,11,25
3462,364.97,2,10
3463,44.08,1,10
3464,446.08,8,5
3465,354.44,10,5
3466,246.64,14,20
3467,332.84,10,25
3468,75.26,4,15
3469,228.31,7,25
3470,402.4,14,25
3471,431.38,5,20
3472,361.19,15,5
3473,69.55,4,0
3474,325.08,19,5
3475,236.96,1,10
3476,206.51,9,15
3477,160.1,4,0
3478,277.47,8,10
3479,450.91,19,20
3480,180.65,12,20
3481,415.74,3,10
3482,207.88,20,25
3483,268.6,17,15
3484,424.45,8,10
3485,32.79,13,10
3486,230.8,16,0
3487,148.16,2,15
3488,483.3,5,5
3489,60.33,11,0
3490,495.73,17,20
3491,57.52,6,10
3492,218.09,7,15
3493,195.32,17,10
3494,88.04,20,20
3495,280.55,3,0
3496,458.24,7,0
3497,492.04,8,10
3498,138.8,11,5
3499,226.75,15,0
3500,135.12,8,25
3501,179.07,9,25
3502,495.29,18,15
3503,167.17,8,15
3504,334.99,2,15
3505,368.58,8,0
3506,12.88,4,10
3507,250.89,14,5
3508,137.3,5,10
3509,150.0,9,20
3510,495.45,10,15
3511,449.02,11,5
3512,176.67,4,25
3513,383.87,7,25
3514,296.81,1,15
3515,316.07,10,15
3516,300.14,9,5
3517,276.21,13,20
3518,259.66,15,20
3519,271.18,20,15
3520,453.88,13,0
3521,209.17,3,15
3522,275.69,6,5
3523,5.16,12,25
3524,413.48,9,0
3525,231.72,4,0
3526,477.51,12,25
3527,393.72,3,10
3528,61.55,2,0
3529,428.14,20,5
3530,402.81,16,0
3531,181.29,10,15
3532,347.23,19,25
3533,125.74,6,20
3534,200.31,10,0
3535,402.89,19,20
3536,425.73,18,10
3537,160.4,6,20
3538,215.33,19,15
3539,99.17,8,20
3540,391.2,20,5
3541,446.97,19,5
3542,194.36,8,15
3543,492.19,3,5
3544,258.29,15,15
3545,134.19,12,15
3546,373.26,15,15
3547,421.52,18,10
3548,342.0,17,20
3549,330.95,1,25
3550,322.09,1,10
3551,352.55,5,5
3552,186.92,1,0
3553,147.32,15,5
3554,291.36,18,10
3555,378.52,1,25
3556,251.32,8,0
3557,34.02,18,15
3558,238.84,15,20
3559,304.74,19,15
3560,256.73,10,15
3561,331.31,16,5
3562,433.74,2,0
3563,108.99,15,0
3564,420.76,8,0
3565,249.22,9,0
3566,133.22,2,15
3567,303.47,19,10
3568,396.58,6,0
3569,47.79,11,20
3570,130.31,15,5
3571,419.16,9,20
3572,472.04,2,10
3573,301.12,8,20
3574,334.07,17,20
3575,25.02,6,25
3576,316.97,15,25
3577,28.61,3,10
3578,19.97,4,5
3579,61.78,9,20
3580,369.53,12,25
3581,234.83,17,20
3582,265.7,4,25
3583,444.32,8,15
3584,248.83,14,10
3585,291.59,15,20
3586,166.96,16,15
3587,467.53,8,5
3588,238.37,11,0
3589,341.23,12,25
3590,348.22,9,25
3591,475.01,11,5
3592,414.22,3,0
3593,303.03,20,10
3594,271.57,12,10
3595,414.16,9,15
3596,489.96,17,15
3597,431.73,18,25
3598,24.48,19,10
3599,102.14,16,10
3600,325.04,16,25
3601,480.03,5,0
3602,88.16,3,25
3603,146.3,1,15
3604,367.14,1,25
3605,189.03,20,20
3606,351.58,15,0
3607,373.65,9,20
3608,117.56,19,10
3609,213.52,18,0
3610,248.38,19,20
3611,113.53,12,15
3612,223.49,3,5
3613,338.75,20,5
3614,75.05,7,15
3615,197.17,5,15
3616,63.3,10,20
3617,295.21,15,10
3618,429.27,16,20
3619,241.23,13,20
3620,476.4,2,20
3621,270.02,8,0
3622,383.08,13,0
3623,87.07,9,20
3624,283.34,13,0
3625,209.09,12,20
3626,417.71,6,20
3627,44.08,20,0
3628,326.97,8,0
3629,309.68,11,20
3630,76.24,7,15
3631,466.07,10,25
3632,59.01,17,15
3633,203.77,14,5
3634,57.64,8,20
3635,78.6,19,5
3636,41.04,17,20
3637,63.57,15,10
3638,442.23,1,10
3639,307.14,15,25
3640,312.12,19,0
3641,84.69,2,10
3642,393.86,18,20
3643,276.75,17,0
3644,458.35,19,20
3645,46.24,12,0
3646,179.85,19,25
3647,182.14,20,10
3648,465.29,18,25
3649,497.98,4,25
3650,107.74,16,10
3651,218.54,9,10
3652,51.55,4,10
3653,161.0,5,10
3654,452.83,7,10
3655,450.63,12,0
3656,260.45,18,5
3657,141.02,2,15
3658,498.44,11,0
3659,408.93,17,25
3660,126.68,18,20
3661,218.5,20,15
3662,123.62,15,5
3663,485.54,11,15
3664,370.28,9,20
3665,41.29,2,20
3666,111.86,10,25
3667,40.77,6,20
3668,164.61,7,25
3669,303.55,9,10
3670,456.56,5,25
3671,188.6,13,10
3672,378.16,6,15
3673,407.19,9,10
3674,99.53,19,0
3675,31.64,6,20
3676,188.13,15,5
3677,272.74,4,10
3678,358.1,11,5
3679,355.92,8,25
3680,5.56,10,25
3681,67.54,3,10
3682,163.3,11,15
3683,25.7,2,5
3684,207.87,10,25
3685,338.72,14,0
3686,225.46,5,5
3687,420.14,13,0
3688,294.66,8,0
3689,324.89,3,25
3690,53.71,19,25
3691,58.63,8,25
3692,499.51,20,20
3693,345.96,6,15
3694,493.96,14,20
3695,459.53,13,0
3696,267.71,5,25
3697,277.13,18,10
3698,42.59,16,0
3699,169.08,6,25
3700,325.45,5,5
3701,452.1,17,10
3702,418.45,15,5
3703,295.77,7,20
3704,386.47,11,25
3705,213.13,18,20
3706,178.77,20,20
3707,35.12,16,25
3708,372.71,4,0
3709,167.73,10,25
3710,89.1,10,25
3711,117.12,12,10
3712,48.3,14,15
3713,394.09,20,5
3714,341.2,7,25
3715,209.44,3,5
3716,144.0,11,25
3717,363.55,14,5
3718,23.65,20,25
3719,412.8,16,10
3720,70.59,17,25
3721,40.21,6,10
3722,170.11,11,15
3723,109.9,13,15
3724,330.61,11,20
3725,353.85,16,10
3726,166.64,8,10
3727,221.81,13,25
3728,121.0,4,5
3729,25.49,9,0
3730,474.94,4,20
3731,80.12,16,25
3732,123.78,13,10
3733,145.01,13,10
3734,425.85,6,25
3735,179.61,14,25
3736,430.95,4,25
3737,170.21,16,5
3738,192.71,6,20
3739,384.66,14,20
3740,288.13,5,20
3741,465.68,3,10
3742,137.0,15,0
3743,486.2,12,15
3744,121.71,3,10
3745,14.99,16,25
3746,103.91,10,25
3747,117.72,17,15
3748,237.68,11,25
3749,233.19,15,5
3750,273.14,2,5
3751,20.77,4,0
3752,277.11,17,20
3753,400.1,20,25
3754,416.09,5,5
3755,91.51,14,15
3756,157.13,20,0
3757,442.19,8,0
3758,123.72,7,5
3759,188.81,6,25
3760,149.69,1,25
3761,243.39,20,5
3762,373.52,9,20
3763,401.56,7,0
3764,339.12,5,20
3765,387.14,10,25
3766,76.71,18,0
3767,405.28,15,25
3768,308.44,5,0
3769,194.45,12,20
3770,47.39,19,0
3771,264.52,7,5
3772,125.51,14,10
3773,440.67,10,5
3774,197.61,11,5
3775,473.54,16,5
3776,244.61,13,15
3777,157.17,11,20
3778,210.39,10,0
3779,284.81,15,25
3780,383.15,13,10
3781,427.6,1,20
3782,403.01,13,25
3783,269.54,12,0
3784,284.59,8,10
3785,359.71,9,5
3786,149.46,10,15
3787,218.8,8,25
3788,213.94,20,25
3789,49.92,14,5
3790,63.28,5,15
3791,114.04,4,25
3792,207.75,7,10
3793,397.47,7,20
3794,59.53,8,25
3795,391.7,4,10
3796,462.89,12,25
3797,345.78,18,5
3798,395.43,1,25
3799,421.95,14,5
3800,140.1,18,10
3801,359.09,6,20
3802,74.07,7,0
3803,112.01,19,20
3804,115.19,5,25
3805,284.63,4,5
3806,388.77,19,20
3807,49.81,3,15
3808,322.4,6,25
3809,239.69,9,20
3810,49.4,9,15
3811,332.54,12,15
3812,267.02,1,15
3813,459.88,12,15
3814,277.03,15,20
3815,428.61,1,15
3816,240.02,9,0
3817,395.49,2,0
3818,316.17,5,25
3819,102.0,1,10
3820,90.3,16,15
3821,275.72,16,20
3822,331.01,8,15
3823,318.0,9,10
3824,351.6,8,20
3825,357.78,18,10
3826,439.45,3,0
3827,162.05,13,15
3828,469.15,20,25
3829,416.83,11,15
3830,143.65,8,15
3831,482.47,5,10
3832,239.97,15,10
3833,281.99,9,15
3834,483.78,1,25
3835,362.85,16,0
3836,168.8,5,25
3837,71.27,15,15
3838,42.22,19,5
3839,87.04,15,25
3840,34.92,9,15
3841,485.57,12,5
3842,52.88,11,10
3843,110.97,14,0
3844,40.31,12,0
3845,190.87,2,5
3846,492.12,17,25
3847,191.22,11,20
3848,419.42,7,20
3849,5.09,12,15
3850,495.14,7,20
3851,277.72,8,10
3852,194.11,13,20
3853,98.21,20,15
3854,369.67,10,15
3855,139.77,6,5
3856,281.97,7,25
3857,180.56,13,15
3858,466.55,5,20
3859,280.15,15,5
3860,232.54,2,0
3861,333.19,13,20
3862,344.56,8,20
3863,378.67,17,20
3864,31.3,2,5
3865,264.06,19,0
3866,395.21,2,25
3867,315.29,10,0
3868,39.21,13,0
3869,194.35,17,5
3870,317.07,2,5
3871,404.76,4,15
3872,71.63,19,20
3873,468.12,9,10
3874,398.66,4,5
3875,123.88,12,0
3876,49.6,20,10
3877,486.38,5,25
3878,337.8,5,25
3879,139.91,14,10
3880,118.8,12,10
3881,336.63,13,0
3882,105.32,19,20
3883,117.15,13,25
3884,45.98,18,10
3885,23.87,1,15
3886,46.89,13,0
3887,83.86,9,10
3888,357.43,8,0
3889,300.85,5,20
3890,112.79,5,20
3891,270.61,9,25
3892,144.98,4,10
3893,136.62,14,15
3894,222.72,19,5
3895,82.19,18,25
3896,78.69,1,20
3897,223.73,13,25
3898,118.72,16,15
3899,194.22,20,10
3900,236.91,12,15
3901,185.33,15,15
3902,20.43,3,25
3903,278.8,3,5
3904,175.57,12,10
3905,225.37,1,0
3906,282.61,5,0
3907,125.48,8,15
3908,345.02,2,20
3909,37.96,12,20
3910,423.0,2,10
3911,296.72,3,5
3912,25.24,10,0
3913,155.39,7,25
3914,394.11,1,5
3915,195.05,9,20
3916,219.44,12,0
3917,373.33,1,0
3918,56.76,16,10
3919,70.57,7,15
3920,306.96,18,10
3921,72.82,7,20
3922,88.66,18,20
3923,428.99,3,10
3924,335.36,16,10
3925,242.27,3,0
3926,39.27,9,10
3927,128.01,7,5
3928,56.98,10,20
3929,338.33,13,10
3930,44.58,1,20
3931,230.5,3,15
3932,438.84,19,0
3933,265.27,9,25
3934,120.04,8,5
3935,426.1,9,0
3936,69.51,6,5
3937,291.47,4,25
3938,197.48,9,10
3939,296.93,8,10
3940,12.35,14,15
3941,269.87,15,10
3942,225.95,10,10
3943,341.95,2,25
3944,453.84,4,5
3945,271.39,13,25
3946,470.56,17,25
3947,72.54,10,15
3948,45.53,6,0
3949,465.79,9,15
3950,222.48,16,10
3951,283.76,17,15
3952,344.07,12,20
3953,275.96,11,0
3954,128.79,4,20
3955,235.31,20,0
3956,206.33,18,0
3957,358.59,11,15
3958,71.97,2,25
3959,83.05,20,0
3960,162.69,19,0
3961,469.32,7,25
3962,40.51,13,25
3963,359.3,20,5
3964,86.39,20,20
3965,495.57,16,10
3966,305.72,16,15
3967,317.76,10,0
3968,328.94,9,0
3969,311.57,13,15
3970,406.44,10,0
3971,136.41,8,0
3972,198.85,19,20
3973,203.21,11,15
3974,311.44,3,5
3975,498.47,11,20
3976,230.54,8,25
3977,404.08,11,10
3978,194.44,18,20
3979,256.68,16,25
3980,258.54,1,5
3981,225.35,20,15
3982,386.24,12,25
3983,16.11,2,20
3984,232.82,12,5
3985,420.69,20,15
3986,179.74,8,10
3987,13.64,14,25
3988,332.84,10,25
3989,392.11,8,10
3990,439.23,12,15
3991,125.21,2,5
3992,442.61,7,5
3993,292.73,6,20
3994,350.7,10,0
3995,413.07,9,0
3996,393.42,9,25
3997,404.88,12,0
3998,141.51,1,15
3999,237.41,1,15
4000,28.81,4,15
4001,343.14,13,5
4002,271.11,17,15
4003,105.49,7,0
4004,192.67,18,5
4005,99.55,16,20
4006,16.19,2,10
4007,197.5,13,0
4008,481.63,17,20
4009,29.32,11,25
4010,489.02,19,5
4011,429.28,7,0
4012,180.31,15,0
4013,363.26,15,25
4014,307.01,1,0
4015,21.01,13,10
4016,385.04,19,0
4017,334.67,7,0
4018,49.13,10,5
4019,230.91,12,15
4020,210.06,14,0
4021,148.63,14,20
4022,451.1,9,15
4023,251.07,2,25
4024,371.07,3,15
4025,386.45,3,0
4026,186.17,2,0
4027,451.11,18,0
4028,196.34,12,10
4029,187.27,6,10
4030,310.67,14,10
4031,115.69,5,5
4032,124.89,14,15
4033,161.9,13,20
4034,191.62,8,10
4035,316.51,11,5
4036,229.3,7,5
4037,266.78,10,10
4038,133.48,12,20
4039,23.98,2,10
4040,390.47,4,10
4041,272.23,5,10
4042,374.58,17,25
4043,402.24,20,5
4044,123.88,9,10
4045,255.1,1,25
4046,376.93,1,0
4047,57.86,12,20
4048,381.07,20,5
4049,367.43,2,10
4050,90.31,7,0
4051,355.64,12,5
4052,356.41,12,20
4053,324.63,1,0
4054,359.28,16,0
4055,390.66,6,20
4056,192.62,7,20
4057,77.48,3,0
4058,317.45,10,5
4059,477.84,2,0
4060,378.41,20,5
4061,251.79,2,25
4062,341.76,20,5
4063,151.12,3,20
4064,52.86,2,25
4065,246.39,2,10
4066,360.48,15,15
4067,62.71,11,10
4068,232.66,12,5
4069,379.55,20,15
4070,122.18,13,25
4071,330.6,20,5
4072,34.41,8,5
4073,22.34,13,10
4074,139.97,9,0
4075,321.21,3,0
4076,303.05,3,0
4077,291.14,10,10
4078,401.41,14,25
4079,135.27,14,15
4080,463.01,6,25
4081,439.1,6,20
4082,60.34,9,15
4083,250.98,16,0
4084,265.9,4,0
4085,45.78,17,0
4086,20.6,16,0
4087,165.27,3,0
4088,84.5,11,15
4089,357.06,16,0
4090,442.53,7,10
4091,152.78,8,0
4092,174.78,11,0
4093,492.01,14,0
4094,352.84,11,0
4095,237.02,3,15
4096,41.86,1,20
4097,328.47,9,15
4098,104.21,6,20
4099,220.15,16,5
4100,235.65,17,0
4101,375.3,15,15
4102,284.62,16,25
4103,333.9,9,25
4104,330.36,10,25
4105,384.89,18,25
4106,494.14,9,25
4107,208.87,19,20
4108,422.58,17,20
4109,59.7,7,5
4110,77.05,1,0
4111,294.83,2,5
4112,120.31,14,0
4113,169.81,15,25
4114,447.59,18,15
4115,436.33,12,0
4116,179.42,14,0
4117,90.09,1,0
4118,166.93,5,15
4119,29.6,19,5
4120,470.72,7,5
4121,126.97,10,20
4122,160.77,17,15
4123,35.47,7,15
4124,156.67,6,0
4125,239.0,5,15
4126,406.82,16,10
4127,15.14,19,20
4128,244.74,6,0
4129,32.83,11,20
4130,77.32,16,5
4131,476.99,17,5
4132,16.28,13,15
4133,124.74,6,15
4134,355.84,3,15
4135,486.38,19,25
4136,342.81,6,5
4137,140.99,12,10
4138,448.27,16,20
4139,328.86,4,0
4140,324.44,20,25
4141,149.73,13,15
4142,274.17,6,25
4143,350.77,8,5
4144,219.35,17,10
4145,68.74,14,15
4146,90.07,13,5
4147,220.82,12,15
4148,17.08,2,10
4149,164.99,20,10
4150,423.61,9,20
4151,206.33,2,5
4152,256.54,17,10
4153,472.94,18,0
4154,256.42,10,10
4155,86.89,5,20
4156,402.56,11,25
4157,15.08,15,25
4158,24.55,11,25
4159,180.51,1,15
4160,447.46,7,10
4161,395.94,2,0
4162,452.59,19,0
4163,313.05,4,10
4164,297.64,5,15
4165,425.75,1,5
4166,140.59,6,20
4167,78.8,3,10
4168,467.17,15,25
4169,281.28,3,10
4170,362.76,3,15
4171,121.21,7,20
4172,358.54,4,0
4173,391.44,9,20
4174,236.22,2,20
4175,159.34,16,15
4176,27.83,3,5
4177,29.93,18,15
4178,295.38,12,10
4179,487.34,6,25
4180,425.59,7,15
4181,333.71,3,15
4182,354.54,8,5
4183,481.38,14,25
4184,229.7,18,15
4185,384.72,7,25
4186,397.91,8,0
4187,116.05,18,15
4188,279.21,11,25
4189,404.61,6,15
4190,38.09,15,20
4191,292.29,15,20
4192,335.02,8,20
4193,474.25,7,5
4194,214.96,20,20
4195,67.22,20,25
4196,413.58,18,25
4197,215.79,20,25
4198,258.39,12,10
4199,481.21,9,25
4200,79.28,18,15
4201,119.61,14,15
4202,142.56,20,0
4203,498.88,10,15
4204,270.69,18,0
4205,267.69,7,20
4206,234.47,14,25
4207,167.47,10,15
4208,22.93,16,5
4209,289.49,14,25
4210,27.92,2,0
4211,258.39,14,15
4212,231.82,20,5
4213,313.44,9,10
4214,484.93,4,20
4215,233.61,14,5
4216,227.74,12,15
4217,139.47,1,5
4218,77.09,6,15
4219,310.59,4,10
4220,33.17,8,10
4221,433.27,8,10
4222,265.34,6,5
4223,386.66,18,5
4224,202.77,9,10
4225,492.92,4,10
4226,308.67,6,0
4227,469.21,2,15
4228,485.32,3,10
4229,322.51,5,10
4230,175.86,3,20
4231,417.25,3,20
4232,374.95,2,15
4233,195.19,9,0
4234,26.23,13,20
4235,273.03,20,15
4236,92.95,5,10
4237,453.3,14,15
4238,113.75,12,25
4239,48.22,5,0
4240,41.9,15,10
4241,144.14,14,20
4242,189.87,9,25
4243,394.63,5,10
4244,301.21,8,10
4245,405.82,13,15
4246,451.79,18,25
4247,74.81,6,0
4248,63.92,1,5
4249,231.48,5,5
4250,379.9,18,5
4251,391.17,11,10
4252,84.65,12,15
4253,87.46,5,20
4254,250.63,1,10
4255,213.51,5,20
4256,35.55,1,0
4257,50.53,9,10
4258,297.21,13,20
4259,55.05,2,0
4260,104.54,3,10
4261,14.64,18,15
4262,191.52,10,25
4263,265.46,12,25
4264,343.09,4,5
4265,413.83,4,0
4266,458.34,6,25
4267,230.19,4,5
4268,271.9,7,25
4269,265.22,11,20
4270,486.16,10,5
4271,417.75,3,20
4272,38.84,6,0
4273,275.55,19,0
4274,64.01,9,20
4275,288.42,8,10
4276,20.86,3,15
4277,349.34,14,20
4278,253.72,6,5
4279,309.29,17,0
4280,266.36,7,25
4281,176.53,15,20
4282,213.84,11,20
4283,102.79,15,25
4284,86.16,19,5
4285,399.94,20,10
4286,49.34,8,10
4287,381.95,17,5
4288,305.27,20,10
4289,363.87,15,20
4290,217.65,12,20
4291,447.26,7,20
4292,75.23,13,15
4293,332.01,17,10
4294,283.73,2,10
4295,399.53,10,20
4296,288.96,6,25
4297,352.75,3,25
4298,458.72,4,15
4299,448.89,6,20
4300,449.3,17,10
4301,204.12,15,25
4302,485.26,16,20
4303,26.68,17,25
4304,188.24,2,5
4305,292.53,1,5
4306,96.28,12,15
4307,127.78,14,5
4308,303.15,12,25
4309,401.81,18,10
4310,16.91,13,25
4311,96.6,5,5
4312,46.47,16,15
4313,216.03,11,10
4314,126.7,3,5
4315,138.65,5,25
4316,333.88,17,15
4317,192.55,5,5
4318,36.78,5,20
4319,246.46,14,0
4320,84.82,18,0
4321,135.39,20,0
4322,264.86,18,25
4323,137.02,17,25
4324,129.16,10,15
4325,280.28,12,25
4326,69.18,12,10
4327,25.2,17,15
4328,289.07,5,25
4329,149.9,2,25
4330,312.17,10,10
4331,470.8,8,5
4332,257.95,4,15
4333,80.99,16,15
4334,70.24,3,5
4335,472.91,6,0
4336,199.01,16,10
4337,486.05,3,5
4338,58.57,11,25
4339,411.57,20,0
4340,245.03,1,5
4341,309.83,2,15
4342,179.15,11,10
4343,228.41,16,10
4344,385.12,5,10
4345,75.72,13,20
4346,278.08,13,0
4347,226.7,15,10
4348,51.82,2,10
4349,478.92,12,25
4350,6.12,4,25
4351,208.11,9,5
4352,110.16,20,20
4353,456.25,1,0
4354,440.06,15,0
4355,162.37,18,25
4356,445.36,10,0
4357,398.74,7,20
4358,341.35,10,20
4359,54.3,3,0
4360,350.04,9,20
4361,47.93,3,20
4362,208.26,6,10
4363,124.5,3,5
4364,324.96,3,0
4365,327.94,3,25
4366,26.42,3,25
4367,261.43,16,20
4368,218.68,18,15
4369,28.41,20,0
4370,470.05,5,0
4371,329.18,14,25
4372,485.74,20,15
4373,397.89,20,10
4374,11.24,19,0
4375,206.1,6,15
4376,276.17,1,20
4377,426.53,2,25
4378,97.42,15,15
4379,44.23,9,15
4380,425.62,19,0
4381,18.99,20,25
4382,333.4,18,20
4383,229.1,3,15
4384,314.53,4,20
4385,55.18,7,20
4386,267.0,6,15
4387,155.8,6,25
4388,248.13,20,15
4389,56.11,1,10
4390,466.54,14,0
4391,244.13,12,5
4392,110.04,12,15
4393,157.66,6,5
4394,476.03,12,5
4395,17.73,19,20
4396,407.17,2,20
4397,126.18,11,20
4398,32.67,15,25
4399,457.81,3,15
4400,32.93,20,25
4401,31.34,10,0
4402,221.23,15,15
4403,400.2,18,0
4404,15.54,3,0
4405,196.43,16,20
4406,213.66,18,15
4407,477.75,9,10
4408,95.06,6,10
4409,164.93,10,20
4410,492.31,8,20
4411,240.11,19,25
4412,378.19,5,25
4413,349.12,14,20
4414,203.74,14,25
4415,185.1,2,0
4416,24.49,2,5
4417,368.94,17,15
4418,489.22,18,20
4419,357.05,1,20
4420,488.11,6,25
4421,314.33,13,5
4422,368.84,12,0
4423,472.64,7,15
4424,52.52,15,15
4425,230.9,13,20
4426,244.08,10,15
4427,481.61,11,25
4428,150.19,11,20
4429,183.23,11,5
4430,467.88,5,0
4431,310.57,4,0
4432,315.08,4,20
4433,216.12,17,10
4434,143.92,16,20
4435,261.73,8,25
4436,350.73,2,15
4437,99.62,3,15
4438,488.0,18,0
4439,460.97,4,15
4440,55.4,4,20
4441,481.42,19,5
4442,243.32,7,5
4443,67.87,1,5
4444,331.38,4,15
4445,178.32,11,20
4446,147.83,12,15
4447,323.67,9,10
4448,263.46,9,5
4449,368.24,19,20
4450,168.07,11,25
4451,184.76,8,10
4452,179.87,8,5
4453,104.6,17,10
4454,188.86,15,10
4455,128.13,13,20
4456,252.29,17,0
4457,120.56,14,25
4458,74.56,7,15
4459,320.18,17,5
4460,283.59,1,25
4461,478.89,2,20
4462,427.56,18,20
4463,493.53,8,20
4464,22.32,16,5
4465,417.48,17,15
4466,438.28,18,5
4467,176.02,3,0
4468,370.1,17,25
4469,162.23,16,15
4470,316.14,11,25
4471,484.89,20,10
4472,39.81,8,10
4473,158.75,20,20
4474,394.85,12,20
4475,116.05,6,20
4476,425.1,8,25
4477,423.9,10,10
4478,349.03,17,25
4479,374.08,18,25
4480,45.99,5,15
4481,178.74,5,20
4482,340.94,11,5
4483,265.48,11,15
4484,236.99,8,25
4485,79.87,4,25
4486,132.31,16,5
4487,487.01,2,0
4488,249.31,15,15
4489,339.69,19,15
4490,280.33,9,5
4491,488.39,8,0
4492,78.9,3,15
4493,204.54,3,0
4494,137.3,13,0
4495,329.43,7,15
4496,261.41,9,0
4497,258.82,2,0
4498,165.55,11,0
4499,355.92,5,10
4500,333.03,6,20
4501,235.55,19,20
4502,472.25,10,20
4503,151.33,6,10
4504,195.59,1,15
4505,12.86,6,10
4506,328.2,11,0
4507,330.07,11,20
4508,12.97,9,0
4509,416.74,5,20
4510,223.04,10,15
4511,184.54,18,15
4512,207.74,3,10
4513,14.07,17,10
4514,210.61,20,25
4515,489.07,13,5
4516,275.86,8,25
4517,483.19,2,0
4518,174.79,3,20
4519,468.71,2,15
4520,150.69,6,15
4521,9.41,5,5
4522,251.2,7,10
4523,207.62,14,25
4524,78.09,4,10
4525,380.62,13,15
4526,276.11,13,15
4527,323.31,6,25
4528,409.08,19,20
4529,157.3,12,0
4530,227.49,17,15
4531,149.11,5,20
4532,295.77,13,25
4533,276.33,20,10
4534,286.99,18,10
4535,458.74,11,15
4536,257.79,5,5
4537,80.76,8,0
4538,418.82,16,25
4539,194.31,13,15
4540,179.36,1,15
4541,292.41,7,10
4542,347.78,12,20
4543,467.45,9,25
4544,7.47,1,5
4545,450.94,11,15
4546,207.66,16,25
4547,43.92,9,25
4548,359.26,13,0
4549,226.84,5,25
4550,242.04,16,5
4551,318.79,17,25
4552,74.25,9,25
4553,143.69,17,10
4554,144.17,2,15
4555,454.93,16,5
4556,379.41,4,15
4557,94.76,19,10
4558,18.68,15,15
4559,383.82,20,20
4560,446.01,16,20
4561,175.46,18,25
4562,460.97,11,25
4563,357.48,3,20
4564,27.6,5,20
4565,232.49,14,15
4566,274.55,15,5
4567,329.47,8,15
4568,109.86,2,10
4569,142.63,4,0
4570,318.28,3,20
4571,214.05,11,20
4572,433.45,1,20
4573,216.57,5,5
4574,365.3,17,10
4575,155.92,9,10
4576,398.51,5,0
4577,312.65,7,20
4578,381.41,9,20
4579,84.08,5,15
4580,24.09,7,25
4581,189.96,9,5
4582,60.88,12,25
4583,405.43,19,25
4584,351.31,17,5
4585,165.59,17,20
4586,391.4,8,5
4587,296.73,11,10
4588,497.73,6,10
4589,265.24,12,15
4590,189.79,16,25
4591,251.79,12,0
4592,400.34,15,10
4593,253.1,20,5
4594,176.19,4,5
4595,174.93,1,10
4596,132.28,12,15
4597,178.18,20,0
4598,214.09,15,0
4599,495.42,4,0
4600,283.16,11,15
4601,120.07,17,0
4602,377.55,5,10
4603,412.01,6,20
4604,272.1,10,15
4605,265.64,15,10
4606,416.65,10,0
4607,302.24,8,10
4608,167.02,1,0
4609,458.11,14,15
4610,207.5,2,15
4611,260.24,3,0
4612,126.12,20,20
4613,79.34,8,15
4614,207.77,18,15
4615,28.67,9,5
4616,337.2,3,0
4617,15.94,14,20
4618,391.76,1,25
4619,156.11,5,5
4620,281.66,6,20
4621,457.37,5,0
4622,5.05,13,25
4623,147.77,4,20
4624,131.78,10,0
4625,492.97,10,25
4626,373.07,4,5
4627,276.53,13,0
4628,57.37,6,0
4629,205.99,20,15
4630,298.25,5,10
4631,68.29,12,0
4632,101.82,12,5
4633,429.39,12,25
4634,266.95,11,0
4635,89.12,6,15
4636,91.93,19,5
4637,8.96,1,0
4638,170.41,3,15
4639,117.17,12,25
4640,341.66,10,25
4641,401.89,5,15
4642,36.92,16,20
4643,88.67,1,10
4644,290.65,6,0
4645,466.31,18,15
4646,367.32,6,25
4647,469.09,7,10
4648,230.96,10,10
4649,97.33,1,10
4650,83.97,14,20
4651,200.63,16,25
4652,273.53,8,5
4653,129.11,19,10
4654,17.9,2,20
4655,382.75,7,25
4656,134.6,20,5
4657,167.59,18,0
4658,494.87,20,0
4659,189.34,10,25
4660,169.86,18,5
4661,452.8,8,20
4662,23.44,7,15
4663,35.88,13,10
4664,424.89,6,0
4665,270.86,10,20
4666,389.84,7,0
4667,90.75,18,0
4668,236.31,15,15
4669,337.92,17,0
4670,309.13,3,10
4671,172.16,18,15
4672,313.33,12,5
4673,35.28,1,15
4674,19.86,15,10
4675,85.16,8,10
4676,36.89,2,20
4677,270.43,4,5
4678,339.92,18,25
4679,333.49,4,5
4680,474.97,17,25
4681,69.95,9,25
4682,301.25,6,25
4683,27.38,15,15
4684,283.77,18,15
4685,173.85,14,10
4686,247.42,6,0
4687,131.41,8,20
4688,426.59,7,25
4689,112.53,18,5
4690,161.84,18,10
4691,352.52,10,0
4692,143.54,4,10
4693,335.03,2,0
4694,111.68,3,15
4695,239.31,1,15
4696,96.78,16,15
4697,309.07,17,0
4698,91.4,15,0
4699,368.14,10,0
4700,276.78,5,0
4701,12.01,10,5
4702,139.55,18,10
4703,185.93,13,5
4704,496.94,4,25
4705,17.37,14,25
4706,423.12,19,25
4707,323.6,13,5
4708,461.8,2,15
4709,103.09,9,20
4710,261.49,8,5
4711,428.4,1,0
4712,181.77,6,0
4713,272.69,3,20
4714,262.51,15,20
4715,477.52,14,0
4716,115.81,6,15
4717,402.26,2,15
4718,39.23,2,15
4719,418.18,18,15
4720,62.4,9,25
4721,84.56,1,15
4722,114.59,4,10
4723,196.61,12,5
4724,326.3,5,0
4725,5.99,8,20
4726,297.75,11,0
4727,72.2,5,10
4728,298.77,3,0
4729,77.63,18,25
4730,283.68,2,10
4731,21.84,5,10
4732,229.95,2,0
4733,155.81,10,5
4734,156.0,18,25
4735,499.98,14,25
4736,473.34,13,25
4737,37.59,6,20
4738,445.97,17,15
4739,260.32,13,25
4740,357.4,11,25
4741,298.43,5,5
4742,497.68,6,25
4743,6.83,6,20
4744,261.03,14,20
4745,261.4,2,15
4746,199.35,15,5
4747,436.22,3,0
4748,46.94,14,10
4749,107.55,1,10
4750,338.1,1,15
4751,419.28,1,5
4752,251.12,19,10
4753,352.89,6,20
4754,77.49,17,0
4755,7.68,2,20
4756,431.18,19,25
4757,402.98,3,20
4758,227.15,15,5
4759,456.62,12,0
4760,425.81,18,0
4761,393.05,19,20
4762,387.11,17,15
4763,52.35,12,5
4764,495.89,2,0
4765,310.75,12,25
4766,364.98,2,25
4767,213.9,16,25
4768,75.38,5,10
4769,204.31,13,5
4770,41.86,8,25
4771,19.49,14,15
4772,331.08,4,0
4773,118.48,16,25
4774,130.27,16,15
4775,206.64,14,25
4776,7.03,11,25
4777,162.0,7,0
4778,277.08,8,25
4779,397.75,18,0
4780,248.31,13,0
4781,255.93,12,10
4782,124.2,10,20
4783,289.5,4,25
4784,440.34,17,10
4785,441.08,13,15
4786,440.41,17,0
4787,427.97,3,0
4788,26.56,19,20
4789,34.64,5,10
4790,43.57,17,20
4791,428.33,11,10
4792,134.59,9,0
4793,373.98,15,0
4794,422.82,4,20
4795,68.34,3,25
4796,323.62,2,0
4797,434.64,6,5
4798,377.65,18,10
4799,213.19,20,5
4800,495.43,6,5
4801,386.62,7,0
4802,179.7,18,10
4803,90.75,9,25
4804,53.85,7,15
4805,464.22,16,25
4806,16.81,16,0
4807,282.12,17,20
4808,71.36,19,5
4809,465.69,14,5
4810,380.1,2,15
4811,183.84,12,25
4812,287.86,1,20
4813,30.41,15,20
4814,324.97,6,25
4815,426.79,1,25
4816,123.35,8,5
4817,290.84,14,20
4818,451.51,16,25
4819,8.86,1,5
4820,19.46,2,25
4821,102.89,14,0
4822,441.55,4,5
4823,81.63,8,0
4824,304.43,1,25
4825,331.46,20,5
4826,61.29,4,10
4827,233.08,15,20
4828,469.13,12,25
4829,418.13,6,25
4830,431.3,2,10
4831,302.37,14,15
4832,83.77,2,15
4833,122.66,5,10
4834,430.65,11,25
4835,313.25,14,25
4836,479.14,4,5
4837,139.4,14,0
4838,398.19,2,5
4839,35.55,5,5
4840,292.28,2,10
4841,117.67,3,15
4842,47.88,2,10
4843,337.59,15,15
4844,458.26,5,20
4845,426.02,13,20
4846,171.64,7,15
4847,262.57,7,5
4848,79.13,18,5
4849,82.04,5,20
4850,194.1,14,0
4851,53.63,2,20
4852,92.95,12,0
4853,302.06,6,0
4854,73.88,10,5
4855,171.06,8,10
4856,350.37,1,5
4857,90.68,4,10
4858,226.7,4,15
4859,82.33,16,0
4860,463.01,5,10
4861,329.26,19,10
4862,463.05,16,25
4863,81.99,1,0
4864,12.62,11,10
4865,413.3,14,20
4866,447.71,16,10
4867,220.83,19,0
4868,55.89,10,0
4869,295.38,5,5
4870,178.44,12,5
4871,26.16,7,10
4872,474.8,19,15
4873,85.94,15,20
4874,164.39,15,5
4875,419.98,7,0
4876,82.95,10,0
4877,345.34,15,0
4878,169.05,19,5
4879,304.96,14,20
4880,305.41,7,25
4881,371.34,17,25
4882,246.89,17,25
4883,129.09,6,0
4884,374.12,5,0
4885,39.56,17,5
4886,343.2,20,10
4887,124.77,1,0
4888,369.17,2,5
4889,320.6,16,15
4890,323.79,1,0
4891,80.9,19,5
4892,63.03,16,25
4893,140.0,3,25
4894,416.14,8,5
4895,284.72,8,5
4896,389.36,20,0
4897,26.6,6,0
4898,454.75,16,5
4899,167.06,18,20
4900,491.26,5,10
4901,259.81,3,15
4902,269.42,4,15
4903,488.07,17,5
4904,353.31,19,5
4905,185.65,14,0
4906,88.76,10,25
4907,484.42,9,5
4908,184.86,2,5
4909,210.61,1,5
4910,196.97,3,15
4911,481.97,8,20
4912,225.37,10,5
4913,440.05,13,25
4914,393.79,17,25
4915,363.8,1,5
4916,372.24,19,20
4917,75.46,9,5
4918,133.76,6,20
4919,470.76,2,20
4920,467.7,3,15
4921,287.84,13,20
4922,81.59,10,10
4923,200.15,8,5
4924,223.98,14,10
4925,251.9,15,25
4926,11.07,20,0
4927,38.84,5,0
4928,279.49,7,15
4929,203.74,11,20
4930,413.92,16,10
4931,224.38,19,10
4932,8.96,19,5
4933,220.97,10,20
4934,104.89,17,10
4935,35.33,4,20
4936,454.93,12,10
4937,272.81,13,15
4938,391.72,3,0
4939,290.42,7,0
4940,293.72,5,15
4941,280.65,13,20
4942,70.24,2,25
4943,472.53,9,5
4944,36.69,17,25
4945,432.84,19,5
4946,277.27,1,15
4947,27.15,1,25
4948,119.95,4,15
4949,243.65,8,20
4950,199.33,5,20
4951,121.44,6,5
4952,398.64,5,20
4953,148.83,14,0
4954,131.24,9,10
4955,440.87,13,10
4956,242.06,9,25
4957,402.16,2,0
4958,7.11,12,10
4959,220.43,6,15
4960,484.19,15,15
4961,413.49,15,25
4962,385.28,16,5
4963,47.58,17,10
4964,98.86,12,0
4965,460.37,7,5
4966,440.03,13,10
4967,481.58,13,0
4968,496.99,4,25
4969,400.73,5,25
4970,262.88,8,10
4971,35.97,3,5
4972,451.45,4,20
4973,345.46,19,20
4974,241.33,5,5
4975,449.24,2,15
4976,208.65,8,20
4977,459.98,18,20
4978,228.75,5,25
4979,76.22,5,20
4980,416.86,12,15
4981,366.8,18,0
4982,215.93,5,25
4983,287.31,2,0
4984,42.03,6,25
4985,446.16,13,25
4986,423.11,16,10
4987,150.39,17,10
4988,278.05,16,20
4989,19.88,3,0
4990,420.38,12,0
4991,376.12,5,0
4992,100.87,12,20
4993,216.51,18,10
4994,78.46,13,20
4995,401.62,4,0
4996,187.31,14,5
4997,478.98,19,25
4998,492.64,3,25
4999,399.9,10,0
5000,311.49,19,5
5001,209.62,8,5
5002,361.97,7,15
5003,73.6,2,0
5004,452.05,15,20
5005,146.08,11,25
5006,309.59,17,25
5007,247.11,2,10
5008,46.21,20,25
5009,70.72,17,15
5010,215.8,1,5
5011,63.25,20,20
5012,444.49,5,25
5013,303.97,14,25
5014,300.33,9,20
5015,111.2,14,25
5016,115.47,20,5
5017,227.18,8,0
5018,284.7,3,20
5019,365.39,2,0
5020,30.32,5,15
5021,440.93,3,25
5022,299.47,9,15
5023,407.97,16,10
5024,16.57,13,10
5025,310.39,20,5
5026,134.55,10,15
5027,496.03,20,20
5028,404.27,1,5
5029,494.44,18,25
5030,56.96,12,5
5031,29.99,16,0
5032,261.1,6,20
5033,184.03,13,20
5034,221.35,20,0
5035,132.9,15,0
5036,210.51,3,5
5037,331.32,7,10
5038,404.32,9,5
5039,200.93,16,0
5040,272.85,17,20
5041,322.64,14,20
5042,60.46,18,10
5043,102.61,8,10
5044,91.45,17,0
5045,293.06,11,0
5046,458.5,19,5
5047,5.23,16,0
5048,110.55,2,15
5049,428.19,6,5
5050,360.03,2,10
5051,54.17,3,20
5052,224.8,12,5
5053,83.9,4,10
5054,486.54,16,20
5055,455.95,5,25
5056,36.21,18,20
5057,390.16,7,0
5058,256.65,5,25
5059,89.82,5,15
5060,300.33,9,5
5061,482.52,12,25
5062,320.9,4,5
5063,271.41,10,5
5064,281.1,11,10
5065,288.95,20,15
5066,102.05,7,10
5067,304.36,19,25
5068,237.49,16,10
5069,7.65,18,5
5070,261.78,2,10
5071,213.14,20,20
5072,49.61,10,25
5073,202.97,11,20
5074,73.82,18,10
5075,320.64,14,20
5076,425.39,3,20
5077,14.71,8,25
5078,13.52,13,10
5079,415.99,15,5
5080,99.97,6,20
5081,280.28,18,0
5082,103.36,13,5
5083,98.57,6,0
5084,354.8,12,10
5085,176.48,3,25
5086,70.51,8,20
5087,466.11,15,10
5088,421.87,2,15
5089,49.47,15,5
5090,479.2,5,0
5091,443.79,16,20
5092,138.12,19,10
5093,389.21,8,5
5094,358.05,2,15
5095,128.16,18,20
5096,436.38,18,20
5097,414.13,20,0
5098,61.02,16,0
5099,281.44,14,5
5100,261.51,10,20
5101,442.4,8,5
5102,68.73,4,10
5103,99.3,20,20
5104,168.02,1,20
5105,294.04,10,5
5106,426.56,15,25
5107,327.34,16,25
5108,428.16,17,0
5109,115.68,16,25
5110,444.75,12,20
5111,241.68,10,0
5112,359.61,10,20
5113,220.08,8,25
5114,39.69,7,20
5115,314.84,19,15
5116,482.99,11,10
5117,96.3,11,5
5118,320.94,14,10
5119,473.88,1,20
5120,209.43,8,5
5121,467.93,19,20
5122,129.33,2,25
5123,378.83,6,5
5124,499.59,4,25
5125,468.15,14,15
5126,122.01,17,20
5127,48.11,4,10
5128,17.2,18,10
5129,433.15,1,25
5130,316.64,11,10
5131,460.89,2,20
5132,353.03,4,15
5133,498.75,19,5
5134,394.52,5,5
5135,432.53,8,0
5136,184.6,3,0
5137,365.04,16,5
5138,429.36,12,20
5139,249.16,13,15
5140,132.17,9,15
5141,13.96,11,5
5142,236.64,10,10
5143,298.6,6,20
5144,307.03,19,25
5145,227.41,18,10
5146,202.6,6,0
5147,210.92,3,25
5148,5.19,16,5
5149,227.21,5,10
5150,142.82,3,0
5151,214.62,5,15
5152,180.4,7,0
5153,37.39,4,20
5154,14.77,8,20
5155,346.8,17,10
5156,244.05,1,25
5157,94.08,15,25
5158,340.76,13,25
5159,136.71,19,5
5160,467.66,7,10
5161,421.29,15,0
5162,313.9,4,20
5163,462.91,7,25
5164,365.1,10,20
5165,239.17,4,0
5166,58.68,19,10
5167,237.13,8,5
5168,366.35,3,15
5169,156.16,1,5
5170,292.66,12,5
5171,464.16,16,20
5172,428.16,7,20
5173,157.09,9,5
5174,16.52,16,0
5175,206.09,12,10
5176,406.78,15,15
5177,125.03,6,0
5178,301.74,12,25
5179,278.02,4,5
5180,50.03,15,5
5181,435.1,18,0
5182,465.98,11,25
5183,442.83,3,25
5184,367.21,10,15
5185,499.79,1,20
5186,198.66,3,20
5187,299.26,3,10
5188,219.28,20,25
5189,194.61,4,5
5190,465.23,4,10
5191,13.56,6,25
5192,213.36,1,0
5193,468.04,15,15
5194,211.81,6,10
5195,171.91,4,25
5196,110.94,7,10
5197,275.07,5,15
5198,426.53,8,5
5199,427.31,9,25
5200,201.92,10,0
5201,306.03,20,10
5202,102.58,7,15
5203,119.98,10,10
5204,297.4,16,25
5205,371.04,11,10
5206,445.68,7,0
5207,262.47,13,25
5208,193.29,3,0
5209,451.42,1,0
5210,230.49,4,0
5211,64.41,2,10
5212,276.76,10,25
5213,178.96,8,25
5214,206.32,1,0
5215,479.25,15,15
5216,365.6,15,20
5217,91.11,17,15
5218,68.84,6,25
5219,422.97,9,25
5220,127.36,7,0
5221,193.47,10,25
5222,306.6,17,5
5223,476.46,18,15
5224,247.61,11,15
5225,85.41,12,10
5226,397.0,18,10
5227,242.15,13,20
5228,97.03,1,25
5229,396.25,18,15
5230,38.6,16,20
5231,380.12,7,0
5232,9.6,14,0
5233,42.64,14,0
5234,489.72,7,15
5235,127.17,7,10
5236,249.47,12,5
5237,130.72,12,25
5238,76.01,16,5
5239,75.71,3,10
5240,399.66,16,5
5241,31.86,7,5
5242,292.02,11,10
5243,93.92,8,0
5244,421.92,20,5
5245,372.76,18,15
5246,219.47,6,0
5247,438.88,20,5
5248,84.55,6,15
5249,354.35,3,10
5250,12.26,8,25
5251,238.4,2,20
5252,439.7,17,15
5253,251.65,15,10
5254,228.33,6,20
5255,80.58,13,15
5256,63.56,12,25
5257,467.52,14,0
5258,276.62,19,15
5259,214.39,2,5
5260,185.35,17,5
5261,200.09,2,15
5262,420.92,16,15
5263,320.75,15,0
5264,209.66,8,20
5265,257.12,4,25
5266,221.35,14,10
5267,343.94,10,10
5268,234.96,12,0
5269,8.9,7,5
5270,113.42,18,5
5271,182.66,8,25
5272,209.25,17,10
5273,263.88,2,15
5274,331.13,13,10
5275,211.26,12,20
5276,216.42,15,10
5277,343.17,19,5
5278,402.9,3,0
5279,211.72,1,5
5280,294.37,2,5
5281,36.12,13,25
5282,117.82,20,15
5283,196.05,3,25
5284,71.34,2,15
5285,458.33,2,10
5286,19.3,12,5
5287,152.94,5,15
5288,308.57,7,0
5289,354.35,10,20
5290,190.2,15,15
5291,19.94,5,0
5292,150.16,6,0
5293,230.03,9,0
5294,77.71,1,10
5295,412.15,12,10
5296,330.3,2,5
5297,307.97,13,15
5298,193.48,6,20
5299,94.49,7,25
5300,172.18,3,10
5301,229.19,9,20
5302,426.5,17,20
5303,57.29,11,15
5304,265.86,11,20
5305,122.75,16,0
5306,473.95,14,0
5307,410.97,13,0
5308,241.94,13,20
5309,35.34,16,5
5310,454.0,6,5
5311,47.02,12,5
5312,447.53,8,0
5313,321.85,18,20
5314,39.5,2,0
5315,494.7,18,0
5316,171.87,9,15
5317,150.12,17,5
5318,63.72,19,20
5319,226.28,8,5
5320,360.98,19,25
5321,151.46,10,5
5322,157.21,18,0
5323,75.5,14,0
5324,323.11,17,25
5325,190.46,19,10
5326,34.79,10,10
5327,137.71,14,10
5328,411.1,7,10
5329,116.54,6,20
5330,409.09,14,5
5331,95.62,1,15
5332,152.12,18,25
5333,455.33,4,10
5334,147.84,4,15
5335,328.03,19,10
5336,419.5,2,10
5337,351.45,8,25
5338,276.5,19,10
5339,432.92,16,5
5340,109.84,10,25
5341,62.86,20,15
5342,193.02,3,20
5343,330.38,20,15
5344,353.17,17,10
5345,388.55,14,25
5346,87.2,15,20
5347,288.61,7,5
5348,496.3,2,5
5349,396.47,15,0
5350,239.38,9,5
5351,452.87,4,0
5352,185.71,9,20
5353,195.1,10,0
5354,87.09,10,0
5355,313.99,3,5
5356,68.93,5,25
5357,429.81,3,15
5358,469.31,9,20
5359,213.19,12,15
5360,298.23,6,25
5361,392.1,20,25
5362,403.01,15,15
5363,167.26,10,10
5364,59.16,5,20
5365,87.6,9,10
5366,154.33,7,15
5367,111.98,17,15
5368,254.03,8,0
5369,116.32,12,15
5370,119.56,8,10
5371,31.34,20,20
5372,178.7,5,5
5373,102.18,8,20
5374,318.19,8,10
5375,101.21,14,0
5376,33.03,16,10
5377,110.66,10,10
5378,356.32,1,25
5379,199.16,4,20
5380,379.7,10,5
5381,56.38,14,25
5382,447.03,1,25
5383,46.85,2,15
5384,420.32,18,5
5385,484.56,6,15
5386,433.57,15,10
5387,106.29,11,20
5388,116.49,13,10
5389,34.64,5,25
5390,488.43,14,10
5391,279.83,10,25
5392,463.04,18,20
5393,383.31,17,10
5394,87.72,13,20
5395,155.06,20,0
5396,219.43,11,0
5397,232.54,2,15
5398,259.1,11,20
5399,349.14,12,25
5400,346.55,1,20
5401,62.65,9,25
5402,109.71,14,5
5403,496.69,3,5
5404,469.92,17,25
5405,56.81,13,10
5406,228.41,2,25
5407,22.99,9,10
5408,272.48,18,25
5409,368.5,3,5
5410,83.36,3,20
5411,244.08,13,15
5412,356.8,2,10
5413,371.73,16,10
5414,109.54,19,5
5415,366.33,9,5
5416,417.47,11,10
5417,166.13,5,10
5418,492.18,3,25
5419,270.98,15,20
5420,367.27,17,10
5421,463.27,1,10
5422,159.75,19,0
5423,39.41,5,10
5424,111.76,16,20
5425,369.45,20,10
5426,228.95,14,10
5427,481.11,8,5
5428,490.95,4,5
5429,395.12,16,25
5430,75.74,15,5
5431,165.36,18,25
5432,146.78,10,10
5433,73.5,15,5
5434,163.57,7,15
5435,164.74,4,5
5436,115.09,10,15
5437,251.31,12,20
5438,470.09,9,15
5439,483.33,14,5
5440,314.85,14,15
5441,75.25,1,15
5442,233.83,17,0
5443,298.15,18,10
5444,189.9,6,20
5445,213.9,20,10
5446,88.22,9,5
5447,145.79,2,25
5448,48.71,19,25
5449,132.06,10,10
5450,127.21,10,20
5451,227.59,20,5
5452,30.98,19,5
5453,489.53,14,20
5454,144.2,2,0
5455,162.46,3,10
5456,322.28,20,0
5457,330.55,20,5
5458,309.64,18,0
5459,260.33,1,10
5460,127.48,6,15
5461,33.18,16,5
5462,244.85,1,15
5463,283.55,17,25
5464,231.18,11,10
5465,279.71,14,5
5466,195.46,10,25
5467,20.77,17,5
5468,111.0,19,25
5469,480.6,12,5
5470,166.91,13,20
5471,424.44,13,5
5472,457.31,7,25
5473,338.19,10,5
5474,135.04,1,0
5475,262.29,12,15
5476,134.95,15,15
5477,313.38,2,10
5478,369.18,19,0
5479,130.76,20,25
5480,292.06,14,10
5481,55.6,8,0
5482,402.87,9,0
5483,240.42,9,25
5484,27.38,5,0
5485,364.77,5,20
5486,452.4,16,15
5487,442.68,16,20
5488,307.59,2,10
5489,373.07,17,5
5490,332.62,20,15
5491,323.73,17,5
5492,24.17,17,0
5493,457.96,5,5
5494,189.67,9,0
5495,100.88,13,20
5496,68.32,7,10
5497,52.46,15,0
5498,154.16,19,25
5499,202.22,14,0
5500,407.49,1,15
5501,336.43,13,15
5502,331.56,2,5
5503,338.88,18,10
5504,129.18,12,10
5505,425.03,4,0
5506,409.51,19,20
5507,481.56,3,5
5508,369.9,9,20
5509,428.58,12,0
5510,417.98,4,5
5511,488.85,9,10
5512,236.45,5,20
5513,51.46,16,10
5514,149.41,13,5
5515,483.67,5,15
5516,367.68,2,0
5517,264.45,8,10
5518,142.06,2,15
5519,299.65,6,15
5520,367.6,5,5
5521,67.1,9,25
5522,413.58,17,5
5523,216.53,18,25
5524,294.47,14,20
5525,53.03,1,15
5526,186.51,18,0
5527,76.72,18,20
5528,475.46,1,25
5529,137.96,8,5
5530,423.74,8,0
5531,303.84,10,10
5532,178.24,14,5
5533,273.66,10,0
5534,309.05,4,25
5535,202.57,14,25
5536,105.29,19,0
5537,409.04,4,10
5538,465.8,2,0
5539,59.04,7,25
5540,243.19,20,25
5541,463.27,8,25
5542,281.13,16,20
5543,483.5,16,5
5544,309.31,1,10
5545,415.75,10,20
5546,35.32,8,20
5547,115.03,3,15
5548,37.7,14,25
5549,202.63,9,15
5550,418.49,8,25
5551,338.06,8,5
5552,328.89,19,15
5553,308.27,20,0
5554,419.59,1,5
5555,395.91,9,20
5556,338.66,17,25
5557,217.77,17,25
5558,34.46,15,10
5559,413.25,12,10
5560,246.77,2,10
5561,270.36,12,15
5562,85.11,6,25
5563,203.93,17,15
5564,72.78,20,0
5565,252.81,8,25
5566,431.33,19,20
5567,458.25,18,20
5568,373.76,14,5
5569,27.44,19,20
5570,39.43,11,15
5571,59.98,7,10
5572,239.05,12,15
5573,236.24,4,25
5574,244.6,1,5
5575,114.88,7,15
5576,143.8,12,25
5577,194.22,9,0
5578,251.25,9,20
5579,88.08,3,10
5580,474.53,7,10
5581,407.92,16,10
5582,267.81,15,25
5583,300.46,7,20
5584,308.52,12,20
5585,44.4,10,10
5586,289.38,1,0
5587,85.41,15,25
5588,335.17,15,25
5589,298.94,17,20
5590,409.37,10,15
5591,368.19,12,10
5592,379.5,1,25
5593,491.18,9,0
5594,14.76,11,0
5595,356.15,6,5
5596,220.4,12,10
5597,335.12,20,15
5598,307.72,16,5
5599,344.7,19,5
5600,499.79,9,25
5601,22.55,19,0
5602,47.88,17,5
5603,147.0,4,20
5604,84.97,12,0
5605,95.61,14,20
5606,245.06,1,10
5607,199.48,20,5
5608,364.37,7,10
5609,28.1,1,10
5610,147.96,16,20
5611,426.66,7,10
5612,288.67,7,5
5613,378.64,7,15
5614,60.77,10,20
5615,455.89,3,15
5616,335.53,3,15
5617,128.72,15,20
5618,383.92,20,0
5619,275.41,4,5
5620,66.51,20,20
5621,77.38,5,20
5622,131.1,14,20
5623,404.3,4,10
5624,151.45,6,15
5625,331.69,2,25
5626,345.0,17,0
5627,292.86,2,10
5628,423.09,13,15
5629,418.79,7,0
5630,299.51,11,15
5631,132.37,1,15
5632,195.75,9,5
5633,378.09,16,5
5634,495.03,3,10
5635,401.07,10,15
5636,95.19,3,20
5637,379.54,19,20
5638,402.81,19,10
5639,53.46,15,10
5640,45.4,4,0
5641,115.58,9,25
5642,326.33,1,15
5643,197.79,10,15
5644,220.81,9,0
5645,461.88,15,25
5646,270.99,11,20
5647,258.33,5,0
5648,163.55,7,0
5649,200.49,10,5
5650,365.53,13,25
5651,84.55,17,25
5652,379.19,1,25
5653,419.61,1,10
5654,433.03,17,0
5655,323.88,14,20
5656,119.99,13,15
5657,152.55,11,15
5658,29.37,16,0
5659,479.67,11,5
5660,488.18,20,5
5661,120.69,8,25
5662,188.1,2,20
5663,382.95,11,25
5664,324.97,8,20
5665,57.11,6,10
5666,128.23,12,15
5667,445.89,8,20
5668,346.29,2,15
5669,122.53,5,15
5670,48.86,14,20
5671,349.75,13,20
5672,376.01,4,15
5673,450.61,11,0
5674,160.01,7,15
5675,246.48,6,5
5676,110.66,8,15
5677,93.34,18,20
5678,85.85,20,25
5679,52.32,20,15
5680,278.75,20,5
5681,455.18,4,0
5682,50.8,14,20
5683,366.52,6,10
5684,186.17,1,15
5685,446.12,15,20
5686,185.56,13,15
5687,260.62,15,25
5688,213.8,20,15
5689,287.5,16,10
5690,439.05,19,0
5691,399.9,17,20
5692,153.38,9,20
5693,112.28,12,5
5694,456.9,9,5
5695,162.26,5,10
5696,402.2,7,15
5697,288.18,2,0
5698,74.74,10,10
5699,241.45,13,5
5700,309.98,9,0
5701,124.9,17,25
5702,156.66,18,15
5703,181.68,5,5
5704,456.5,10,15
5705,311.13,14,15
5706,63.85,19,20
5707,192.97,16,10
5708,17.63,13,10
5709,147.54,16,0
5710,317.45,5,5
5711,5.05,16,15
5712,284.68,16,10
5713,468.54,9,5
5714,130.7,14,0
5715,226.04,11,0
5716,261.03,16,10
5717,331.73,3,15
5718,415.35,4,25
5719,84.94,18,25
5720,388.32,9,10
5721,194.14,19,0
5722,457.31,6,5
5723,275.99,17,10
5724,462.4,16,0
5725,102.04,6,5
5726,382.29,17,5
5727,412.65,4,20
5728,155.67,16,20
5729,142.97,6,0
5730,329.95,14,5
5731,236.55,20,10
5732,235.91,10,25
5733,68.16,13,5
5734,301.38,15,15
5735,151.17,15,10
5736,362.66,18,15
5737,464.32,11,10
5738,493.91,10,5
5739,82.93,5,20
5740,258.24,10,5
5741,368.61,7,15
5742,187.09,9,25
5743,407.28,13,20
5744,133.62,18,10
5745,419.02,12,0
5746,114.12,19,15
5747,92.46,15,0
5748,68.83,12,25
5749,100.61,3,15
5750,179.3,16,20
5751,26.13,6,5
5752,428.53,19,20
5753,297.31,16,25
5754,185.39,10,20
5755,22.67,8,10
5756,254.83,8,25
5757,315.83,20,10
5758,372.0,15,20
5759,203.37,20,5
5760,293.89,20,25
5761,496.23,6,20
5762,315.18,16,5
5763,329.96,6,10
5764,443.47,11,0
5765,346.1,10,0
5766,476.72,17,0
5767,82.31,2,25
5768,146.12,12,20
5769,326.54,9,20
5770,431.03,1,15
5771,184.1,10,15
5772,219.37,13,25
5773,496.66,20,25
5774,46.17,14,5
5775,46.77,15,10
5776,383.46,8,10
5777,159.62,14,0
5778,335.65,18,20
5779,115.48,20,20
5780,149.33,11,15
5781,440.39,10,20
5782,413.4,2,15
5783,438.68,8,25
5784,487.11,11,20
5785,431.45,6,25
5786,83.73,11,10
5787,32.02,15,10
5788,404.49,1,5
5789,265.55,8,20
5790,150.88,1,10
5791,41.67,9,15
5792,73.63,17,25
5793,413.09,7,5
5794,81.42,17,5
5795,475.72,12,25
5796,276.26,1,10
5797,126.4,15,0
5798,121.21,16,25
5799,476.77,2,20
5800,291.42,1,20
5801,65.95,19,15
5802,75.1,16,20
5803,115.85,11,20
5804,363.14,2,25
5805,248.1,12,15
5806,428.93,16,25
5807,311.48,8,15
5808,236.9,4,25
5809,361.26,15,10
5810,197.03,13,5
5811,483.43,12,10
5812,102.99,14,10
5813,368.82,6,5
5814,140.69,16,25
5815,174.21,4,0
5816,60.16,6,0
5817,422.37,7,15
5818,430.94,12,0
5819,349.71,2,20
5820,303.18,3,0
5821,378.04,12,15
5822,239.89,16,5
5823,11.56,13,20
5824,54.74,1,15
5825,201.62,14,15
5826,222.91,17,25
5827,42.06,20,25
5828,253.77,9,20
5829,328.9,19,25
5830,273.78,1,15
5831,300.01,9,10
5832,275.01,10,10
5833,274.34,13,25
5834,240.07,13,10
5835,307.35,19,0
5836,211.71,11,0
5837,389.88,17,10
5838,417.51,10,15
5839,206.11,14,15
5840,123.1,14,10
5841,158.95,6,5
5842,53.35,20,20
5843,26.75,7,5
5844,283.56,1,10
5845,446.28,15,10
5846,330.14,11,25
5847,292.78,6,15
5848,175.61,15,0
5849,107.98,1,15
5850,87.28,7,0
5851,87.08,1,0
5852,51.02,8,15
5853,403.7,18,15
5854,298.03,5,25
5855,24.61,11,0
5856,315.48,15,25
5857,368.54,5,0
5858,167.29,2,15
5859,115.25,19,5
5860,47.71,1,10
5861,392.99,8,5
5862,65.19,4,15
5863,272.17,10,0
5864,321.57,10,5
5865,275.94,16,5
5866,495.25,15,10
5867,105.29,20,20
5868,107.98,20,5
5869,61.51,10,15
5870,323.82,14,15
5871,131.02,2,10
5872,399.96,4,15
5873,119.97,6,5
5874,169.24,10,15
5875,383.25,19,20
5876,319.73,18,25
5877,395.52,8,15
5878,154.28,4,10
5879,399.26,2,15
5880,496.08,5,20
5881,348.84,17,0
5882,479.34,13,20
5883,26.08,16,15
5884,448.89,10,0
5885,129.87,4,5
5886,44.76,5,25
5887,387.72,19,5
5888,478.21,2,25
5889,234.77,2,5
5890,478.62,1,20
5891,160.38,9,0
5892,316.98,1,5
5893,32.67,11,0
5894,495.13,19,0
5895,45.69,7,10
5896,338.2,3,20
5897,173.14,9,25
5898,285.52,6,20
5899,395.98,17,0
5900,160.75,11,15
5901,14.97,12,5
5902,270.03,12,0
5903,195.04,4,15
5904,158.89,6,5
5905,348.5,12,25
5906,399.83,16,15
5907,119.77,19,20
5908,126.98,20,10
5909,48.26,17,20
5910,408.31,10,20
5911,456.61,6,25
5912,387.99,5,10
5913,52.59,5,10
5914,63.01,5,15
5915,189.11,4,5
5916,184.32,17,25
5917,59.74,7,25
5918,189.94,8,10
5919,52.17,18,20
5920,106.06,1,10
5921,466.98,6,20
5922,231.38,17,10
5923,75.51,2,5
5924,324.71,12,5
5925,31.03,6,5
5926,402.91,15,15
5927,32.73,16,25
5928,20.17,16,15
5929,193.85,18,20
5930,357.25,15,5
5931,82.9,9,25
5932,117.01,6,20
5933,13.72,12,5
5934,329.94,5,25
5935,44.89,2,20
5936,490.7,3,20
5937,75.7,15,20
5938,48.33,7,10
5939,224.05,16,5
5940,30.55,16,10
5941,44.59,7,25
5942,307.3,8,10
5943,135.36,9,0
5944,224.87,13,10
5945,75.91,13,10
5946,71.31,15,5
5947,14.71,9,20
5948,234.34,3,10
5949,141.53,10,20
5950,105.66,14,25
5951,298.68,5,20
5952,95.89,3,0
5953,433.95,11,20
5954,179.64,19,15
5955,328.19,12,20
5956,57.16,14,5
5957,474.74,19,15
5958,336.13,7,5
5959,174.77,20,10
5960,26.29,7,10
5961,33.45,18,20
5962,26.64,12,20
5963,11.9,2,20
5964,25.64,5,5
5965,213.66,6,10
5966,9.2,16,5
5967,337.52,20,20
5968,324.3,10,0
5969,184.16,16,5
5970,317.2,12,25
5971,115.73,1,0
5972,95.52,9,10
5973,120.28,20,15
5974,135.51,8,0
5975,262.74,2,15
5976,312.31,14,5
5977,53.46,3,5
5978,332.75,4,5
5979,48.92,9,5
5980,224.53,8,20
5981,365.19,3,10
5982,115.69,20,25
5983,120.1,12,10
5984,428.52,6,25
5985,370.99,8,0
5986,380.85,6,15
5987,65.77,3,25
5988,287.22,14,0
5989,149.33,7,15
5990,317.55,10,25
5991,345.08,12,10
5992,70.67,20,10
5993,340.93,14,10
5994,288.68,6,25
5995,239.86,13,20
5996,385.4,6,15
5997,376.61,8,15
5998,475.36,12,20
5999,104.69,14,25
6000,229.57,12,0
6001,303.47,3,10
6002,122.15,20,20
6003,362.94,4,15
6004,146.43,1,0
6005,261.8,1,15
6006,291.58,14,20
6007,388.74,8,0
6008,339.36,16,5
6009,303.28,7,25
6010,61.5,18,20
6011,5.02,7,5
6012,207.77,12,10
6013,452.18,10,25
6014,124.17,14,10
6015,473.48,20,0
6016,450.44,17,15
6017,325.38,4,10
6018,261.59,7,0
6019,192.3,2,10
6020,151.12,16,20
6021,273.79,7,0
6022,213.34,7,15
6023,319.21,19,20
6024,9.34,14,20
6025,190.86,15,0
6026,278.1,1,10
6027,353.33,7,5
6028,490.58,20,10
6029,313.39,16,10
6030,311.73,15,10
6031,107.39,18,15
6032,191.22,11,10
6033,474.34,9,15
6034,129.01,12,15
6035,214.35,4,0
6036,69.81,19,25
6037,406.53,10,15
6038,262.06,5,0
6039,464.6,1,15
6040,369.1,15,25
6041,75.51,17,0
6042,430.84,7,0
6043,255.51,14,15
6044,347.33,5,0
6045,421.67,19,20
6046,477.41,13,10
6047,20.3,20,10
6048,290.97,16,10
6049,419.75,7,0
6050,200.54,11,15
6051,131.9,2,5
6052,67.91,3,25
6053,405.59,12,0
6054,286.12,10,10
6055,252.87,18,25
6056,82.88,15,15
6057,405.79,13,15
6058,435.74,5,15
6059,151.0,18,25
6060,13.17,20,0
6061,475.33,3,20
6062,260.39,5,0
6063,320.87,17,0
6064,314.6,20,0
6065,166.45,6,5
6066,454.49,10,15
6067,81.4,8,25
6068,62.37,4,20
6069,6.08,8,10
6070,92.39,15,20
6071,396.77,2,20
6072,441.93,5,0
6073,81.05,4,0
6074,244.76,7,15
6075,443.06,20,15
6076,123.16,7,10
6077,478.54,14,15
6078,113.72,6,20
6079,392.83,16,25
6080,246.09,8,10
6081,141.1,3,20
6082,403.92,18,20
6083,101.96,12,25
6084,66.36,18,10
6085,364.17,5,5
6086,251.15,1,10
6087,22.85,18,0
6088,436.46,16,25
6089,453.98,6,15
6090,187.46,15,15
6091,339.26,3,25
6092,323.59,18,10
6093,364.67,7,20
6094,156.43,10,0
6095,432.87,6,5
6096,105.06,12,20
6097,476.3,7,15
6098,163.2,1,25
6099,400.26,14,25
6100,382.8,16,25
6101,8.86,9,15
6102,257.16,15,25
6103,17.71,7,25
6104,195.23,15,0
6105,195.94,13,25
6106,234.87,11,20
6107,266.2,12,5
6108,493.15,17,0
6109,497.93,1,10
6110,125.5,3,10
6111,48.46,20,25
6112,384.62,8,0
6113,281.49,18,25
6114,383.78,1,15
6115,186.76,12,20
6116,417.17,12,0
6117,470.29,10,5
6118,405.4,13,25
6119,231.13,3,5
6120,201.59,7,15
6121,120.7,3,5
6122,19.96,6,25
6123,114.42,15,0
6124,244.53,9,20
6125,333.02,5,10
6126,98.32,15,0
6127,476.51,2,10
6128,413.51,1,0
6129,175.79,13,20
6130,169.75,11,20
6131,230.44,9,5
6132,92.73,12,10
6133,230.47,14,5
6134,498.59,15,10
6135,285.04,1,20
6136,52.14,18,5
6137,205.33,10,15
6138,120.08,11,20
6139,157.01,12,25
6140,84.68,15,25
6141,65.96,8,25
6142,237.42,7,15
6143,287.65,6,15
6144,328.95,15,0
6145,475.14,17,25
6146,196.29,3,25
6147,461.32,8,0
6148,135.44,12,25
6149,440.91,5,5
6150,198.29,11,20
6151,377.34,7,20
6152,450.15,4,20
6153,210.13,12,5
6154,211.01,1,20
6155,189.19,19,25
6156,448.18,13,15
6157,427.16,14,25
6158,425.31,12,5
6159,91.67,6,25
6160,312.06,4,15
6161,60.65,2,10
6162,149.93,4,20
6163,331.38,17,5
6164,70.25,3,25
6165,432.23,9,10
6166,231.35,20,5
6167,498.92,8,10
6168,473.24,6,20
6169,483.98,11,25
6170,404.21,17,0
6171,386.0,10,5
6172,124.14,14,25
6173,101.85,6,15
6174,488.56,16,20
6175,79.27,5,5
6176,397.39,9,0
6177,26.53,20,10
6178,150.77,7,5
6179,488.73,18,20
6180,179.74,9,15
6181,379.62,16,10
6182,48.45,9,0
6183,335.49,16,5
6184,87.7,19,10
6185,133.51,17,25
6186,144.93,13,20
6187,416.42,6,15
6188,166.2,10,15
6189,86.27,17,15
6190,107.16,20,0
6191,56.14,12,5
6192,250.63,18,20
6193,353.41,15,20
6194,313.04,9,10
6195,7.42,9,10
6196,138.26,10,15
6197,53.95,13,0
6198,272.31,11,0
6199,24.01,3,5
6200,9.45,7,25
6201,450.2,6,15
6202,465.69,1,25
6203,382.34,18,10
6204,260.34,9,5
6205,18.66,20,10
6206,170.51,18,10
6207,379.63,7,15
6208,45.06,3,0
6209,33.41,19,20
6210,478.48,16,5
6211,89.92,12,20
6212,433.4,10,10
6213,448.03,19,0
6214,306.84,13,0
6215,362.04,9,10
6216,123.09,6,25
6217,92.7,9,15
6218,231.63,2,15
6219,322.06,4,10
6220,366.56,1,20
6221,152.85,5,0
6222,260.42,16,15
6223,341.08,16,20
6224,146.75,8,10
6225,173.95,12,25
6226,311.18,10,15
6227,266.42,14,25
6228,201.17,11,10
6229,393.81,17,10
6230,484.1,6,20
6231,58.58,19,15
6232,40.36,13,25
6233,397.14,16,25
6234,359.68,14,0
6235,430.57,18,10
6236,310.07,20,10
6237,210.23,2,5
6238,23.39,5,20
6239,12.16,12,25
6240,126.5,6,15
6241,427.15,6,10
6242,103.14,9,20
6243,498.27,6,5
6244,175.54,7,25
6245,474.05,7,5
6246,26.27,13,25
6247,188.17,17,10
6248,117.74,6,0
6249,488.8,5,20
6250,98.02,11,15
6251,87.93,20,5
6252,262.82,12,0
6253,140.23,15,10
6254,181.42,9,10
6255,334.42,5,20
6256,97.9,20,5
6257,226.1,7,0
6258,473.08,8,0
6259,457.43,15,10
6260,158.0,9,20
6261,487.54,20,5
6262,327.32,6,10
6263,226.07,7,10
6264,203.04,20,0
6265,167.81,14,20
6266,336.78,7,10
6267,87.57,1,20
6268,256.32,4,10
6269,164.24,2,25
6270,289.19,13,0
6271,398.62,8,5
6272,279.02,20,10
6273,152.36,13,10
6274,149.57,10,20
6275,461.19,17,0
6276,191.15,17,0
6277,389.94,19,25
6278,281.21,6,20
6279,311.61,8,5
6280,229.21,9,0
6281,162.46,9,15
6282,490.55,10,5
6283,185.2,16,5
6284,246.05,7,25
6285,300.91,13,5
6286,270.97,16,5
6287,465.0,2,15
6288,154.5,17,20
6289,128.58,5,20
6290,230.66,8,0
6291,145.03,5,10
6292,313.33,11,20
6293,385.93,15,0
6294,384.31,20,15
6295,212.49,14,0
6296,367.86,11,15
6297,202.2,1,20
6298,135.99,7,20
6299,161.87,4,25
6300,118.83,13,20
6301,100.74,18,5
6302,283.06,7,25
6303,453.02,10,0
6304,396.71,9,5
6305,339.45,7,10
6306,185.89,14,5
6307,282.7,4,0
6308,25.73,8,0
6309,125.33,18,0
6310,326.53,8,0
6311,290.84,12,15
6312,231.14,2,0
6313,286.39,18,20
6314,56.94,4,10
6315,285.75,10,15
6316,193.31,7,15
6317,53.91,6,15
6318,75.76,17,10
6319,129.31,15,15
6320,418.58,8,25
6321,54.51,9,5
6322,238.9,9,20
6323,144.59,15,20
6324,6.55,2,15
6325,369.63,9,10
6326,310.11,19,0
6327,207.4,15,10
6328,126.11,9,10
6329,157.81,2,20
6330,199.8,16,5
6331,209.87,17,5
6332,208.05,1,10
6333,408.58,13,25
6334,153.92,15,5
6335,364.66,13,25
6336,22.18,11,5
6337,267.53,17,25
6338,407.81,13,10
6339,118.95,11,25
6340,443.23,19,25
6341,438.7,16,5
6342,236.86,20,20
6343,160.48,1,10
6344,150.91,20,5
6345,452.47,7,10
6346,238.67,9,10
6347,167.13,5,10
6348,223.06,15,10
6349,145.94,12,0
6350,226.71,20,15
6351,440.04,14,0
6352,210.91,8,0
6353,480.61,7,5
6354,357.18,18,15
6355,343.87,6,20
6356,13.9,10,15
6357,71.18,6,5
6358,327.94,15,0
6359,63.8,7,15
6360,490.33,16,15
6361,191.15,7,15
6362,494.19,20,25
6363,270.93,12,5
6364,495.17,4,15
6365,160.75,3,5
6366,63.52,15,15
6367,406.77,17,10
6368,407.64,10,20
6369,142.58,3,15
6370,339.23,8,5
6371,174.27,20,5
6372,116.97,6,5
6373,374.49,8,15
6374,359.36,19,0
6375,380.57,6,20
6376,387.56,3,25
6377,77.98,15,25
6378,389.22,6,25
6379,413.59,9,25
6380,423.08,14,10
6381,147.63,3,25
6382,195.96,14,0
6383,145.52,17,10
6384,395.67,14,0
6385,250.74,9,5
6386,243.52,8,20
6387,395.12,16,20
6388,67.94,9,15
6389,55.22,5,10
6390,38.56,15,20
6391,91.8,20,10
6392,483.74,14,10
6393,138.49,6,5
6394,116.58,19,10
6395,402.77,2,15
6396,18.04,8,0
6397,277.94,2,10
6398,62.81,3,15
6399,312.55,7,5
6400,436.82,9,25
6401,187.72,12,0
6402,56.33,12,5
6403,242.27,18,20
6404,209.79,2,10
6405,66.55,5,5
6406,484.75,10,20
6407,199.58,6,0
6408,58.53,11,15
6409,265.62,7,15
6410,216.41,13,15
6411,140.95,19,15
6412,491.12,6,20
6413,288.46,8,25
6414,462.1,11,20
6415,253.37,20,15
6416,476.81,18,5
6417,230.42,5,20
6418,35.56,16,0
6419,428.82,5,10
6420,366.83,3,20
6421,165.14,8,20
6422,350.33,5,20
6423,101.16,17,15
6424,28.45,9,20
6425,186.82,11,15
6426,446.21,20,5
6427,83.25,20,25
6428,495.43,11,25
6429,484.66,14,0
6430,112.63,19,5
6431,154.53,8,15
6432,384.88,17,15
6433,203.9,14,10
6434,342.21,2,10
6435,299.17,20,5
6436,152.97,12,20
6437,65.1,8,15
6438,115.72,8,25
6439,409.41,10,5
6440,174.55,14,25
6441,88.57,19,15
6442,475.23,8,20
6443,199.94,19,15
6444,426.15,5,15
6445,354.61,15,25
6446,217.04,13,10
6447,244.34,5,5
6448,65.21,20,10
6449,23.94,12,5
6450,384.35,12,5
6451,327.44,2,15
6452,473.01,17,20
6453,134.06,19,25
6454,106.78,4,10
6455,155.1,10,15
6456,370.01,6,5
6457,173.09,7,10
6458,344.69,1,20
6459,291.52,20,25
6460,186.05,10,25
6461,322.04,16,0
6462,109.92,14,25
6463,458.84,7,25
6464,487.55,19,10
6465,167.6,8,0
6466,498.04,3,25
6467,387.99,18,0
6468,481.41,18,25
6469,24.78,17,15
6470,166.3,9,25
6471,482.89,6,15
6472,365.61,1,20
6473,5.99,16,25
6474,425.59,16,5
6475,366.24,1,25
6476,95.16,17,20
6477,332.96,2,10
6478,116.24,14,25
6479,429.43,3,10
6480,375.6,10,10
6481,277.18,1,25
6482,296.76,13,10
6483,499.3,17,0
6484,312.28,15,0
6485,259.76,13,15
6486,450.96,20,20
6487,140.39,17,10
6488,378.06,18,25
6489,312.22,16,5
6490,135.61,10,25
6491,37.74,4,10
6492,383.44,6,5
6493,227.86,13,15
6494,89.02,11,10
6495,212.62,9,0
6496,151.63,16,20
6497,490.14,20,10
6498,315.64,1,5
6499,485.44,18,15
6500,5.66,11,5
6501,155.5,8,25
6502,47.53,4,10
6503,152.66,2,25
6504,299.55,14,5
6505,101.57,4,5
6506,309.68,8,10
6507,36.23,13,15
6508,72.59,3,5
6509,46.1,1,10
6510,443.47,20,20
6511,128.45,18,5
6512,143.95,17,20
6513,352.29,17,0
6514,125.42,12,25
6515,278.11,13,0
6516,173.65,7,0
6517,369.65,5,10
6518,214.39,4,0
6519,404.99,15,20
6520,88.56,1,25
6521,324.45,13,25
6522,282.51,5,15
6523,440.67,5,5
6524,153.21,17,15
6525,354.89,7,10
6526,443.31,7,10
6527,220.45,18,5
6528,495.21,3,5
6529,252.37,11,0
6530,300.31,2,0
6531,469.14,16,25
6532,278.96,17,25
6533,12.88,4,25
6534,440.41,11,0
6535,183.02,3,20
6536,258.81,19,15
6537,58.13,4,15
6538,327.29,5,5
6539,259.94,6,20
6540,6.71,14,15
6541,347.86,9,25
6542,283.76,7,20
6543,251.56,14,25
6544,30.16,10,0
6545,489.4,7,5
6546,358.69,9,20
6547,390.58,8,10
6548,383.67,19,15
6549,428.23,1,10
6550,76.55,9,10
6551,231.49,4,20
6552,253.03,19,25
6553,33.83,12,0
6554,157.68,5,0
6555,170.96,6,25
6556,454.12,12,0
6557,427.16,9,0
6558,113.85,3,20
6559,419.23,8,10
6560,12.79,18,10
6561,246.6,19,0
6562,458.24,18,15
6563,475.53,12,20
6564,165.84,9,5
6565,403.76,20,5
6566,312.42,4,15
6567,468.86,9,25
6568,436.9,9,20
6569,429.93,18,0
6570,352.1,15,10
6571,214.75,15,10
6572,135.59,16,15
6573,51.22,16,15
6574,356.69,1,20
6575,340.17,7,25
6576,324.99,6,25
6577,212.07,18,20
6578,263.63,8,20
6579,235.41,12,5
6580,408.07,4,5
6581,413.91,7,5
6582,56.39,16,25
6583,35.18,19,0
6584,202.44,6,25
6585,55.39,14,0
6586,58.87,14,20
6587,324.72,17,20
6588,139.79,3,25
6589,135.9,16,5
6590,41.63,9,5
6591,317.94,4,15
6592,33.49,8,10
6593,404.33,17,0
6594,327.42,18,0
6595,318.58,1,25
6596,114.9,8,15
6597,467.88,11,0
6598,9.86,16,15
6599,21.1,1,25
6600,138.44,6,20
6601,463.88,20,20
6602,161.41,5,25
6603,81.19,9,5
6604,303.61,14,20
6605,65.66,13,5
6606,290.63,16,15
6607,64.74,1,5
6608,470.44,11,25
6609,416.42,7,25
6610,225.56,6,20
6611,403.11,6,20
6612,445.76,1,5
6613,472.75,17,5
6614,21.84,18,10
6615,271.92,17,5
6616,384.67,8,15
6617,181.53,10,5
6618,254.77,13,20
6619,431.91,2,10
6620,379.25,4,10
6621,83.54,2,0
6622,307.27,20,20
6623,99.39,17,5
6624,46.72,11,10
6625,57.77,15,15
6626,487.36,6,25
6627,494.27,10,25
6628,313.5,18,10
6629,122.29,19,5
6630,356.2,4,10
6631,260.12,20,0
6632,7.9,5,15
6633,63.42,15,15
6634,259.65,12,20
6635,35.75,4,5
6636,482.69,3,0
6637,238.58,1,10
6638,385.65,11,0
6639,87.38,11,10
6640,205.15,16,10
6641,411.85,17,15
6642,116.85,20,20
6643,416.12,3,10
6644,63.81,1,5
6645,211.17,11,5
6646,109.7,17,15
6647,359.59,14,10
6648,486.18,15,10
6649,14.89,2,25
6650,441.63,8,10
6651,252.61,9,15
6652,71.52,18,25
6653,476.14,4,5
6654,358.54,13,10
6655,398.06,17,25
6656,408.08,16,20
6657,127.03,6,0
6658,348.95,19,20
6659,484.5,15,25
6660,121.39,20,0
6661,179.4,8,10
6662,259.56,13,0
6663,469.96,16,5
6664,283.99,11,0
6665,439.96,16,15
6666,49.01,20,5
6667,222.21,8,25
6668,327.6,19,20
6669,343.77,18,0
6670,491.55,16,0
6671,277.36,1,15
6672,221.74,14,0
6673,124.03,4,0
6674,8.38,19,0
6675,167.11,20,25
6676,280.08,10,15
6677,488.03,9,20
6678,276.23,13,10
6679,204.97,7,25
6680,482.92,1,25
6681,405.01,6,10
6682,383.4,18,25
6683,197.52,20,15
6684,175.49,14,25
6685,251.64,6,15
6686,337.27,5,25
6687,141.01,6,10
6688,265.32,1,20
6689,273.76,20,15
6690,127.82,13,0
6691,34.65,6,0
6692,32.16,15,5
6693,404.95,11,0
6694,439.79,6,25
6695,330.23,19,15
6696,221.4,19,20
6697,384.82,19,20
6698,139.96,11,10
6699,95.98,7,15
6700,17.29,6,20
6701,262.22,11,15
6702,127.3,20,5
6703,210.52,9,5
6704,53.19,7,10
6705,447.77,18,20
6706,95.16,9,5
6707,60.96,7,15
6708,155.59,9,0
6709,56.79,2,10
6710,132.55,19,20
6711,279.03,19,25
6712,494.78,17,20
6713,457.22,13,10
6714,319.35,7,15
6715,8.65,16,25
6716,17.83,20,15
6717,389.48,14,25
6718,377.29,8,15
6719,411.44,15,0
6720,216.24,2,10
6721,261.45,8,15
6722,89.03,9,15
6723,221.34,6,25
6724,311.41,2,15
6725,324.22,17,5
6726,316.51,10,15
6727,307.41,15,0
6728,206.18,7,15
6729,355.89,9,5
6730,78.9,11,25
6731,74.91,4,0
6732,119.62,8,5
6733,341.03,8,15
6734,201.98,13,15
6735,17.25,7,5
6736,369.38,14,5
6737,116.71,19,20
6738,278.32,18,0
6739,135.86,11,20
6740,341.06,1,5
6741,445.31,9,25
6742,289.22,7,15
6743,86.14,5,10
6744,428.11,10,15
6745,10.15,5,25
6746,170.57,20,15
6747,399.59,7,20
6748,185.8,18,5
6749,276.09,11,10
6750,209.15,17,20
6751,164.99,13,25
6752,43.96,11,0
6753,222.29,1,25
6754,24.09,19,20
6755,401.13,9,25
6756,85.05,3,10
6757,332.79,13,10
6758,189.06,4,10
6759,266.95,14,20
6760,306.01,19,0
6761,291.52,14,20
6762,12.5,16,5
6763,439.88,1,0
6764,7.58,7,20
6765,240.45,6,10
6766,56.15,9,20
6767,8.07,8,10
6768,467.55,18,15
6769,266.66,8,20
6770,185.41,10,5
6771,389.17,18,10
6772,10.03,8,25
6773,141.6,11,20
6774,384.48,9,20
6775,410.26,14,5
6776,90.85,15,20
6777,377.73,13,25
6778,427.8,8,10
6779,407.28,10,0
6780,361.39,10,10
6781,44.83,8,10
6782,308.19,3,0
6783,463.79,2,0
6784,325.77,5,10
6785,288.38,18,0
6786,446.14,19,0
6787,285.81,12,0
6788,91.42,15,10
6789,6.5,13,20
6790,175.98,14,10
6791,193.49,13,0
6792,334.68,12,15
6793,259.51,8,20
6794,489.72,14,0
6795,306.64,16,0
6796,41.34,11,0
6797,248.18,15,25
6798,12.52,1,10
6799,167.32,4,15
6800,194.01,8,0
6801,127.89,9,10
6802,381.38,12,15
6803,100.4,7,0
6804,100.48,8,0
6805,467.61,2,5
6806,63.46,14,5
6807,298.07,19,15
6808,64.1,2,5
6809,59.46,3,15
6810,347.57,11,10
6811,282.16,8,0
6812,374.2,9,20
6813,337.42,13,10
6814,364.35,8,0
6815,289.04,18,20
6816,271.82,3,20
6817,73.66,17,0
6818,272.54,18,10
6819,447.27,13,10
6820,312.55,6,10
6821,424.77,18,15
6822,246.12,15,25
6823,15.75,16,0
6824,56.03,20,15
6825,170.44,19,0
6826,193.1,1,5
6827,459.91,17,0
6828,120.02,20,10
6829,211.82,3,25
6830,271.06,15,0
6831,376.73,4,5
6832,259.83,9,5
6833,115.15,12,5
6834,410.54,17,15
6835,174.82,2,15
6836,369.72,18,0
6837,491.37,5,10
6838,40.09,1,5
6839,173.42,17,0
6840,123.92,6,0
6841,173.29,8,15
6842,367.5,15,15
6843,166.52,10,10
6844,304.81,11,25
6845,488.85,16,0
6846,369.68,5,20
6847,205.05,5,10
6848,387.92,11,20
6849,124.38,1,0
6850,313.72,15,25
6851,460.74,15,10
6852,107.62,20,5
6853,167.73,5,25
6854,7.09,9,10
6855,170.19,16,15
6856,23.91,2,5
6857,45.13,11,15
6858,326.15,19,25
6859,442.81,13,20
6860,41.24,14,20
6861,478.53,20,15
6862,466.12,5,5
6863,35.34,7,15
6864,241.45,15,10
6865,231.63,2,10
6866,433.21,14,25
6867,131.65,13,20
6868,80.13,20,5
6869,242.76,19,10
6870,75.58,16,0
6871,124.81,17,0
6872,340.6,4,25
6873,11.89,7,0
6874,313.38,6,5
6875,298.39,19,20
6876,497.03,4,0
6877,199.33,18,15
6878,387.81,14,15
6879,144.91,12,5
6880,305.87,3,5
6881,139.86,20,5
6882,453.62,14,0
6883,175.46,18,0
6884,91.49,15,10
6885,25.69,18,25
6886,60.0,15,15
6887,123.69,16,5
6888,354.92,11,25
6889,264.86,11,10
6890,490.55,16,5
6891,39.94,3,20
6892,491.5,13,20
6893,16.8,7,0
6894,427.66,10,0
6895,76.92,19,15
6896,15.83,4,5
6897,360.59,8,15
6898,371.55,18,0
6899,499.81,6,25
6900,443.44,1,20
6901,65.12,4,15
6902,468.7,12,15
6903,220.96,5,25
6904,290.43,17,5
6905,40.07,18,20
6906,133.59,7,25
6907,323.55,2,25
6908,218.82,19,0
6909,57.65,10,25
6910,39.96,3,20
6911,26.67,18,20
6912,97.04,14,20
6913,171.73,19,0
6914,19.21,9,0
6915,395.66,4,10
6916,291.81,4,0
6917,465.2,8,15
6918,85.42,15,5
6919,285.25,11,20
6920,269.21,11,25
6921,148.37,19,25
6922,277.94,6,15
6923,15.85,5,5
6924,456.0,8,20
6925,312.1,9,20
6926,203.02,15,5
6927,36.68,13,5
6928,318.06,19,20
6929,436.61,11,5
6930,265.33,17,15
6931,10.71,7,0
6932,459.41,20,15
6933,361.27,8,10
6934,462.12,19,15
6935,105.38,11,20
6936,342.32,6,5
6937,482.45,11,20
6938,174.94,2,10
6939,107.09,6,25
6940,277.06,16,10
6941,161.16,19,0
6942,163.09,6,10
6943,125.81,2,25
6944,116.12,2,25
6945,71.02,2,5
6946,303.67,18,5
6947,25.47,18,20
6948,135.15,13,0
6949,137.18,7,20
6950,422.6,19,15
6951,447.05,9,20
6952,112.59,12,0
6953,465.36,18,10
6954,129.52,15,25
6955,451.37,12,5
6956,293.03,8,0
6957,442.59,15,0
6958,65.43,1,5
6959,201.85,6,20
6960,202.53,10,15
6961,66.95,16,20
6962,491.23,19,0
6963,178.97,3,10
6964,181.01,14,15
6965,154.4,2,15
6966,424.23,18,0
6967,325.71,2,15
6968,301.52,5,25
6969,259.86,11,15
6970,146.68,9,5
6971,392.3,6,15
6972,310.13,5,10
6973,79.19,12,0
6974,101.86,5,15
6975,399.03,17,25
6976,480.16,2,15
6977,91.78,4,0
6978,330.17,2,5
6979,477.39,18,15
6980,178.28,6,0
6981,98.53,10,10
6982,154.24,1,20
6983,131.78,11,0
6984,242.02,2,20
6985,366.09,12,10
6986,480.83,6,5
6987,357.62,15,20
6988,101.8,1,15
6989,470.11,15,10
6990,91.79,14,20
6991,479.13,16,25
6992,253.48,5,0
6993,388.84,17,15
6994,8.92,19,25
6995,313.68,2,5
6996,141.53,9,0
6997,242.35,4,10
6998,54.08,20,5
6999,167.86,8,10
7000,313.56,9,20
7001,275.73,13,5
7002,29.17,8,5
7003,180.33,10,25
7004,339.08,10,25
7005,55.13,5,10
7006,486.21,19,25
7007,326.15,15,20
7008,490.71,10,5
7009,332.1,17,10
7010,133.05,11,10
7011,493.88,8,10
7012,113.94,15,20
7013,364.25,6,25
7014,340.23,12,15
7015,394.03,2,5
7016,66.33,2,10
7017,107.45,10,25
7018,328.7,12,25
7019,240.44,15,15
7020,200.19,14,15
7021,350.39,3,20
7022,414.69,5,25
7023,60.13,4,25
7024,9.78,17,10
7025,271.92,10,0
7026,236.76,2,15
7027,108.18,1,5
7028,432.33,2,0
7029,484.35,15,25
7030,166.4,14,5
7031,64.84,1,20
7032,31.92,18,15
7033,499.18,2,20
7034,318.69,15,20
7035,323.9,13,20
7036,325.3,12,0
7037,369.2,3,10
7038,161.58,15,0
7039,67.46,2,20
7040,494.13,8,10
7041,497.87,2,25
7042,396.46,4,0
7043,360.21,3,0
7044,123.62,6,15
7045,93.16,14,15
7046,129.43,17,25
7047,397.81,6,5
7048,235.71,17,15
7049,72.95,3,5
7050,401.47,3,20
7051,264.89,10,15
7052,128.84,16,5
7053,190.53,6,20
7054,280.54,9,10
7055,330.91,9,20
7056,316.45,20,20
7057,497.15,14,15
7058,435.96,10,5
7059,358.87,20,20
7060,463.13,9,0
7061,308.65,20,5
7062,195.19,5,5
7063,21.27,3,15
7064,464.8,11,0
7065,181.25,8,10
7066,478.02,12,10
7067,168.5,11,10
7068,376.08,13,0
7069,44.32,13,0
7070,68.62,7,5
7071,203.65,8,20
7072,475.36,12,20
7073,342.81,5,20
7074,77.99,11,20
7075,399.47,13,20
7076,171.31,1,0
7077,6.33,4,5
7078,239.53,18,5
7079,409.85,14,0
7080,366.5,17,15
7081,249.18,6,0
7082,399.01,16,25
7083,116.0,18,25
7084,318.44,5,10
7085,424.12,15,15
7086,316.78,2,15
7087,487.81,8,5
7088,450.88,9,20
7089,415.65,9,20
7090,320.69,10,15
7091,36.78,6,20
7092,72.92,16,5
7093,307.43,7,0
7094,448.92,8,20
7095,313.91,13,0
7096,16.07,5,0
7097,322.02,18,25
7098,210.8,5,25
7099,419.25,7,0
7100,414.79,19,0
7101,53.73,13,20
7102,318.69,5,20
7103,161.74,18,15
7104,288.04,18,0
7105,195.25,15,20
7106,360.47,17,0
7107,341.26,8,5
7108,291.0,9,15
7109,195.17,19,10
7110,102.49,6,0
7111,29.53,13,5
7112,251.3,19,20
7113,186.79,18,0
7114,207.72,11,5
7115,45.6,6,5
7116,289.02,12,0
7117,260.06,8,25
7118,283.84,19,5
7119,489.24,6,25
7120,43.76,10,10
7121,116.31,13,5
7122,438.34,4,0
7123,441.1,13,5
7124,105.62,15,0
7125,140.44,14,20
7126,448.51,20,20
7127,193.77,18,0
7128,305.3,5,20
7129,368.94,3,5
7130,234.11,4,0
7131,299.12,12,15
7132,125.93,4,0
7133,253.4,15,25
7134,96.75,3,10
7135,215.21,14,10
7136,190.74,9,0
7137,479.29,8,10
7138,156.61,16,10
7139,340.05,9,15
7140,463.94,6,25
7141,66.81,19,25
7142,445.54,5,0
7143,348.16,17,0
7144,281.72,20,5
7145,129.4,14,15
7146,328.78,4,15
7147,414.45,2,0
7148,426.55,2,5
7149,25.97,20,25
7150,39.11,12,10
7151,43.22,14,5
7152,309.47,9,10
7153,279.04,11,5
7154,487.89,3,25
7155,156.53,12,10
7156,343.83,16,5
7157,181.36,6,0
7158,119.75,10,20
7159,317.52,9,5
7160,302.55,18,0
7161,261.48,6,25
7162,368.81,19,0
7163,171.88,7,25
7164,255.7,7,5
7165,39.37,13,0
7166,59.75,18,10
7167,196.32,3,25
7168,341.4,7,0
7169,32.99,5,10
7170,393.91,7,0
7171,74.05,5,10
7172,129.64,20,20
7173,320.49,20,25
7174,315.37,6,25
7175,222.58,2,10
7176,67.19,19,20
7177,148.5,8,0
7178,100.87,13,15
7179,355.03,15,20
7180,77.39,15,10
7181,195.48,4,20
7182,23.63,4,0
7183,495.01,6,10
7184,137.73,16,10
7185,158.33,5,25
7186,40.54,14,10
7187,26.98,14,25
7188,224.03,5,10
7189,324.39,4,5
7190,198.92,1,5
7191,63.1,11,25
7192,80.06,2,5
7193,31.78,7,20
7194,13.59,19,10
7195,71.18,7,5
7196,271.03,20,15
7197,140.67,19,5
7198,454.72,18,5
7199,348.05,14,25
7200,245.4,13,5
7201,488.37,10,15
7202,77.4,1,15
7203,45.89,19,25
7204,18.91,6,20
7205,48.79,15,15
7206,246.76,3,5
7207,436.03,18,20
7208,35.92,1,10
7209,250.25,6,20
7210,125.78,9,0
7211,328.96,17,5
7212,414.83,19,15
7213,380.78,14,10
7214,407.3,5,0
7215,184.69,6,20
7216,69.73,19,0
7217,334.51,16,20
7218,418.68,6,5
7219,235.44,10,5
7220,39.59,20,20
7221,307.94,15,25
7222,227.96,10,25
7223,211.61,18,5
7224,352.59,9,10
7225,224.6,5,5
7226,236.82,6,25
7227,77.72,13,0
7228,453.32,12,25
7229,9.9,15,20
7230,438.48,4,15
7231,273.96,8,15
7232,64.27,1,10
7233,48.77,18,0
7234,70.33,19,20
7235,376.31,1,15
7236,5.05,17,15
7237,325.46,6,20
7238,251.19,19,0
7239,476.65,19,25
7240,125.68,7,25
7241,416.5,15,15
7242,132.08,4,0
7243,150.01,14,15
7244,102.95,6,0
7245,241.11,1,5
7246,495.05,1,10
7247,173.82,12,5
7248,131.64,7,20
7249,154.59,14,25
7250,285.4,18,0
7251,38.16,5,0
7252,383.56,9,15
7253,211.81,12,20
7254,290.4,18,5
7255,363.71,11,20
7256,466.84,13,5
7257,309.1,14,20
7258,182.72,11,15
7259,123.87,3,25
7260,203.19,18,25
7261,18.18,5,25
7262,224.37,2,25
7263,452.35,3,25
7264,264.52,12,25
7265,465.75,9,15
7266,199.95,18,15
7267,365.34,2,5
7268,376.87,18,0
7269,305.49,11,0
7270,372.29,12,5
7271,460.88,20,20
7272,37.64,3,10
7273,334.22,17,10
7274,109.65,11,10
7275,67.87,16,0
7276,256.83,12,0
7277,111.08,4,0
7278,193.23,6,15
7279,403.31,1,20
7280,142.45,17,10
7281,53.02,20,20
7282,126.35,3,0
7283,471.55,3,0
7284,146.54,19,25
7285,32.25,3,15
7286,10.75,4,15
7287,249.54,16,5
7288,339.58,15,5
7289,271.32,15,15
7290,24.9,14,25
7291,443.6,6,20
7292,286.92,15,20
7293,137.51,2,10
7294,256.54,2,25
7295,115.72,9,25
7296,32.58,18,5
7297,416.99,12,25
7298,158.45,15,15
7299,412.47,10,15
7300,315.15,10,0
7301,164.25,10,15
7302,213.42,7,20
7303,228.82,13,15
7304,256.6,18,10
7305,268.93,17,15
7306,373.77,6,0
7307,369.72,14,10
7308,170.78,20,25
7309,151.41,20,10
7310,312.63,3,15
7311,386.37,20,15
7312,359.42,10,5
7313,128.5,10,20
7314,13.84,16,10
7315,6.27,16,25
7316,321.62,6,5
7317,219.03,17,15
7318,265.01,11,15
7319,491.51,14,10
7320,253.24,3,10
7321,38.41,20,0
7322,203.96,15,15
7323,345.32,18,5
7324,497.23,4,5
7325,260.05,16,25
7326,193.49,3,15
7327,209.56,20,15
7328,298.1,2,5
7329,432.69,18,5
7330,448.58,6,10
7331,196.87,20,20
7332,285.49,20,15
7333,492.59,17,10
7334,56.07,2,0
7335,119.99,10,15
7336,468.63,2,0
7337,110.35,4,0
7338,310.9,17,20
7339,461.36,18,5
7340,346.76,20,25
7341,91.73,6,0
7342,120.98,3,5
7343,36.03,8,10
7344,261.39,16,25
7345,187.15,11,0
7346,30.03,16,10
7347,458.05,19,10
7348,280.36,17,10
7349,94.16,5,10
7350,274.12,10,25
7351,42.46,10,5
7352,259.78,10,20
7353,395.56,18,10
7354,287.63,3,0
7355,9.84,6,15
7356,295.89,17,10
7357,45.14,5,20
7358,96.25,19,20
7359,314.0,19,10
7360,289.47,2,20
7361,35.35,13,10
7362,282.14,13,25
7363,15.93,12,25
7364,274.19,8,25
7365,446.36,2,10
7366,232.83,16,0
7367,7.42,7,20
7368,492.77,18,0
7369,243.25,4,10
7370,191.6,3,25
7371,26.07,4,20
7372,410.7,16,20
7373,37.45,6,25
7374,91.05,10,20
7375,113.21,12,15
7376,44.51,2,10
7377,184.76,6,25
7378,358.71,19,20
7379,185.62,20,20
7380,28.01,6,20
7381,130.34,7,5
7382,281.95,20,10
7383,351.63,7,15
7384,33.15,16,0
7385,141.63,6,15
7386,80.65,4,5
7387,37.55,20,10
7388,94.31,12,25
7389,335.66,4,15
7390,155.18,9,25
7391,272.26,4,10
7392,419.92,17,25
7393,472.83,16,15
7394,98.54,16,5
7395,250.01,5,15
7396,204.5,1,25
7397,445.83,1,20
7398,172.83,13,20
7399,143.37,19,20
7400,232.85,13,15
7401,402.56,2,5
7402,195.62,11,5
7403,394.6,14,10
7404,314.71,16,0
7405,166.49,13,10
7406,295.21,18,10
7407,343.55,19,10
7408,304.93,17,5
7409,267.75,15,10
7410,109.93,20,5
7411,279.93,9,15
7412,203.33,8,10
7413,338.73,5,5
7414,240.69,14,5
7415,175.44,18,25
7416,130.97,4,10
7417,170.79,8,0
7418,369.01,14,10
7419,256.52,14,25
7420,405.41,7,15
7421,403.58,7,0
7422,330.71,19,25
7423,377.69,7,5
7424,97.81,1,5
7425,126.98,13,15
7426,400.37,4,25
7427,22.3,18,20
7428,60.35,13,25
7429,209.9,13,20
7430,387.38,16,10
7431,393.38,3,0
7432,181.38,12,10
7433,378.21,12,10
7434,130.87,6,5
7435,250.97,17,10
7436,162.89,16,0
7437,141.36,5,10
7438,461.89,15,15
7439,336.55,9,5
7440,412.39,15,25
7441,113.65,15,0
7442,123.94,18,15
7443,237.13,11,25
7444,459.84,18,15
7445,476.73,11,25
7446,95.49,8,15
7447,257.82,8,5
7448,408.46,19,0
7449,53.17,8,20
7450,333.42,8,20
7451,429.61,6,25
7452,8.01,6,10
7453,480.95,5,20
7454,138.08,3,5
7455,292.08,8,25
7456,96.81,7,10
7457,274.58,4,25
7458,294.09,6,0
7459,379.03,4,20
7460,296.09,11,15
7461,263.06,17,15
7462,339.86,19,25
7463,305.18,5,10
7464,381.51,16,10
7465,366.06,19,20
7466,201.76,14,5
7467,160.11,14,5
7468,236.1,4,15
7469,119.57,5,0
7470,433.04,1,0
7471,240.23,11,25
7472,299.66,17,25
7473,191.66,1,0
7474,54.16,9,15
7475,65.1,11,5
7476,390.12,11,25
7477,365.96,14,5
7478,398.26,20,0
7479,74.25,4,5
7480,88.93,14,10
7481,221.59,5,10
7482,438.68,2,10
7483,370.05,5,25
7484,301.3,14,15
7485,429.72,12,0
7486,379.5,7,10
7487,321.24,3,15
7488,416.56,10,20
7489,206.11,2,20
7490,409.63,6,25
7491,191.91,10,0
7492,111.24,3,15
7493,415.84,13,15
7494,220.76,8,25
7495,204.58,16,25
7496,86.96,2,5
7497,413.06,3,0
7498,439.49,9,10
7499,211.08,14,20
7500,233.94,4,15
7501,277.01,3,20
7502,314.94,6,20
7503,118.27,18,25
7504,113.73,5,25
7505,279.2,20,10
7506,460.31,5,0
7507,196.97,14,5
7508,103.18,3,20
7509,97.31,6,10
7510,113.92,1,5
7511,270.02,17,0
7512,68.49,4,25
7513,193.51,9,25
7514,359.93,7,20
7515,26.68,7,5
7516,443.55,2,5
7517,8.2,3,0
7518,196.32,14,20
7519,492.61,18,25
7520,380.14,7,10
7521,345.93,3,10
7522,430.65,17,5
7523,8.98,11,25
7524,476.06,13,15
7525,450.23,14,25
7526,176.73,15,15
7527,336.63,6,5
7528,495.38,11,5
7529,370.08,1,25
7530,87.92,17,25
7531,293.0,7,10
7532,494.4,11,10
7533,408.8,8,20
7534,220.17,1,10
7535,483.34,5,10
7536,199.16,19,20
7537,294.04,5,5
7538,217.48,14,10
7539,118.68,2,15
7540,357.52,17,10
7541,458.02,11,25
7542,333.86,19,5
7543,119.08,3,5
7544,106.11,8,25
7545,18.63,16,10
7546,322.74,19,0
7547,362.03,11,10
7548,404.57,17,0
7549,345.2,16,20
7550,275.16,4,15
7551,30.16,5,5
7552,163.46,5,10
7553,230.57,1,15
7554,313.53,20,0
7555,406.3,8,20
7556,338.28,9,15
7557,378.9,17,15
7558,250.13,14,5
7559,21.11,18,15
7560,50.65,4,5
7561,408.56,13,10
7562,294.79,20,25
7563,484.86,7,15
7564,44.07,16,5
7565,316.32,16,20
7566,200.77,14,10
7567,288.48,1,0
7568,210.4,10,20
7569,475.41,2,20
7570,466.08,1,0
7571,308.72,20,5
7572,193.55,17,10
7573,70.48,16,5
7574,497.22,19,10
7575,122.99,2,20
7576,137.23,20,10
7577,261.86,12,15
7578,366.57,4,5
7579,346.87,9,10
7580,102.59,11,20
7581,24.11,2,15
7582,270.89,17,10
7583,173.96,15,25
7584,216.28,20,25
7585,454.02,13,0
7586,51.97,18,15
7587,161.73,3,0
7588,69.96,2,0
7589,268.38,16,5
7590,356.54,11,0
7591,100.04,7,10
7592,244.48,15,10
7593,85.31,20,20
7594,90.23,19,0
7595,83.99,16,25
7596,358.78,9,5
7597,352.54,4,10
7598,476.35,7,0
7599,270.61,19,5
7600,183.47,10,15
7601,237.35,18,5
7602,228.05,20,25
7603,400.15,14,25
7604,387.4,17,20
7605,447.99,6,15
7606,491.84,5,10
7607,340.5,19,20
7608,186.83,11,10
7609,477.55,6,5
7610,280.42,17,25
7611,122.31,20,25
7612,189.64,19,10
7613,266.23,2,20
7614,346.51,4,10
7615,317.59,16,25
7616,339.97,8,25
7617,210.72,4,15
7618,128.87,5,15
7619,220.03,12,20
7620,13.85,7,20
7621,462.42,12,10
7622,254.6,13,25
7623,16.07,5,25
7624,339.07,12,15
7625,418.09,20,25
7626,393.1,2,20
7627,298.61,9,20
7628,434.36,20,10
7629,341.9,15,25
7630,62.4,6,25
7631,230.4,20,20
7632,205.41,5,15
7633,122.33,4,20
7634,458.37,19,15
7635,79.75,20,10
7636,239.67,9,25
7637,257.25,6,25
7638,275.07,9,5
7639,427.16,1,15
7640,41.63,4,5
7641,484.55,3,20
7642,117.43,4,15
7643,156.25,16,15
7644,262.25,12,15
7645,497.94,1,5
7646,291.39,18,5
7647,60.95,17,0
7648,95.61,15,25
7649,122.15,14,15
7650,320.09,17,20
7651,289.13,7,20
7652,382.41,15,0
7653,458.87,7,0
7654,82.47,5,25
7655,398.07,6,25
7656,483.58,17,20
7657,464.2,18,20
7658,153.16,11,25
7659,151.62,19,0
7660,288.13,13,20
7661,277.29,10,10
7662,187.22,2,15
7663,199.51,5,15
7664,188.71,11,0
7665,98.23,7,15
7666,196.37,20,20
7667,441.72,6,5
7668,456.14,17,0
7669,43.43,11,5
7670,429.32,1,10
7671,390.47,9,25
7672,18.28,3,15
7673,176.11,6,25
7674,224.36,1,5
7675,407.9,11,15
7676,361.46,9,0
7677,30.61,15,20
7678,263.48,11,5
7679,6.44,6,15
7680,60.9,11,20
7681,40.29,10,20
7682,63.56,11,20
7683,111.98,19,10
7684,387.23,3,20
7685,349.45,6,15
7686,159.99,13,10
7687,99.04,19,5
7688,296.83,14,15
7689,359.36,8,20
7690,495.29,13,10
7691,31.13,16,20
7692,467.69,16,25
7693,328.2,11,25
7694,483.12,20,20
7695,140.18,14,15
7696,102.67,20,10
7697,457.77,15,15
7698,242.29,2,0
7699,470.98,20,5
7700,272.27,4,25
7701,170.59,16,20
7702,22.04,16,5
7703,491.14,6,15
7704,342.59,19,15
7705,133.64,15,5
7706,421.66,19,20
7707,49.47,13,0
7708,19.92,10,25
7709,423.26,9,10
7710,119.94,8,15
7711,58.96,6,20
7712,54.96,18,0
7713,12.75,3,15
7714,493.97,15,0
7715,23.09,10,25
7716,244.98,6,5
7717,272.7,19,15
7718,7.93,6,25
7719,106.77,2,25
7720,363.69,9,25
7721,25.99,20,15
7722,169.89,3,15
7723,130.26,5,10
7724,426.57,11,25
7725,19.83,9,15
7726,336.88,13,15
7727,122.88,5,5
7728,397.51,11,15
7729,414.89,16,20
7730,135.56,10,20
7731,38.86,9,10
7732,252.46,6,10
7733,430.04,5,5
7734,12.65,14,10
7735,91.94,9,5
7736,156.14,8,25
7737,138.73,2,20
7738,155.86,7,20
7739,350.81,7,20
7740,78.55,10,25
7741,36.75,7,0
7742,239.56,8,15
7743,28.06,9,5
7744,343.48,20,20
7745,493.53,5,20
7746,307.41,19,5
7747,494.34,3,0
7748,470.26,20,5
7749,93.25,9,15
7750,467.51,5,0
7751,193.2,19,25
7752,387.46,10,20
7753,441.27,17,20
7754,430.38,14,25
7755,32.14,2,0
7756,82.97,9,20
7757,421.48,10,20
7758,388.99,12,5
7759,360.7,18,25
7760,187.56,14,10
7761,70.78,11,10
7762,248.18,9,10
7763,369.27,4,5
7764,17.51,5,20
7765,234.96,6,15
7766,275.17,3,0
7767,442.28,8,10
7768,188.31,14,5
7769,372.76,12,5
7770,429.26,5,0
7771,72.27,1,15
7772,317.25,2,25
7773,324.11,8,10
7774,345.34,3,25
7775,385.63,18,0
7776,252.9,14,10
7777,190.0,4,0
7778,135.29,20,25
7779,11.29,13,10
7780,273.64,1,15
7781,232.23,1,15
7782,126.0,18,15
7783,265.37,9,5
7784,63.89,4,25
7785,235.19,2,5
7786,102.38,7,15
7787,299.35,7,10
7788,480.19,14,10
7789,299.14,14,0
7790,252.32,14,20
7791,79.91,6,0
7792,457.5,9,5
7793,77.42,5,15
7794,424.01,10,20
7795,100.66,5,25
7796,374.38,16,15
7797,133.06,18,20
7798,187.19,2,20
7799,424.88,3,15
7800,481.9,10,25
7801,104.36,3,20
7802,384.42,16,20
7803,423.14,19,10
7804,430.89,14,15
7805,71.04,5,0
7806,348.35,20,0
7807,417.59,6,10
7808,276.15,14,10
7809,406.2,1,20
7810,375.24,2,5
7811,259.39,2,15
7812,498.18,8,15
7813,23.29,16,5
7814,85.37,5,0
7815,291.26,20,5
7816,451.42,7,20
7817,36.38,13,0
7818,159.5,19,20
7819,255.91,12,0
7820,406.57,4,10
7821,170.7,15,20
7822,79.34,4,10
7823,43.18,16,10
7824,191.6,7,0
7825,340.23,13,25
7826,95.23,17,20
7827,54.15,8,20
7828,68.23,1,10
7829,97.99,7,10
7830,416.52,20,0
7831,50.98,6,0
7832,20.68,11,0
7833,371.93,2,10
7834,192.36,10,10
7835,300.88,16,10
7836,428.22,9,25
7837,22.41,12,20
7838,137.86,9,25
7839,91.96,6,15
7840,489.6,8,15
7841,324.86,16,0
7842,381.63,17,15
7843,57.77,7,10
7844,445.04,16,0
7845,334.33,6,20
7846,208.2,19,25
7847,72.8,4,0
7848,303.97,2,20
7849,270.37,3,15
7850,421.59,6,20
7851,186.22,8,25
7852,294.26,17,0
7853,54.76,11,5
7854,418.52,6,0
7855,23.28,2,15
7856,138.06,13,20
7857,385.03,8,15
7858,311.28,18,25
7859,156.46,15,25
7860,290.75,6,20
7861,304.68,12,20
7862,253.2,14,0
7863,236.25,8,20
7864,482.97,6,20
7865,385.72,1,25
7866,110.96,15,20
7867,169.54,12,0
7868,255.01,20,5
7869,277.05,18,10
7870,371.65,14,20
7871,234.76,8,25
7872,39.36,13,15
7873,22.31,5,15
7874,9.93,5,5
7875,390.34,19,15
7876,419.45,6,25
7877,454.05,20,25
7878,224.59,12,5
7879,496.42,7,5
7880,174.95,5,5
7881,371.07,13,0
7882,339.68,2,0
7883,333.08,4,20
7884,40.04,9,25
7885,450.43,10,5
7886,484.5,7,20
7887,435.22,14,15
7888,219.35,7,15
7889,77.8,19,25
7890,195.63,1,15
7891,272.02,14,5
7892,34.8,2,15
7893,53.41,18,20
7894,436.59,5,25
7895,398.26,4,10
7896,291.58,8,25
7897,172.18,8,0
7898,444.41,17,0
7899,285.28,8,5
7900,374.11,16,5
7901,148.93,14,10
7902,155.94,8,10
7903,84.86,6,25
7904,187.67,9,25
7905,108.35,16,20
7906,39.87,19,20
7907,111.51,7,10
7908,238.69,1,5
7909,90.36,6,10
7910,68.47,10,10
7911,95.45,5,10
7912,324.04,18,0
7913,312.53,13,15
7914,354.57,15,25
7915,92.36,7,0
7916,414.63,15,0
7917,432.1,7,25
7918,183.15,10,25
7919,133.13,4,20
7920,51.86,19,25
7921,272.65,17,10
7922,173.05,16,15
7923,359.58,17,10
7924,178.26,3,0
7925,204.82,19,15
7926,48.77,3,10
7927,117.96,20,5
7928,146.75,19,10
7929,124.21,4,5
7930,284.85,8,10
7931,288.87,17,25
7932,362.74,7,25
7933,395.26,20,25
7934,423.58,10,5
7935,119.7,4,5
7936,451.19,5,5
7937,464.2,19,20
7938,287.2,12,20
7939,295.95,13,5
7940,206.93,18,10
7941,472.23,12,0
7942,262.41,20,0
7943,80.67,1,10
7944,138.24,5,0
7945,154.58,17,15
7946,272.67,5,0
7947,196.34,11,5
7948,474.32,9,25
7949,381.37,10,20
7950,413.22,2,0
7951,103.87,7,0
7952,145.56,6,10
7953,406.15,8,25
7954,232.03,8,15
7955,284.12,12,0
7956,309.09,4,20
7957,479.46,15,25
7958,18.26,5,0
7959,423.47,8,25
7960,410.97,5,5
7961,466.73,14,10
7962,68.09,8,10
7963,79.37,13,0
7964,462.46,10,25
7965,210.98,5,20
7966,154.29,3,5
7967,101.94,10,15
7968,481.96,4,25
7969,177.4,16,15
7970,325.88,16,20
7971,54.57,12,10
7972,386.28,19,5
7973,262.7,9,20
7974,309.88,4,25
7975,303.69,14,25
7976,41.09,12,0
7977,433.94,13,20
7978,117.04,8,10
7979,392.12,6,20
7980,309.07,9,20
7981,137.96,19,20
7982,117.11,8,5
7983,303.33,17,5
7984,201.34,14,20
7985,338.47,11,5
7986,347.42,14,20
7987,138.31,14,5
7988,495.77,18,25
7989,332.89,13,10
7990,335.91,4,25
7991,120.29,2,15
7992,115.31,2,5
7993,211.23,4,20
7994,124.6,3,20
7995,129.77,9,0
7996,285.71,15,25
7997,411.5,14,5
7998,366.66,6,25
7999,78.97,3,15
8000,478.02,17,15
8001,396.22,20,20
8002,11.58,4,20
8003,21.13,2,15
8004,491.56,1,20
8005,249.04,6,0
8006,199.1,9,20
8007,228.58,8,10
8008,367.68,19,15
8009,370.92,2,25
8010,195.11,14,15
8011,410.38,7,25
8012,84.88,10,10
8013,351.06,4,5
8014,144.5,14,25
8015,193.0,6,25
8016,29.59,8,20
8017,185.09,19,5
8018,103.66,9,10
8019,381.44,11,20
8020,479.68,13,10
8021,61.94,7,10
8022,318.01,3,20
8023,72.02,12,10
8024,353.26,13,0
8025,193.51,20,10
8026,314.85,4,5
8027,171.55,2,20
8028,257.69,3,5
8029,284.5,11,20
8030,393.69,7,0
8031,33.88,12,15
8032,436.43,19,10
8033,229.72,15,15
8034,423.13,16,0
8035,232.83,10,5
8036,92.96,4,15
8037,295.82,15,0
8038,188.22,8,5
8039,260.31,2,20
8040,416.34,11,20
8041,404.44,11,0
8042,392.64,15,20
8043,281.76,2,5
8044,290.82,4,0
8045,283.61,18,15
8046,349.74,14,15
8047,7.22,5,20
8048,351.97,9,15
8049,244.09,5,5
8050,438.14,3,20
8051,189.59,7,25
8052,476.82,4,10
8053,150.52,19,15
8054,16.27,8,10
8055,36.05,9,15
8056,231.65,11,0
8057,164.42,6,5
8058,289.72,10,10
8059,298.89,4,15
8060,38.9,16,15
8061,297.34,1,20
8062,240.15,9,25
8063,336.16,9,15
8064,94.6,10,5
8065,248.02,9,25
8066,342.04,18,20
8067,106.54,5,15
8068,176.53,11,20
8069,269.87,17,15
8070,153.52,19,0
8071,31.3,4,10
8072,87.14,6,0
8073,73.91,2,25
8074,108.88,14,5
8075,262.84,2,5
8076,371.72,4,15
8077,159.74,11,20
8078,473.45,2,20
8079,129.02,16,10
8080,404.68,6,10
8081,328.51,2,25
8082,18.7,10,25
8083,450.69,14,0
8084,230.36,14,25
8085,194.66,7,20
8086,422.27,14,0
8087,469.67,15,0
8088,441.87,19,0
8089,234.96,8,20
8090,475.03,20,10
8091,5.72,2,0
8092,460.18,19,20
8093,274.16,3,25
8094,122.41,9,10
8095,277.96,2,20
8096,99.69,15,15
8097,79.91,5,5
8098,60.16,6,10
8099,55.87,16,0
8100,68.65,11,0
8101,194.01,5,5
8102,97.57,14,0
8103,87.97,7,0
8104,108.2,2,25
8105,65.91,7,20
8106,65.78,19,20
8107,44.37,5,25
8108,313.64,14,15
8109,235.19,20,20
8110,279.78,14,15
8111,457.53,4,10
8112,81.49,1,20
8113,478.48,7,0
8114,133.21,1,10
8115,271.49,5,20
8116,42.82,5,5
8117,148.64,2,25
8118,350.68,7,5
8119,346.44,9,5
8120,278.41,18,5
8121,384.31,4,25
8122,99.71,3,15
8123,257.58,10,20
8124,419.56,5,5
8125,352.69,17,10
8126,117.63,19,25
8127,182.64,5,5
8128,254.79,9,15
8129,130.86,4,25
8130,228.03,9,20
8131,401.57,14,15
8132,232.17,20,15
8133,130.95,20,10
8134,241.84,17,25
8135,87.04,16,25
8136,254.18,9,20
8137,430.82,17,15
8138,285.79,3,0
8139,190.38,16,5
8140,91.55,13,25
8141,36.51,20,25
8142,170.5,13,10
8143,482.39,9,20
8144,397.05,16,20
8145,33.21,20,20
8146,86.17,12,20
8147,411.99,4,15
8148,62.22,4,5
8149,141.35,10,20
8150,188.48,9,20
8151,376.54,4,20
8152,234.99,9,5
8153,232.54,12,5
8154,181.23,20,15
8155,53.86,6,20
8156,238.69,19,10
8157,474.04,12,20
8158,49.65,7,10
8159,438.09,3,10
8160,59.7,1,0
8161,344.6,16,5
8162,168.53,18,15
8163,303.18,4,5
8164,228.4,7,0
8165,482.84,8,10
8166,441.55,13,10
8167,437.65,1,20
8168,449.89,1,10
8169,342.39,9,5
8170,13.35,2,15
8171,467.05,14,0
8172,465.76,8,10
8173,245.41,1,20
8174,266.43,16,10
8175,167.9,19,25
8176,297.17,13,0
8177,275.92,19,20
8178,429.08,1,5
8179,214.76,14,20
8180,403.75,7,5
8181,245.08,13,25
8182,106.11,12,5
8183,387.94,3,5
8184,453.3,9,20
8185,417.74,10,10
8186,28.43,11,20
8187,336.27,8,0
8188,393.12,4,5
8189,126.96,19,5
8190,72.27,2,15
8191,352.35,2,10
8192,19.98,13,10
8193,13.03,17,15
8194,202.54,5,20
8195,372.15,5,10
8196,473.32,3,25
8197,264.03,7,25
8198,395.61,5,15
8199,165.94,16,25
8200,223.98,13,5
8201,47.18,11,5
8202,385.18,13,0
8203,155.1,3,5
8204,429.05,1,20
8205,475.08,6,25
8206,467.13,13,20
8207,331.69,7,5
8208,163.4,16,0
8209,200.14,14,15
8210,489.31,17,0
8211,461.9,19,25
8212,235.2,9,5
8213,300.24,8,15
8214,54.29,14,5
8215,461.47,9,5
8216,202.6,15,20
8217,463.97,10,0
8218,111.37,4,25
8219,490.88,3,20
8220,210.31,9,15
8221,68.43,3,15
8222,366.12,11,15
8223,314.98,19,0
8224,303.91,10,25
8225,403.15,18,15
8226,118.07,1,25
8227,468.59,12,5
8228,435.03,13,10
8229,406.96,14,25
8230,498.89,5,5
8231,496.52,10,10
8232,105.03,12,25
8233,272.24,15,0
8234,414.29,18,20
8235,116.14,1,0
8236,263.7,2,5
8237,19.12,4,20
8238,356.79,7,0
8239,227.64,16,5
8240,375.76,8,25
8241,86.18,3,15
8242,360.18,9,20
8243,134.54,10,25
8244,379.91,17,15
8245,90.21,11,25
8246,310.67,9,5
8247,149.36,15,0
8248,396.92,14,25
8249,305.58,1,0
8250,175.41,10,15
8251,347.33,17,10
8252,173.2,2,5
8253,497.43,11,5
8254,324.83,17,5
8255,6.71,10,5
8256,99.85,7,0
8257,62.96,12,25
8258,299.71,12,10
8259,459.02,14,20
8260,488.34,15,15
8261,298.0,4,10
8262,346.81,5,20
8263,85.04,1,0
8264,429.24,3,5
8265,6.71,7,10
8266,60.69,13,15
8267,427.45,9,15
8268,448.12,7,20
8269,100.81,8,15
8270,457.24,2,20
8271,406.14,15,25
8272,433.12,16,10
8273,56.3,2,25
8274,68.64,10,5
8275,107.03,6,0
8276,85.95,1,25
8277,471.12,4,0
8278,149.45,17,25
8279,353.54,5,25
8280,346.74,3,5
8281,138.05,5,20
8282,181.9,3,15
8283,96.72,11,0
8284,493.91,8,10
8285,205.57,2,10
8286,91.4,15,5
8287,314.78,2,25
8288,306.03,11,5
8289,467.77,6,25
8290,414.92,7,0
8291,220.17,8,0
8292,205.68,17,0
8293,304.3,13,0
8294,298.62,14,25
8295,453.71,5,20
8296,495.63,9,0
8297,132.61,12,20
8298,229.56,12,5
8299,284.28,8,0
8300,390.67,15,0
8301,463.76,1,10
8302,297.64,11,5
8303,264.52,15,15
8304,399.39,9,10
8305,158.41,12,15
8306,258.06,10,25
8307,114.48,10,0
8308,491.51,19,15
8309,482.47,12,15
8310,29.72,20,20
8311,273.21,5,10
8312,284.29,1,20
8313,376.38,13,5
8314,298.74,10,15
8315,407.23,14,20
8316,94.56,17,5
8317,426.12,13,10
8318,290.05,4,5
8319,284.82,7,5
8320,267.02,1,20
8321,388.74,12,5
8322,169.2,2,15
8323,487.44,6,15
8324,405.92,20,10
8325,348.58,3,0
8326,259.95,12,5
8327,196.63,1,15
8328,106.54,17,25
8329,294.99,2,15
8330,106.22,20,15
8331,107.94,15,5
8332,205.87,10,25
8333,87.73,10,25
8334,123.76,1,10
8335,356.68,6,20
8336,415.19,15,0
8337,496.45,12,10
8338,184.62,14,0
8339,337.83,14,25
8340,364.11,7,20
8341,178.76,1,0
8342,264.95,9,10
8343,169.1,14,15
8344,91.04,5,20
8345,93.03,3,15
8346,96.64,8,10
8347,139.98,20,10
8348,478.94,17,0
8349,238.09,9,0
8350,62.0,2,0
8351,124.07,17,0
8352,75.03,17,20
8353,307.81,11,5
8354,271.78,9,0
8355,333.84,6,25
8356,92.13,12,25
8357,374.01,3,25
8358,300.44,10,5
8359,65.47,14,15
8360,199.99,14,0
8361,334.39,19,20
8362,159.97,14,10
8363,199.48,18,0
8364,12.31,17,10
8365,274.68,8,25
8366,390.35,20,0
8367,452.96,3,25
8368,164.53,17,15
8369,377.5,12,0
8370,276.22,16,15
8371,342.8,10,20
8372,7.81,3,15
8373,466.11,8,5
8374,155.67,13,10
8375,218.33,19,15
8376,477.9,17,25
8377,100.01,10,0
8378,67.44,5,15
8379,415.49,18,5
8380,428.26,14,20
8381,265.5,10,25
8382,61.04,2,20
8383,305.37,15,5
8384,265.12,12,15
8385,201.01,19,15
8386,204.91,3,20
8387,108.81,2,20
8388,251.37,6,25
8389,313.71,3,5
8390,266.38,13,25
8391,238.27,4,15
8392,89.7,3,10
8393,67.35,4,25
8394,257.63,4,5
8395,281.56,9,0
8396,359.4,2,10
8397,138.98,18,20
8398,190.45,18,0
8399,167.25,18,5
8400,259.52,7,5
8401,194.34,12,15
8402,453.46,10,25
8403,205.54,4,0
8404,113.74,4,0
8405,178.8,8,20
8406,370.68,11,10
8407,473.02,10,0
8408,110.62,6,0
8409,274.93,2,15
8410,255.43,20,25
8411,94.47,17,25
8412,102.16,13,25
8413,56.63,14,0
8414,407.81,3,5
8415,123.48,3,15
8416,180.56,14,25
8417,400.4,17,15
8418,259.31,10,20
8419,216.02,6,15
8420,267.48,16,10
8421,263.77,14,20
8422,483.14,1,20
8423,372.71,2,5
8424,241.8,1,5
8425,367.22,7,10
8426,96.31,6,25
8427,127.45,14,15
8428,448.36,1,0
8429,66.48,20,0
8430,290.98,15,0
8431,19.13,15,5
8432,407.91,14,15
8433,193.8,10,0
8434,364.45,18,20
8435,443.7,3,5
8436,300.53,6,0
8437,79.97,10,25
8438,252.35,9,20
8439,396.61,13,15
8440,419.61,20,20
8441,26.22,9,10
8442,277.27,12,5
8443,131.74,13,25
8444,422.44,9,5
8445,118.04,1,25
8446,84.51,17,20
8447,26.96,17,10
8448,348.97,20,5
8449,163.6,8,20
8450,12.49,14,5
8451,15.13,1,5
8452,122.99,19,15
8453,444.94,12,0
8454,481.63,10,20
8455,57.86,11,20
8456,13.68,8,5
8457,202.55,4,10
8458,106.86,14,25
8459,370.63,13,15
8460,404.73,7,15
8461,103.63,18,25
8462,310.23,13,10
8463,120.18,15,5
8464,339.25,12,20
8465,82.16,15,15
8466,178.7,20,0
8467,478.07,11,25
8468,395.41,16,10
8469,127.84,3,10
8470,333.44,1,5
8471,8.21,20,15
8472,75.38,3,10
8473,151.3,3,25
8474,236.37,20,5
8475,149.22,17,20
8476,471.38,16,0
8477,128.72,15,5
8478,51.25,1,5
8479,290.86,17,20
8480,384.05,10,5
8481,279.35,18,0
8482,275.35,11,20
8483,374.42,1,10
8484,289.72,17,25
8485,443.86,16,25
8486,77.8,10,25
8487,420.45,19,0
8488,121.4,9,15
8489,368.53,17,15
8490,311.44,19,15
8491,405.63,20,5
8492,49.82,4,25
8493,324.89,3,10
8494,132.98,17,10
8495,491.58,1,5
8496,433.28,10,15
8497,129.69,8,5
8498,495.75,20,5
8499,288.1,17,25
8500,136.95,9,0
8501,484.58,18,5
8502,424.13,18,20
8503,280.94,1,0
8504,425.19,10,5
8505,480.54,15,10
8506,82.81,19,25
8507,150.58,5,5
8508,136.51,9,25
8509,43.28,7,10
8510,174.89,16,20
8511,412.96,13,20
8512,102.9,10,25
8513,273.44,14,15
8514,251.42,13,10
8515,5.66,16,5
8516,125.13,10,5
8517,488.0,14,20
8518,281.03,20,25
8519,458.9,20,0
8520,374.28,3,10
8521,160.52,2,15
8522,403.62,17,20
8523,219.48,17,10
8524,147.08,5,25
8525,30.83,7,0
8526,366.19,12,15
8527,494.21,10,15
8528,128.33,14,0
8529,127.13,14,0
8530,463.05,16,25
8531,184.75,1,5
8532,317.96,9,15
8533,37.11,3,5
8534,83.48,14,5
8535,178.4,10,15
8536,159.96,4,10
8537,170.32,16,0
8538,140.08,8,5
8539,459.25,18,5
8540,410.93,15,25
8541,137.97,13,10
8542,269.41,9,20
8543,59.94,7,10
8544,432.14,8,20
8545,248.91,6,10
8546,108.92,7,20
8547,178.04,18,5
8548,108.64,14,15
8549,66.79,14,10
8550,275.31,19,25
8551,355.34,4,20
8552,415.97,2,20
8553,489.3,5,20
8554,45.99,17,25
8555,432.26,15,5
8556,17.83,10,25
8557,339.41,20,20
8558,391.88,12,5
8559,353.25,10,5
8560,248.0,10,15
8561,414.24,15,20
8562,55.94,18,25
8563,31.31,10,15
8564,406.7,17,25
8565,240.9,2,15
8566,30.52,6,5
8567,308.68,1,10
8568,420.28,20,20
8569,191.82,12,5
8570,359.18,5,25
8571,447.04,13,20
8572,288.09,14,25
8573,278.89,6,10
8574,22.11,7,25
8575,382.0,16,15
8576,421.99,19,20
8577,86.88,11,20
8578,173.95,7,10
8579,60.53,13,15
8580,9.7,17,5
8581,106.67,8,20
8582,413.34,10,15
8583,389.7,20,0
8584,301.24,4,15
8585,126.53,16,15
8586,75.22,20,0
8587,131.09,20,20
8588,24.96,3,15
8589,393.31,9,15
8590,433.3,5,5
8591,390.85,2,20
8592,399.72,4,0
8593,164.42,15,5
8594,51.59,16,10
8595,11.85,8,20
8596,150.0,3,20
8597,318.59,14,15
8598,375.94,16,20
8599,56.97,19,20
8600,330.15,9,20
8601,146.0,5,20
8602,416.45,1,25
8603,208.83,15,25
8604,111.41,13,25
8605,316.66,19,0
8606,377.72,18,10
8607,335.76,4,10
8608,472.72,14,5
8609,256.97,9,20
8610,321.31,7,0
8611,174.16,12,20
8612,463.34,6,5
8613,339.46,5,20
8614,45.68,11,25
8615,463.05,12,5
8616,168.59,3,5
8617,300.82,1,0
8618,287.63,9,25
8619,302.95,16,0
8620,377.56,18,25
8621,379.46,2,10
8622,82.81,5,25
8623,428.24,13,0
8624,58.81,11,25
8625,56.54,11,0
8626,481.23,12,20
8627,202.46,14,15
8628,418.84,4,0
8629,239.66,8,25
8630,286.03,14,20
8631,373.79,16,5
8632,309.61,18,25
8633,296.13,19,25
8634,83.9,8,5
8635,435.35,10,5
8636,462.6,4,25
8637,482.73,3,10
8638,366.13,16,20
8639,188.75,16,0
8640,495.97,16,15
8641,330.61,14,5
8642,102.19,6,15
8643,370.44,12,0
8644,102.17,12,0
8645,215.42,4,15
8646,126.06,5,25
8647,70.91,9,0
8648,98.18,4,10
8649,393.77,2,0
8650,45.69,15,0
8651,142.24,14,5
8652,386.19,14,10
8653,51.68,15,5
8654,49.31,16,10
8655,208.86,18,20
8656,12.06,11,0
8657,45.4,5,5
8658,383.18,14,0
8659,250.91,15,15
8660,434.62,3,20
8661,495.77,14,15
8662,338.09,11,20
8663,252.89,20,15
8664,428.76,14,20
8665,307.12,4,0
8666,35.55,14,5
8667,153.96,4,20
8668,53.51,17,15
8669,115.18,20,25
8670,101.73,1,20
8671,28.05,18,5
8672,252.57,2,0
8673,343.77,10,15
8674,362.13,12,10
8675,129.26,2,0
8676,204.37,5,0
8677,157.08,16,5
8678,381.68,11,25
8679,422.07,15,25
8680,439.89,3,20
8681,451.45,5,15
8682,47.64,1,5
8683,177.12,3,5
8684,407.02,16,15
8685,179.06,3,25
8686,31.19,19,20
8687,231.22,20,15
8688,129.49,16,15
8689,210.86,20,25
8690,140.36,5,25
8691,424.49,4,5
8692,79.39,1,25
8693,309.68,14,0
8694,251.15,17,5
8695,64.64,16,15
8696,471.75,5,20
8697,492.47,7,15
8698,388.48,7,25
8699,250.2,8,25
8700,265.96,4,5
8701,368.43,20,5
8702,208.42,1,5
8703,36.11,15,0
8704,394.09,16,15
8705,150.39,16,5
8706,456.13,15,20
8707,255.16,6,10
8708,149.57,2,10
8709,399.59,16,5
8710,192.15,8,20
8711,109.35,9,25
8712,46.93,3,10
8713,163.03,20,0
8714,55.5,16,10
8715,113.5,3,10
8716,452.19,6,25
8717,281.35,4,0
8718,442.75,13,5
8719,17.39,15,20
8720,108.16,7,25
8721,117.05,12,20
8722,66.6,7,0
8723,133.79,8,10
8724,69.06,2,20
8725,245.56,12,25
8726,398.66,14,20
8727,436.37,7,0
8728,270.26,10,20
8729,485.89,18,25
8730,292.53,17,0
8731,464.37,13,15
8732,374.94,1,15
8733,467.39,13,5
8734,203.72,10,25
8735,210.82,12,5
8736,451.84,12,20
8737,332.53,7,20
8738,248.35,20,15
8739,285.07,7,10
8740,491.96,10,10
8741,217.63,13,10
8742,414.0,18,20
8743,447.35,13,5
8744,286.74,2,15
8745,69.85,1,0
8746,399.98,3,15
8747,30.28,1,5
8748,183.7,15,25
8749,19.27,18,0
8750,400.44,7,0
8751,27.51,13,25
8752,234.88,2,10
8753,290.13,18,0
8754,481.05,9,10
8755,349.17,13,25
8756,212.93,9,0
8757,98.89,3,20
8758,261.02,12,20
8759,252.13,18,25
8760,129.96,10,5
8761,105.74,15,15
8762,347.21,16,25
8763,205.76,11,10
8764,17.48,4,15
8765,377.24,17,0
8766,489.12,7,5
8767,309.67,15,15
8768,125.85,4,15
8769,171.54,1,25
8770,410.84,1,25
8771,476.06,12,10
8772,143.83,1,20
8773,452.61,3,15
8774,87.17,8,0
8775,141.38,8,10
8776,321.03,11,20
8777,46.33,15,15
8778,91.03,9,15
8779,140.18,18,5
8780,476.18,19,10
8781,296.98,10,10
8782,44.12,4,5
8783,425.63,11,15
8784,244.79,13,5
8785,297.0,3,5
8786,345.88,10,5
8787,9.58,17,20
8788,214.26,1,5
8789,191.4,2,25
8790,325.79,10,5
8791,224.59,5,15
8792,328.64,15,20
8793,490.12,14,0
8794,472.05,8,10
8795,364.36,9,10
8796,456.23,1,20
8797,79.14,16,15
8798,350.25,7,25
8799,402.96,15,25
8800,327.43,3,15
8801,110.44,15,15
8802,103.85,15,20
8803,227.31,7,0
8804,261.48,3,15
8805,65.65,20,25
8806,414.28,2,5
8807,226.13,19,5
8808,33.16,4,10
8809,9.91,9,20
8810,121.48,3,20
8811,393.85,11,25
8812,158.32,20,10
8813,21.69,2,25
8814,341.95,14,15
8815,449.24,1,5
8816,75.87,7,0
8817,184.45,11,5
8818,496.86,8,25
8819,24.06,17,15
8820,449.13,12,15
8821,291.02,6,5
8822,197.7,10,5
8823,299.36,16,10
8824,279.95,1,15
8825,102.89,13,0
8826,223.17,19,20
8827,424.45,5,15
8828,311.6,6,15
8829,472.37,19,25
8830,96.93,12,5
8831,355.69,7,0
8832,488.27,10,10
8833,189.77,2,25
8834,376.28,6,10
8835,174.42,12,15
8836,333.71,2,0
8837,59.23,12,20
8838,456.43,7,0
8839,133.07,11,20
8840,327.14,12,25
8841,282.17,1,15
8842,44.45,19,25
8843,438.9,4,0
8844,99.0,7,10
8845,195.75,11,5
8846,336.72,18,20
8847,451.71,19,25
8848,176.26,15,0
8849,79.12,1,0
8850,209.36,5,20
8851,284.45,12,5
8852,154.77,20,5
8853,452.76,12,0
8854,172.27,14,5
8855,468.9,1,0
8856,182.18,20,5
8857,60.65,5,5
8858,452.96,19,25
8859,31.63,14,5
8860,164.42,6,0
8861,252.78,3,25
8862,73.39,1,5
8863,167.8,2,10
8864,308.55,17,15
8865,410.12,18,0
8866,478.25,7,15
8867,486.03,1,5
8868,296.04,19,5
8869,312.36,12,25
8870,437.14,18,25
8871,311.87,11,0
8872,9.92,14,0
8873,182.81,9,0
8874,109.63,20,20
8875,201.44,6,5
8876,418.12,5,15
8877,484.99,16,10
8878,342.64,9,15
8879,353.58,12,15
8880,313.42,5,20
8881,471.56,20,5
8882,31.71,20,5
8883,331.82,9,0
8884,46.07,10,25
8885,289.92,17,20
8886,249.8,10,15
8887,307.12,2,20
8888,418.92,20,5
8889,305.27,5,15
8890,90.05,10,5
8891,170.57,17,0
8892,258.35,1,5
8893,242.54,18,5
8894,383.27,17,25
8895,348.99,20,15
8896,408.93,2,15
8897,15.26,10,25
8898,460.53,9,20
8899,216.81,18,15
8900,77.63,9,25
8901,69.03,16,5
8902,190.7,2,20
8903,367.91,7,15
8904,377.67,6,5
8905,133.87,6,0
8906,278.32,8,10
8907,411.88,8,0
8908,421.24,16,10
8909,7.96,16,0
8910,421.44,12,10
8911,311.64,16,10
8912,196.66,16,25
8913,451.36,20,0
8914,188.42,13,25
8915,77.9,10,20
8916,472.39,10,10
8917,420.46,11,20
8918,123.93,3,0
8919,486.7,9,15
8920,269.54,20,10
8921,168.12,19,20
8922,174.71,20,0
8923,132.78,15,25
8924,179.26,7,25
8925,31.06,17,15
8926,169.01,2,5
8927,234.13,14,10
8928,476.52,12,20
8929,105.51,13,15
8930,202.61,4,25
8931,57.38,13,15
8932,440.36,1,20
8933,237.61,3,25
8934,157.25,6,20
8935,249.47,4,10
8936,335.48,11,5
8937,404.31,20,0
8938,373.02,3,15
8939,239.51,1,25
8940,168.52,8,0
8941,445.18,8,25
8942,386.81,1,5
8943,60.64,20,15
8944,321.69,6,20
8945,179.4,7,25
8946,46.63,7,20
8947,183.79,11,20
8948,40.79,12,0
8949,383.35,2,15
8950,38.96,11,0
8951,211.88,15,0
8952,240.42,1,10
8953,70.9,12,20
8954,171.52,17,15
8955,114.3,2,25
8956,147.88,16,25
8957,149.16,11,20
8958,44.51,15,25
8959,287.07,2,10
8960,358.98,14,0
8961,168.32,5,25
8962,442.35,17,20
8963,209.0,7,10
8964,411.85,1,20
8965,474.5,8,25
8966,369.28,2,0
8967,174.82,9,5
8968,159.12,10,15
8969,273.23,9,25
8970,21.42,12,25
8971,227.75,14,5
8972,340.79,10,15
8973,38.21,1,15
8974,448.55,18,15
8975,309.69,4,15
8976,176.39,9,15
8977,297.46,3,5
8978,153.45,10,0
8979,250.9,19,15
8980,480.61,20,25
8981,343.23,16,5
8982,277.8,15,15
8983,327.22,2,5
8984,437.13,20,20
8985,421.58,5,5
8986,409.77,1,10
8987,431.77,1,20
8988,121.66,18,10
8989,7.98,10,0
8990,258.47,18,0
8991,378.92,8,15
8992,91.08,18,10
8993,459.1,5,20
8994,195.79,17,15
8995,288.05,5,0
8996,242.04,7,25
8997,151.27,20,0
8998,456.49,3,5
8999,204.34,15,20
9000,185.69,19,25
9001,312.85,12,0
9002,285.53,2,25
9003,120.75,15,10
9004,362.6,3,0
9005,481.74,19,10
9006,380.65,15,0
9007,47.5,13,0
9008,275.47,3,20
9009,139.06,13,0
9010,210.1,9,0
9011,230.89,12,15
9012,247.44,1,10
9013,418.56,6,10
9014,156.89,17,5
9015,451.08,12,25
9016,110.93,20,25
9017,367.65,16,20
9018,145.13,11,0
9019,79.88,2,25
9020,335.63,15,10
9021,120.73,12,5
9022,417.95,3,25
9023,284.94,12,25
9024,464.11,4,5
9025,159.21,13,25
9026,345.71,7,15
9027,225.26,18,5
9028,84.61,4,25
9029,223.58,16,20
9030,147.87,9,0
9031,283.52,18,10
9032,271.36,16,20
9033,410.7,4,5
9034,75.95,4,25
9035,97.42,19,10
9036,440.35,7,25
9037,352.91,3,10
9038,213.14,13,20
9039,493.64,18,10
9040,140.45,2,10
9041,49.63,13,5
9042,496.2,3,15
9043,329.46,4,0
9044,90.65,16,10
9045,320.2,9,20
9046,175.48,5,15
9047,359.33,10,0
9048,464.11,11,5
9049,8.5,8,15
9050,190.31,2,15
9051,396.63,5,0
9052,262.82,19,25
9053,178.04,10,0
9054,397.52,4,5
9055,321.59,15,25
9056,323.07,1,25
9057,157.53,13,15
9058,321.88,4,25
9059,464.4,8,5
9060,413.51,2,5
9061,41.15,18,5
9062,404.41,6,15
9063,322.1,13,0
9064,16.72,14,15
9065,472.68,3,20
9066,202.14,7,5
9067,313.33,10,20
9068,443.84,15,5
9069,282.53,9,20
9070,474.79,19,5
9071,168.01,3,0
9072,172.62,17,20
9073,17.31,20,10
9074,349.97,18,0
9075,84.48,17,20
9076,313.88,18,20
9077,12.78,3,25
9078,454.13,18,25
9079,317.04,14,15
9080,73.56,12,5
9081,401.24,8,10
9082,137.62,3,25
9083,277.63,15,20
9084,127.25,3,20
9085,361.77,14,15
9086,276.46,12,25
9087,429.47,10,5
9088,262.32,12,5
9089,256.96,2,5
9090,427.85,10,5
9091,378.99,9,10
9092,433.08,14,20
9093,273.97,14,10
9094,210.17,8,20
9095,234.58,20,20
9096,103.24,13,10
9097,366.1,15,5
9098,71.83,12,25
9099,33.66,3,15
9100,19.43,4,0
9101,223.51,3,0
9102,434.44,3,20
9103,381.17,7,10
9104,469.46,17,20
9105,127.45,14,0
9106,412.39,15,15
9107,339.94,3,0
9108,238.89,12,15
9109,351.25,8,0
9110,467.17,6,0
9111,149.09,5,0
9112,46.22,11,25
9113,322.06,6,20
9114,184.37,5,10
9115,92.12,8,15
9116,76.8,12,5
9117,163.33,17,5
9118,7.09,20,15
9119,142.63,18,20
9120,297.54,7,0
9121,192.36,4,20
9122,151.91,20,0
9123,8.69,2,20
9124,491.82,11,25
9125,464.1,9,10
9126,231.98,8,0
9127,459.33,8,25
9128,181.11,8,10
9129,470.88,11,25
9130,293.91,9,15
9131,462.44,14,25
9132,134.98,13,5
9133,298.22,20,10
9134,70.46,3,5
9135,264.71,18,10
9136,158.91,17,15
9137,67.31,14,5
9138,248.84,18,5
9139,94.06,9,25
9140,489.32,10,0
9141,279.43,6,0
9142,285.41,5,5
9143,349.08,15,5
9144,303.56,10,10
9145,457.5,19,15
9146,216.5,16,25
9147,343.37,16,10
9148,155.1,11,15
9149,335.83,9,5
9150,391.05,7,25
9151,70.76,16,5
9152,240.3,6,25
9153,265.16,20,15
9154,186.47,20,25
9155,42.48,13,20
9156,112.53,13,20
9157,116.48,1,0
9158,345.99,20,25
9159,440.54,16,25
9160,112.19,1,20
9161,426.59,20,10
9162,358.34,13,5
9163,415.26,2,20
9164,473.24,5,20
9165,221.88,8,15
9166,325.33,7,5
9167,167.66,8,5
9168,24.6,8,5
9169,166.77,3,25
9170,455.62,12,15
9171,295.1,7,10
9172,397.54,4,5
9173,110.17,19,20
9174,126.64,20,10
9175,36.29,18,25
9176,231.57,2,20
9177,144.28,15,10
9178,281.65,11,15
9179,487.62,4,20
9180,162.77,3,15
9181,407.21,12,20
9182,391.87,18,5
9183,51.45,20,20
9184,112.9,17,10
9185,84.39,1,15
9186,204.01,9,20
9187,280.81,4,15
9188,36.24,16,20
9189,14.09,9,15
9190,329.5,8,15
9191,92.36,10,0
9192,15.8,15,20
9193,93.83,1,15
9194,7.95,19,25
9195,403.32,11,20
9196,382.08,6,5
9197,454.55,4,0
9198,207.68,4,5
9199,55.76,10,15
9200,310.89,18,10
9201,276.1,19,5
9202,308.76,18,10
9203,289.68,19,20
9204,34.61,7,25
9205,456.25,10,0
9206,489.16,20,20
9207,151.04,3,0
9208,54.6,15,0
9209,372.09,5,20
9210,407.11,10,25
9211,226.4,17,20
9212,450.56,11,20
9213,68.72,16,0
9214,148.21,4,15
9215,475.06,19,25
9216,463.51,17,25
9217,10.76,1,20
9218,267.58,11,15
9219,37.57,1,10
9220,57.36,18,15
9221,365.71,11,15
9222,17.76,8,5
9223,20.47,8,5
9224,406.58,16,10
9225,378.7,3,10
9226,24.65,13,5
9227,94.87,13,5
9228,97.5,8,20
9229,219.32,20,25
9230,432.41,10,0
9231,284.38,3,25
9232,17.18,16,0
9233,16.14,8,15
9234,408.93,8,25
9235,455.84,3,0
9236,269.14,11,20
9237,466.71,3,15
9238,360.35,1,10
9239,297.74,18,10
9240,416.62,2,10
9241,431.23,20,5
9242,340.6,4,25
9243,499.37,1,15
9244,352.04,15,15
9245,459.57,11,25
9246,245.87,15,15
9247,60.0,19,5
9248,284.19,18,0
9249,404.76,11,0
9250,379.94,17,20
9251,66.13,18,20
9252,397.68,9,5
9253,498.17,18,0
9254,114.98,7,25
9255,82.39,4,15
9256,101.28,14,5
9257,314.43,10,15
9258,119.91,9,15
9259,374.65,6,25
9260,132.29,19,15
9261,470.14,5,15
9262,493.07,2,10
9263,209.19,7,5
9264,304.03,10,5
9265,314.82,17,0
9266,435.05,15,15
9267,266.26,2,25
9268,223.65,4,5
9269,469.61,6,25
9270,80.03,10,10
9271,492.28,19,20
9272,377.37,20,25
9273,369.75,18,25
9274,190.78,1,20
9275,68.12,8,20
9276,388.41,11,25
9277,404.32,6,25
9278,110.86,13,25
9279,142.55,3,15
9280,317.93,12,20
9281,74.98,11,20
9282,13.96,14,5
9283,143.03,10,0
9284,327.83,9,20
9285,123.48,9,15
9286,307.73,13,25
9287,411.63,20,25
9288,289.8,14,20
9289,62.84,2,20
9290,441.94,19,10
9291,31.96,16,15
9292,218.57,3,25
9293,396.31,15,20
9294,189.31,17,10
9295,363.52,7,5
9296,484.22,2,0
9297,395.33,18,0
9298,44.62,6,5
9299,394.5,7,5
9300,381.7,18,20
9301,383.75,5,15
9302,417.03,1,15
9303,475.27,16,20
9304,268.11,20,20
9305,91.18,18,0
9306,493.77,15,10
9307,234.2,4,20
9308,130.82,14,0
9309,264.52,7,25
9310,234.24,8,10
9311,142.22,12,15
9312,306.86,17,20
9313,151.65,2,20
9314,315.98,12,10
9315,364.78,10,0
9316,284.47,3,10
9317,427.43,6,25
9318,95.07,5,20
9319,372.9,9,5
9320,147.69,4,15
9321,222.12,8,0
9322,424.51,17,15
9323,400.25,7,0
9324,117.63,1,0
9325,363.16,18,20
9326,455.67,6,5
9327,441.93,20,0
9328,116.62,12,15
9329,114.47,20,25
9330,241.57,5,20
9331,53.23,18,15
9332,223.78,12,15
9333,454.99,15,15
9334,115.11,15,10
9335,402.93,2,25
9336,18.49,17,25
9337,49.38,10,20
9338,24.3,7,0
9339,25.32,1,15
9340,21.22,12,20
9341,307.79,4,15
9342,144.75,9,15
9343,269.79,15,15
9344,472.71,14,10
9345,17.32,12,5
9346,390.36,3,10
9347,83.9,17,15
9348,355.82,9,5
9349,238.76,13,10
9350,255.42,3,20
9351,139.71,12,10
9352,425.15,1,5
9353,372.91,18,5
9354,225.67,17,5
9355,224.08,19,20
9356,448.76,4,10
9357,130.39,16,15
9358,381.82,15,25
9359,374.96,10,25
9360,332.23,10,25
9361,229.82,19,10
9362,132.72,7,10
9363,95.58,6,5
9364,33.18,8,10
9365,59.58,9,10
9366,147.39,4,0
9367,235.85,10,25
9368,106.77,13,10
9369,73.37,12,25
9370,18.88,11,25
9371,21.23,8,5
9372,432.88,14,10
9373,182.39,18,5
9374,461.03,5,25
9375,274.73,7,5
9376,494.53,15,5
9377,303.73,1,25
9378,370.3,7,0
9379,361.38,7,10
9380,100.2,11,0
9381,17.4,6,25
9382,316.04,17,5
9383,441.14,18,0
9384,340.91,18,5
9385,459.26,17,15
9386,466.75,6,5
9387,372.59,15,25
9388,66.52,6,15
9389,248.18,11,5
9390,331.39,11,25
9391,362.53,2,10
9392,343.16,6,0
9393,278.3,5,5
9394,411.16,18,10
9395,446.63,12,20
9396,186.96,13,5
9397,473.95,12,25
9398,269.78,9,25
9399,245.63,2,5
9400,30.34,15,0
9401,94.88,2,5
9402,389.43,11,0
9403,129.08,4,10
9404,488.15,12,5
9405,476.47,16,5
9406,382.94,4,25
9407,384.58,19,20
9408,6.42,6,5
9409,394.45,8,5
9410,135.84,8,0
9411,422.22,17,20
9412,343.1,2,25
9413,116.96,1,15
9414,205.32,7,5
9415,176.24,4,0
9416,311.84,5,25
9417,263.82,18,15
9418,215.32,8,25
9419,371.63,13,20
9420,347.02,10,25
9421,217.82,9,5
9422,42.31,5,20
9423,263.12,3,15
9424,15.42,12,10
9425,151.18,15,0
9426,396.65,18,5
9427,68.97,17,10
9428,244.74,13,25
9429,436.77,9,5
9430,14.76,8,0
9431,235.15,16,20
9432,65.75,3,15
9433,327.57,18,10
9434,75.59,9,5
9435,499.65,1,25
9436,7.13,20,0
9437,21.84,9,5
9438,433.39,20,10
9439,234.78,6,5
9440,83.47,17,5
9441,192.75,11,20
9442,234.48,9,0
9443,14.14,2,20
9444,198.55,2,15
9445,220.27,5,0
9446,126.85,7,10
9447,357.5,13,10
9448,297.22,5,15
9449,161.42,9,10
9450,343.82,2,20
9451,124.92,8,0
9452,37.4,5,20
9453,124.16,3,20
9454,426.04,20,0
9455,40.16,9,20
9456,368.57,3,10
9457,35.17,4,25
9458,439.72,5,20
9459,291.44,12,10
9460,396.29,9,0
9461,410.37,10,10
9462,156.0,2,20
9463,331.39,10,5
9464,243.99,11,10
9465,129.43,4,25
9466,468.03,11,15
9467,161.69,19,20
9468,21.23,10,20
9469,429.37,11,10
9470,460.52,13,25
9471,228.74,13,20
9472,85.19,5,5
9473,219.37,17,25
9474,470.98,3,25
9475,215.91,15,5
9476,55.64,9,15
9477,173.22,4,15
9478,35.81,8,25
9479,493.22,16,20
9480,128.67,9,15
9481,222.17,1,0
9482,268.43,7,25
9483,372.17,14,5
9484,404.01,11,20
9485,379.13,6,10
9486,215.48,16,5
9487,47.18,15,20
9488,485.48,2,15
9489,416.61,18,5
9490,424.99,6,5
9491,164.38,4,20
9492,393.99,4,25
9493,231.94,17,0
9494,227.38,13,15
9495,194.31,13,10
9496,133.17,7,0
9497,87.51,9,25
9498,320.88,3,5
9499,222.36,7,0
9500,193.83,15,15
9501,260.8,17,15
9502,336.05,17,10
9503,266.5,11,10
9504,483.07,13,5
9505,48.92,10,20
9506,94.74,1,10
9507,253.67,13,0
9508,447.53,1,5
9509,86.56,11,5
9510,428.42,18,20
9511,253.49,7,15
9512,397.3,8,5
9513,184.06,20,5
9514,127.2,1,25
9515,142.76,6,15
9516,462.51,18,5
9517,435.84,11,10
9518,336.46,10,25
9519,217.65,16,10
9520,132.62,14,25
9521,407.99,6,20
9522,44.32,2,15
9523,219.4,18,0
9524,431.86,5,0
9525,284.22,19,10
9526,495.62,5,0
9527,413.18,18,20
9528,337.13,12,5
9529,338.77,1,25
9530,449.55,5,15
9531,117.58,17,5
9532,303.62,7,15
9533,328.59,16,0
9534,243.27,3,15
9535,101.84,8,20
9536,315.03,15,20
9537,20.64,11,25
9538,11.08,12,10
9539,22.25,6,15
9540,61.56,5,25
9541,84.2,7,20
9542,475.63,14,15
9543,22.73,9,15
9544,412.16,14,15
9545,237.14,12,15
9546,298.4,3,0
9547,106.02,14,15
9548,134.84,19,25
9549,46.03,3,0
9550,387.5,5,5
9551,459.14,7,20
9552,493.58,15,10
9553,127.87,4,0
9554,401.68,1,10
9555,96.27,6,25
9556,452.93,11,20
9557,259.51,13,0
9558,30.27,11,0
9559,193.35,9,0
9560,67.73,12,0
9561,232.57,14,5
9562,149.95,13,0
9563,77.6,15,20
9564,313.43,16,5
9565,306.31,18,25
9566,379.54,5,5
9567,417.21,13,20
9568,276.49,7,25
9569,167.17,19,20
9570,396.35,1,10
9571,246.32,9,20
9572,472.85,14,20
9573,174.3,18,5
9574,336.83,16,25
9575,165.26,9,5
9576,307.36,3,0
9577,172.11,13,10
9578,470.76,20,5
9579,348.79,13,25
9580,449.5,8,25
9581,258.53,20,0
9582,372.35,1,0
9583,487.26,13,0
9584,428.84,12,15
9585,241.37,6,25
9586,245.51,20,10
9587,414.76,2,5
9588,97.12,3,25
9589,60.93,10,25
9590,498.33,8,10
9591,56.58,6,20
9592,97.69,3,25
9593,475.34,1,0
9594,25.05,9,15
9595,450.73,1,25
9596,401.33,12,20
9597,183.15,20,15
9598,343.4,7,15
9599,408.64,7,5
9600,431.86,18,25
9601,458.83,3,25
9602,9.1,8,5
9603,200.17,13,15
9604,100.02,1,10
9605,468.93,20,25
9606,497.42,2,5
9607,195.8,11,15
9608,196.08,12,0
9609,158.3,7,0
9610,128.24,17,10
9611,300.24,8,20
9612,401.82,15,15
9613,72.0,16,25
9614,298.97,14,0
9615,294.65,7,5
9616,467.35,15,0
9617,182.73,2,10
9618,238.13,4,0
9619,150.64,16,0
9620,410.58,18,25
9621,227.42,19,5
9622,115.33,4,0
9623,87.89,11,0
9624,316.56,11,0
9625,263.53,18,20
9626,493.62,6,15
9627,49.17,6,5
9628,100.13,14,5
9629,206.7,10,15
9630,309.43,2,20
9631,223.32,16,10
9632,446.19,14,0
9633,449.34,5,5
9634,94.35,13,20
9635,423.19,16,15
9636,151.66,13,15
9637,498.97,18,20
9638,292.18,7,10
9639,116.51,14,0
9640,81.24,12,20
9641,313.59,3,10
9642,95.84,9,10
9643,78.74,2,0
9644,370.74,11,10
9645,153.92,19,15
9646,45.45,10,20
9647,145.03,15,25
9648,129.27,11,0
9649,359.53,13,15
9650,472.65,9,15
9651,471.71,3,15
9652,170.86,6,15
9653,95.74,2,0
9654,482.3,7,5
9655,366.6,16,25
9656,479.2,5,10
9657,330.36,17,20
9658,402.77,4,25
9659,199.31,15,15
9660,246.93,8,20
9661,170.25,12,15
9662,133.8,11,0
9663,372.39,15,25
9664,319.23,7,15
9665,46.88,5,10
9666,416.48,8,0
9667,312.34,17,5
9668,86.73,17,10
9669,199.07,11,15
9670,27.3,11,0
9671,6.33,12,25
9672,234.87,20,25
9673,33.62,16,25
9674,334.53,4,20
9675,436.54,10,5
9676,211.38,11,25
9677,393.35,16,0
9678,356.78,17,20
9679,352.77,10,15
9680,159.05,1,10
9681,435.84,11,0
9682,15.15,15,25
9683,97.76,5,5
9684,21.68,12,0
9685,407.38,18,15
9686,215.57,14,10
9687,101.52,5,15
9688,430.51,4,5
9689,435.7,9,0
9690,259.48,15,20
9691,133.75,12,15
9692,278.03,6,15
9693,211.01,4,25
9694,168.6,13,15
9695,313.28,15,10
9696,456.26,16,0
9697,71.7,20,25
9698,79.01,13,25
9699,47.97,3,25
9700,112.54,6,20
9701,382.38,13,5
9702,274.18,8,15
9703,451.28,19,10
9704,117.91,19,10
9705,115.54,14,10
9706,56.66,14,0
9707,356.3,8,10
9708,214.18,16,25
9709,107.41,8,25
9710,399.72,20,5
9711,342.43,6,5
9712,423.19,15,10
9713,171.78,5,10
9714,141.3,13,5
9715,299.33,6,15
9716,83.2,11,15
9717,14.03,4,25
9718,111.38,20,5
9719,282.79,4,10
9720,409.14,19,20
9721,143.2,5,20
9722,280.58,16,5
9723,46.45,18,20
9724,419.08,2,5
9725,351.11,10,15
9726,397.65,7,10
9727,20.23,20,15
9728,8.4,19,15
9729,221.83,13,5
9730,30.62,15,10
9731,191.66,20,15
9732,403.12,2,5
9733,426.27,11,10
9734,165.32,6,10
9735,220.91,6,15
9736,395.41,17,25
9737,31.02,4,0
9738,378.45,10,10
9739,247.31,10,0
9740,121.88,13,20
9741,315.54,14,20
9742,415.01,3,5
9743,228.79,15,15
9744,251.29,6,20
9745,83.63,2,15
9746,397.97,14,10
9747,204.13,6,5
9748,5.12,17,25
9749,95.67,6,25
9750,440.37,18,10
9751,58.18,1,25
9752,300.3,20,25
9753,452.21,2,15
9754,458.65,18,10
9755,62.87,12,0
9756,339.25,4,15
9757,351.61,8,0
9758,261.18,10,25
9759,373.62,15,20
9760,424.89,10,15
9761,224.38,15,10
9762,200.53,20,5
9763,149.33,8,10
9764,411.07,7,25
9765,22.75,8,10
9766,450.51,17,10
9767,385.27,20,5
9768,340.03,15,10
9769,94.65,17,20
9770,434.62,15,25
9771,39.66,19,15
9772,269.93,6,10
9773,69.6,1,15
9774,91.97,15,20
9775,87.15,5,10
9776,389.32,7,20
9777,371.46,18,0
9778,358.9,8,5
9779,9.9,19,15
9780,450.41,4,25
9781,125.9,10,0
9782,426.94,18,10
9783,425.27,4,15
9784,308.68,4,20
9785,315.69,3,15
9786,351.74,10,15
9787,404.75,14,5
9788,157.26,12,15
9789,485.99,13,10
9790,14.5,19,5
9791,436.75,13,5
9792,9.82,9,15
9793,188.65,4,25
9794,448.19,5,15
9795,56.52,13,5
9796,40.55,4,5
9797,468.3,6,10
9798,238.61,9,15
9799,156.8,13,10
9800,274.75,2,15
9801,370.36,7,5
9802,161.58,6,25
9803,359.49,6,5
9804,391.23,5,20
9805,290.7,4,25
9806,160.44,16,20
9807,98.84,7,0
9808,362.68,20,10
9809,329.83,3,25
9810,251.61,6,0
9811,309.88,15,10
9812,433.9,19,10
9813,116.4,14,0
9814,468.43,14,5
9815,431.03,7,25
9816,449.41,1,25
9817,199.23,8,5
9818,98.53,1,5
9819,171.51,4,15
9820,352.26,1,0
9821,470.28,17,5
9822,93.39,6,25
9823,331.68,17,15
9824,373.1,19,10
9825,229.69,12,0
9826,361.08,7,0
9827,471.12,1,15
9828,126.04,8,0
9829,398.75,13,15
9830,435.14,15,15
9831,253.02,12,25
9832,293.19,4,25
9833,119.26,10,15
9834,113.81,16,20
9835,140.22,16,25
9836,361.29,17,0
9837,52.18,1,10
9838,167.81,17,25
9839,43.22,2,5
9840,30.79,1,15
9841,85.34,11,15
9842,133.84,5,5
9843,479.78,20,5
9844,248.59,15,20
9845,432.15,16,0
9846,339.84,10,15
9847,20.76,2,0
9848,312.0,6,5
9849,334.18,8,25
9850,434.42,14,10
9851,114.41,1,20
9852,137.96,12,20
9853,314.96,1,20
9854,480.57,7,15
9855,376.01,9,5
9856,173.36,15,10
9857,314.6,2,15
9858,477.15,7,0
9859,318.91,2,0
9860,78.96,11,5
9861,220.64,5,0
9862,446.69,5,25
9863,179.88,18,10
9864,278.62,11,0
9865,380.3,3,15
9866,274.7,12,25
9867,237.92,2,20
9868,368.93,17,25
9869,176.49,3,10
9870,255.98,9,25
9871,214.43,20,25
9872,64.05,2,5
9873,107.71,13,15
9874,100.27,9,5
9875,397.03,3,0
9876,284.67,7,20
9877,15.02,18,10
9878,206.05,1,10
9879,92.28,12,20
9880,332.94,18,10
9881,340.49,13,10
9882,239.44,9,15
9883,238.79,17,25
9884,171.61,14,25
9885,207.14,15,10
9886,204.02,1,20
9887,199.9,5,0
9888,491.13,18,15
9889,221.55,3,0
9890,280.64,14,20
9891,53.69,18,25
9892,147.78,2,25
9893,206.14,6,10
9894,9.89,13,15
9895,410.84,17,5
9896,303.88,7,0
9897,402.98,11,20
9898,9.39,9,20
9899,61.32,8,10
9900,420.67,11,25
9901,336.62,3,5
9902,177.1,13,15
9903,344.05,7,25
9904,363.98,20,0
9905,464.79,13,20
9906,428.51,3,10
9907,362.39,11,20
9908,243.41,1,25
9909,280.57,11,0
9910,221.86,1,15
9911,77.74,7,15
9912,167.5,6,10
9913,38.82,14,15
9914,351.66,7,0
9915,9.01,13,25
9916,451.62,4,20
9917,85.78,1,10
9918,304.52,11,10
9919,438.31,2,25
9920,475.7,8,25
9921,147.19,20,20
9922,123.23,8,20
9923,415.68,7,15
9924,308.72,4,20
9925,238.2,15,10
9926,234.89,5,10
9927,256.19,6,15
9928,446.45,8,15
9929,400.45,4,20
9930,349.31,5,5
9931,481.03,10,10
9932,384.12,5,20
9933,491.15,11,20
9934,216.35,14,15
9935,426.94,18,15
9936,386.38,5,15
9937,404.72,1,20
9938,155.42,19,10
9939,225.99,1,0
9940,264.73,1,5
9941,47.94,6,15
9942,104.03,13,25
9943,40.68,15,25
9944,79.55,17,20
9945,332.01,2,20
9946,310.48,7,10
9947,332.93,12,25
9948,171.46,10,5
9949,378.0,14,25
9950,167.74,13,10
9951,299.8,14,15
9952,222.16,18,20
9953,177.86,10,0
9954,228.75,15,0
9955,154.45,18,10
9956,498.62,14,5
9957,259.95,11,20
9958,382.77,16,5
9959,476.56,2,20
9960,76.08,7,15
9961,490.19,10,25
9962,457.88,20,0
9963,339.74,10,5
9964,243.73,18,0
9965,438.57,15,0
9966,297.38,20,5
9967,130.27,15,25
9968,424.0,6,25
9969,362.18,4,25
9970,195.31,7,25
9971,122.45,4,10
9972,438.15,1,20
9973,218.22,7,0
9974,44.02,14,5
9975,71.78,6,20
9976,345.14,7,20
9977,49.76,8,20
9978,38.64,2,10
9979,151.21,17,5
9980,394.28,18,25
9981,249.0,2,20
9982,470.68,19,15
9983,42.76,20,15
9984,271.23,16,0
9985,370.1,6,20
9986,97.33,2,5
9987,286.69,9,0
9988,171.12,3,15
9989,484.27,2,0
9990,55.25,2,5
9991,37.17,11,0
9992,418.77,10,0
9993,175.56,9,15
9994,135.55,6,10
9995,479.16,15,0
9996,251.07,10,10
9997,76.26,5,5
9998,126.54,8,10
9999,395.15,12,20
10000,88.58,3,15
10001,491.03,2,20
10002,295.08,1,0
10003,301.71,20,5
10004,129.62,20,5
10005,156.43,9,0
10006,386.12,15,20
10007,400.53,18,5
10008,69.53,9,20
10009,336.72,11,15
10010,219.18,4,0
10011,324.69,4,10
10012,209.16,17,5
10013,384.29,19,5
10014,479.51,10,25
10015,79.58,4,25
10016,285.15,10,5
10017,204.24,5,25
10018,354.49,11,25
10019,130.94,19,5
10020,34.68,15,0
10021,24.96,13,10
10022,128.07,9,20
10023,439.24,14,10
10024,112.39,15,0
10025,41.33,1,20
10026,72.4,2,10
10027,194.36,5,15
10028,24.62,18,15
10029,187.95,16,20
10030,118.36,15,20
10031,202.43,20,10
10032,112.14,7,0
10033,254.95,10,20
10034,154.19,3,25
10035,12.29,5,0
10036,295.55,3,10
10037,328.4,3,15
10038,224.32,19,10
10039,318.97,10,5
10040,6.08,6,15
10041,400.3,8,15
10042,325.13,12,10
10043,488.42,5,20
10044,477.45,15,0
10045,343.36,7,5
10046,483.51,19,25
10047,256.25,6,15
10048,368.03,18,20
10049,320.62,19,20
10050,43.04,15,10
10051,347.03,6,25
10052,31.82,16,10
10053,46.57,20,20
10054,95.79,16,10
10055,394.41,20,15
10056,66.09,7,0
10057,469.31,8,15
10058,463.66,11,5
10059,265.3,17,5
10060,160.59,4,25
10061,355.76,6,15
10062,456.77,2,0
10063,236.49,13,20
10064,215.69,15,15
10065,350.31,3,25
10066,316.01,11,0
10067,259.35,6,15
10068,22.9,5,20
10069,447.3,7,10
10070,394.48,15,0
10071,188.13,19,0
10072,61.69,18,10
10073,403.64,16,20
10074,322.2,18,20
10075,323.0,8,10
10076,242.26,11,25
10077,479.11,4,25
10078,407.67,4,25
10079,160.16,19,10
10080,444.85,9,0
10081,314.36,18,25
10082,62.61,5,20
10083,494.96,15,0
10084,127.27,13,10
10085,148.8,20,0
10086,102.97,11,15
10087,53.05,14,15
10088,251.76,14,20
10089,334.3,15,10
10090,315.16,10,25
10091,297.02,18,15
10092,191.37,9,20
10093,94.11,9,5
10094,298.37,13,10
10095,467.11,9,10
10096,353.95,8,15
10097,386.84,7,25
10098,291.86,18,10
10099,150.09,13,25
10100,250.34,18,10
